#pragma once
#include <cstddef>
#include <cstdint>
namespace lemming::fonts {
inline constexpr std::uint8_t kMozillaText[] = {
    0x00, 0x01, 0x00, 0x00, 0x00, 0x14, 0x01, 0x00, 0x00, 0x04, 0x00, 0x40, 0x47, 0x44, 0x45, 0x46,
    0x87, 0x89, 0xB1, 0xFA, 0x00, 0x00, 0x81, 0x44, 0x00, 0x00, 0x00, 0xFB, 0x47, 0x50, 0x4F, 0x53,
    0xC7, 0xA0, 0x06, 0x79, 0x00, 0x00, 0x82, 0x40, 0x00, 0x00, 0x91, 0xA4, 0x47, 0x53, 0x55, 0x42,
    0xAF, 0x69, 0x6F, 0xFF, 0x00, 0x01, 0x13, 0xE4, 0x00, 0x00, 0x06, 0xBE, 0x48, 0x56, 0x41, 0x52,
    0x6E, 0x3E, 0x6C, 0x49, 0x00, 0x01, 0x1A, 0xA4, 0x00, 0x00, 0x00, 0xF0, 0x4F, 0x53, 0x2F, 0x32,
    0x7F, 0xF4, 0x5F, 0x0F, 0x00, 0x00, 0x01, 0xC8, 0x00, 0x00, 0x00, 0x60, 0x53, 0x54, 0x41, 0x54,
    0x86, 0x6C, 0x6F, 0xC9, 0x00, 0x01, 0x1B, 0x94, 0x00, 0x00, 0x00, 0x74, 0x61, 0x76, 0x61, 0x72,
    0x70, 0x09, 0x80, 0x01, 0x00, 0x01, 0x1C, 0x08, 0x00, 0x00, 0x00, 0x26, 0x63, 0x6D, 0x61, 0x70,
    0x6E, 0x47, 0x9C, 0x3F, 0x00, 0x00, 0x08, 0xBC, 0x00, 0x00, 0x14, 0x6E, 0x66, 0x76, 0x61, 0x72,
    0x86, 0xDE, 0x75, 0xDF, 0x00, 0x01, 0x1C, 0x30, 0x00, 0x00, 0x00, 0x60, 0x67, 0x61, 0x73, 0x70,
    0x00, 0x00, 0x00, 0x10, 0x00, 0x00, 0x81, 0x3C, 0x00, 0x00, 0x00, 0x08, 0x67, 0x6C, 0x79, 0x66,
    0xE9, 0x00, 0x7A, 0x71, 0x00, 0x00, 0x20, 0x80, 0x00, 0x00, 0x4F, 0x66, 0x67, 0x76, 0x61, 0x72,
    0xDA, 0xBF, 0x46, 0x6C, 0x00, 0x01, 0x1C, 0x90, 0x00, 0x00, 0x34, 0x6C, 0x68, 0x65, 0x61, 0x64,
    0x39, 0x74, 0x84, 0x29, 0x00, 0x00, 0x01, 0x4C, 0x00, 0x00, 0x00, 0x36, 0x68, 0x68, 0x65, 0x61,
    0x15, 0x42, 0x16, 0x07, 0x00, 0x00, 0x01, 0x84, 0x00, 0x00, 0x00, 0x24, 0x68, 0x6D, 0x74, 0x78,
    0x84, 0x99, 0x65, 0x18, 0x00, 0x00, 0x02, 0x28, 0x00, 0x00, 0x06, 0x94, 0x6C, 0x6F, 0x63, 0x61,
    0x23, 0xDB, 0x38, 0x45, 0x00, 0x00, 0x1D, 0x34, 0x00, 0x00, 0x03, 0x4C, 0x6D, 0x61, 0x78, 0x70,
    0x01, 0xC6, 0x01, 0x00, 0x00, 0x00, 0x01, 0xA8, 0x00, 0x00, 0x00, 0x20, 0x6E, 0x61, 0x6D, 0x65,
    0xFE, 0x26, 0xF7, 0xD3, 0x00, 0x00, 0x6F, 0xE8, 0x00, 0x00, 0x07, 0x88, 0x70, 0x6F, 0x73, 0x74,
    0xD9, 0x7C, 0xE1, 0xC9, 0x00, 0x00, 0x77, 0x70, 0x00, 0x00, 0x09, 0xCA, 0x70, 0x72, 0x65, 0x70,
    0x68, 0x06, 0x8C, 0x85, 0x00, 0x00, 0x1D, 0x2C, 0x00, 0x00, 0x00, 0x07, 0x00, 0x01, 0x00, 0x00,
    0x00, 0x01, 0x00, 0x00, 0x83, 0x3E, 0xD1, 0x98, 0x5F, 0x0F, 0x3C, 0xF5, 0x00, 0x03, 0x03, 0xE8,
    0x00, 0x00, 0x00, 0x00, 0xE4, 0x5E, 0x63, 0xF0, 0x00, 0x00, 0x00, 0x00, 0xE4, 0x70, 0xDB, 0xE5,
    0xFF, 0x06, 0xFF, 0x1B, 0x12, 0x88, 0x04, 0x56, 0x00, 0x00, 0x00, 0x06, 0x00, 0x02, 0x00, 0x00,
    0x00, 0x00, 0x00, 0x00, 0x00, 0x01, 0x00, 0x00, 0x03, 0xB1, 0xFF, 0x01, 0x00, 0x00, 0x12, 0xEA,
    0xFF, 0x06, 0xFE, 0x8F, 0x12, 0x88, 0x03, 0xE8, 0x00, 0x00, 0x00, 0x00, 0x00, 0x00, 0x00, 0x00,
    0x00, 0x00, 0x00, 0x00, 0x00, 0x00, 0x01, 0xA5, 0x00, 0x01, 0x00, 0x00, 0x01, 0xA5, 0x00, 0x73,
    0x00, 0x0F, 0x00, 0x8B, 0x00, 0x0D, 0x00, 0x01, 0x00, 0x00, 0x00, 0x00, 0x00, 0x00, 0x00, 0x00,
    0x00, 0x00, 0x00, 0x00, 0x00, 0x04, 0x00, 0x01, 0x00, 0x04, 0x02, 0x52, 0x00, 0xC8, 0x00, 0x05,
    0x00, 0x00, 0x02, 0x8A, 0x02, 0x58, 0x00, 0x00, 0x00, 0x4B, 0x02, 0x8A, 0x02, 0x58, 0x00, 0x00,
    0x01, 0x5E, 0x00, 0x32, 0x01, 0x35, 0x00, 0x00, 0x00, 0x00, 0x00, 0x00, 0x00, 0x00, 0x00, 0x00,
    0x00, 0x00, 0xA0, 0x00, 0x00, 0xEF, 0x42, 0x00, 0x20, 0x5B, 0x00, 0x00, 0x00, 0x00, 0x00, 0x00,
    0x00, 0x00, 0x4E, 0x4F, 0x4E, 0x45, 0x00, 0xC0, 0x00, 0x0D, 0xFF, 0xFF, 0x03, 0xB1, 0xFF, 0x01,
    0x00, 0x00, 0x05, 0x3B, 0x00, 0xE5, 0x20, 0x00, 0x00, 0x93, 0x00, 0x00, 0x00, 0x00, 0x02, 0x16,
    0x02, 0xB2, 0x00, 0x00, 0x00, 0x20, 0x00, 0x12, 0x02, 0xB4, 0x00, 0x70, 0x02, 0x9A, 0x00, 0x1F,
    0x02, 0x9A, 0x00, 0x1F, 0x02, 0x9A, 0x00, 0x1F, 0x02, 0x9A, 0x00, 0x1F, 0x02, 0x9A, 0x00, 0x1F,
    0x02, 0x9A, 0x00, 0x1F, 0x02, 0x9A, 0x00, 0x1F, 0x02, 0x9A, 0x00, 0x1F, 0x02, 0x9A, 0x00, 0x1F,
    0x02, 0x9A, 0x00, 0x1F, 0x03, 0xBC, 0x00, 0x08, 0x02, 0x8A, 0x00, 0x6A, 0x02, 0xBA, 0x00, 0x3F,
    0x02, 0xBA, 0x00, 0x3F, 0x02, 0xBA, 0x00, 0x3F, 0x02, 0xBA, 0x00, 0x3F, 0x02, 0xBA, 0x00, 0x3F,
    0x02, 0xC4, 0x00, 0x69, 0x02, 0xC4, 0x00, 0x69, 0x02, 0xE5, 0x00, 0x27, 0x02, 0xE5, 0x00, 0x27,
    0x02, 0x61, 0x00, 0x6A, 0x02, 0x61, 0x00, 0x6A, 0x02, 0x61, 0x00, 0x6A, 0x02, 0x61, 0x00, 0x6A,
    0x02, 0x61, 0x00, 0x6A, 0x02, 0x61, 0x00, 0x6A, 0x02, 0x61, 0x00, 0x6A, 0x02, 0x61, 0x00, 0x6A,
    0x02, 0x61, 0x00, 0x6A, 0x02, 0x50, 0x00, 0x6A, 0x02, 0xD3, 0x00, 0x3E, 0x02, 0xD3, 0x00, 0x3E,
    0x02, 0xD3, 0x00, 0x3E, 0x02, 0xD3, 0x00, 0x3E, 0x02, 0xBA, 0x00, 0x69, 0x02, 0xF6, 0x00, 0x27,
    0x01, 0x74, 0x00, 0x2F, 0x02, 0xB2, 0x00, 0x5C, 0x02, 0xB2, 0x00, 0x4B, 0x01, 0x74, 0x00, 0x2F,
    0x01, 0x74, 0x00, 0x23, 0x01, 0x74, 0x00, 0x2F, 0x01, 0x74, 0x00, 0x2F, 0x01, 0x74, 0x00, 0x2F,
    0x01, 0x74, 0x00, 0x2D, 0x01, 0x74, 0x00, 0x2F, 0x02, 0x66, 0x00, 0x2C, 0x02, 0x66, 0x00, 0x2C,
    0x02, 0x7F, 0x00, 0x6D, 0x02, 0x7F, 0x00, 0x6D, 0x02, 0x45, 0x00, 0x69, 0x02, 0x45, 0x00, 0x69,
    0x02, 0x45, 0x00, 0x69, 0x02, 0x45, 0x00, 0x69, 0x02, 0x45, 0x00, 0x69, 0x02, 0x63, 0x00, 0x28,
    0x03, 0x9A, 0x00, 0x69, 0x02, 0xC0, 0x00, 0x69, 0x02, 0xC0, 0x00, 0x69, 0x02, 0xC0, 0x00, 0x69,
    0x02, 0xC0, 0x00, 0x69, 0x02, 0xC0, 0x00, 0x69, 0x02, 0xC0, 0x00, 0x69, 0x02, 0xD2, 0x00, 0x3E,
    0x02, 0xD2, 0x00, 0x3E, 0x02, 0xD2, 0x00, 0x3E, 0x02, 0xD2, 0x00, 0x3E, 0x02, 0xD2, 0x00, 0x3E,
    0x02, 0xD2, 0x00, 0x3E, 0x02, 0xD2, 0x00, 0x3E, 0x02, 0xD9, 0x00, 0x31, 0x02, 0xD2, 0x00, 0x3E,
    0x03, 0xFD, 0x00, 0x40, 0x02, 0x76, 0x00, 0x6A, 0x02, 0x80, 0x00, 0x6B, 0x02, 0xD2, 0x00, 0x3E,
    0x02, 0x89, 0x00, 0x6C, 0x02, 0x89, 0x00, 0x6C, 0x02, 0x89, 0x00, 0x6C, 0x02, 0x89, 0x00, 0x6C,
    0x02, 0x87, 0x00, 0x41, 0x02, 0x87, 0x00, 0x41, 0x02, 0x87, 0x00, 0x41, 0x02, 0x87, 0x00, 0x41,
    0x02, 0x87, 0x00, 0x41, 0x02, 0x9D, 0x00, 0x6C, 0x02, 0x4F, 0x00, 0x27, 0x02, 0x4F, 0x00, 0x27,
    0x02, 0x4F, 0x00, 0x27, 0x02, 0xC0, 0x00, 0x5E, 0x02, 0xC0, 0x00, 0x5E, 0x02, 0xC0, 0x00, 0x5E,
    0x02, 0xC0, 0x00, 0x5E, 0x02, 0xC0, 0x00, 0x5E, 0x02, 0xC0, 0x00, 0x5E, 0x02, 0xC0, 0x00, 0x5E,
    0x02, 0xC0, 0x00, 0x5E, 0x02, 0xC0, 0x00, 0x5E, 0x02, 0xC0, 0x00, 0x5E, 0x02, 0x96, 0x00, 0x1F,
    0x03, 0xC7, 0x00, 0x24, 0x03, 0xC7, 0x00, 0x24, 0x03, 0xC7, 0x00, 0x24, 0x03, 0xC7, 0x00, 0x24,
    0x03, 0xC7, 0x00, 0x24, 0x02, 0x6E, 0x00, 0x22, 0x02, 0x83, 0x00, 0x1C, 0x02, 0x83, 0x00, 0x1C,
    0x02, 0x83, 0x00, 0x1C, 0x02, 0x83, 0x00, 0x1C, 0x02, 0x83, 0x00, 0x1C, 0x02, 0x51, 0x00, 0x30,
    0x02, 0x51, 0x00, 0x30, 0x02, 0x51, 0x00, 0x30, 0x02, 0x51, 0x00, 0x30, 0x02, 0x39, 0x00, 0x39,
    0x02, 0x39, 0x00, 0x39, 0x02, 0x39, 0x00, 0x39, 0x02, 0x39, 0x00, 0x39, 0x02, 0x39, 0x00, 0x39,
    0x02, 0x39, 0x00, 0x39, 0x02, 0x39, 0x00, 0x39, 0x02, 0x39, 0x00, 0x39, 0x02, 0x39, 0x00, 0x39,
    0x02, 0x39, 0x00, 0x39, 0x03, 0xA7, 0x00, 0x3A, 0x02, 0x6D, 0x00, 0x5E, 0x02, 0x48, 0x00, 0x3A,
    0x02, 0x48, 0x00, 0x3A, 0x02, 0x48, 0x00, 0x3A, 0x02, 0x48, 0x00, 0x3A, 0x02, 0x48, 0x00, 0x3A,
    0x02, 0x6D, 0x00, 0x39, 0x02, 0x6D, 0x00, 0x39, 0x02, 0x6D, 0x00, 0x39, 0x02, 0x57, 0x00, 0x39,
    0x02, 0x4F, 0x00, 0x3A, 0x02, 0x4F, 0x00, 0x3A, 0x02, 0x4F, 0x00, 0x3A, 0x02, 0x4F, 0x00, 0x3A,
    0x02, 0x4F, 0x00, 0x3A, 0x02, 0x4F, 0x00, 0x3A, 0x02, 0x4F, 0x00, 0x3A, 0x02, 0x4F, 0x00, 0x3A,
    0x02, 0x4F, 0x00, 0x3A, 0x01, 0xB4, 0x00, 0x1B, 0x02, 0x69, 0x00, 0x39, 0x02, 0x69, 0x00, 0x39,
    0x02, 0x69, 0x00, 0x39, 0x02, 0x69, 0x00, 0x39, 0x02, 0x56, 0x00, 0x5E, 0x02, 0x56, 0x00, 0x0B,
    0x01, 0x23, 0x00, 0x23, 0x01, 0x23, 0x00, 0x23, 0x01, 0x23, 0x00, 0x23, 0x01, 0x23, 0x00, 0x0D,
    0x01, 0x23, 0x00, 0x23, 0x01, 0x23, 0x00, 0x23, 0x01, 0x23, 0x00, 0x23, 0x01, 0x23, 0x00, 0x23,
    0x01, 0x23, 0x00, 0x23, 0x02, 0x46, 0x00, 0x23, 0x02, 0x46, 0x00, 0x23, 0x01, 0x23, 0xFF, 0xF9,
    0x01, 0x23, 0xFF, 0xF9, 0x01, 0x23, 0xFF, 0xF9, 0x02, 0x3F, 0x00, 0x5F, 0x02, 0x3F, 0x00, 0x5F,
    0x01, 0x47, 0x00, 0x5D, 0x01, 0x47, 0x00, 0x5D, 0x01, 0x47, 0x00, 0x5D, 0x01, 0x47, 0x00, 0x5D,
    0x01, 0xA9, 0x00, 0x5D, 0x01, 0x84, 0x00, 0x22, 0x03, 0x7F, 0x00, 0x5E, 0x02, 0x56, 0x00, 0x5E,
    0x02, 0x56, 0x00, 0x5E, 0x02, 0x56, 0x00, 0x5E, 0x02, 0x56, 0x00, 0x5E, 0x02, 0x56, 0x00, 0x5E,
    0x02, 0x57, 0x00, 0x5E, 0x02, 0x5E, 0x00, 0x39, 0x02, 0x5E, 0x00, 0x39, 0x02, 0x5E, 0x00, 0x39,
    0x02, 0x5E, 0x00, 0x39, 0x02, 0x5E, 0x00, 0x39, 0x02, 0x5E, 0x00, 0x39, 0x02, 0x5E, 0x00, 0x39,
    0x02, 0x62, 0x00, 0x2E, 0x02, 0x5E, 0x00, 0x39, 0x03, 0xEA, 0x00, 0x3A, 0x02, 0x6D, 0x00, 0x5E,
    0x02, 0x6D, 0x00, 0x5E, 0x02, 0x6B, 0x00, 0x3A, 0x01, 0xD1, 0x00, 0x5E, 0x01, 0xD1, 0x00, 0x5E,
    0x01, 0xD1, 0x00, 0x5E, 0x01, 0xD1, 0x00, 0x52, 0x02, 0x28, 0x00, 0x3A, 0x02, 0x28, 0x00, 0x3A,
    0x02, 0x28, 0x00, 0x3A, 0x02, 0x28, 0x00, 0x3A, 0x02, 0x28, 0x00, 0x3A, 0x02, 0x65, 0x00, 0x5E,
    0x01, 0xB1, 0x00, 0x19, 0x01, 0xB1, 0x00, 0x19, 0x01, 0xB1, 0x00, 0x19, 0x02, 0x56, 0x00, 0x56,
    0x02, 0x56, 0x00, 0x56, 0x02, 0x56, 0x00, 0x56, 0x02, 0x56, 0x00, 0x56, 0x02, 0x56, 0x00, 0x56,
    0x02, 0x56, 0x00, 0x56, 0x02, 0x56, 0x00, 0x56, 0x02, 0x56, 0x00, 0x56, 0x02, 0x56, 0x00, 0x56,
    0x02, 0x56, 0x00, 0x56, 0x02, 0x31, 0x00, 0x1C, 0x03, 0x5D, 0x00, 0x20, 0x03, 0x5D, 0x00, 0x20,
    0x03, 0x5D, 0x00, 0x20, 0x03, 0x5D, 0x00, 0x20, 0x03, 0x5D, 0x00, 0x20, 0x02, 0x21, 0x00, 0x18,
    0x02, 0x32, 0x00, 0x1D, 0x02, 0x32, 0x00, 0x1D, 0x02, 0x32, 0x00, 0x1D, 0x02, 0x32, 0x00, 0x1D,
    0x02, 0x32, 0x00, 0x1D, 0x02, 0x02, 0x00, 0x31, 0x02, 0x02, 0x00, 0x31, 0x02, 0x02, 0x00, 0x31,
    0x02, 0x02, 0x00, 0x31, 0x02, 0x67, 0x00, 0x3A, 0x02, 0x67, 0x00, 0x3A, 0x02, 0x67, 0x00, 0x3A,
    0x02, 0x67, 0x00, 0x3A, 0x02, 0x67, 0x00, 0x3A, 0x02, 0x67, 0x00, 0x3A, 0x02, 0x67, 0x00, 0x3A,
    0x02, 0x67, 0x00, 0x3A, 0x02, 0x67, 0x00, 0x3A, 0x02, 0x67, 0x00, 0x3A, 0x02, 0xD7, 0x00, 0x1B,
    0x02, 0xFC, 0x00, 0x1B, 0x01, 0xCF, 0x00, 0x45, 0x01, 0xE2, 0x00, 0x3E, 0x02, 0xAA, 0x00, 0x1C,
    0x02, 0xAF, 0x00, 0x42, 0x01, 0xE2, 0x00, 0x33, 0x02, 0x77, 0x00, 0x45, 0x02, 0x7C, 0x00, 0x3F,
    0x02, 0x81, 0x00, 0x33, 0x02, 0x85, 0x00, 0x54, 0x02, 0x86, 0x00, 0x45, 0x02, 0x2A, 0x00, 0x20,
    0x02, 0x8F, 0x00, 0x44, 0x02, 0x86, 0x00, 0x3E, 0x02, 0xAF, 0x00, 0x42, 0x00, 0x37, 0xFF, 0x06,
    0x02, 0xF2, 0x00, 0x2F, 0x02, 0xF6, 0x00, 0x2F, 0x03, 0x5E, 0x00, 0x35, 0x02, 0xE2, 0x00, 0x2F,
    0x03, 0x4E, 0x00, 0x36, 0x01, 0x29, 0x00, 0x3B, 0x01, 0x91, 0x00, 0x35, 0x01, 0x95, 0x00, 0x36,
    0x01, 0x82, 0x00, 0x2C, 0x01, 0x29, 0x00, 0x3B, 0x01, 0x91, 0x00, 0x35, 0x01, 0x95, 0x00, 0x36,
    0x01, 0x82, 0x00, 0x2C, 0x00, 0xF5, 0x00, 0x00, 0x00, 0xF5, 0x00, 0x00, 0x00, 0xCE, 0x00, 0x00,
    0x00, 0x00, 0x00, 0x00, 0x00, 0xFA, 0x00, 0x54, 0x00, 0xFA, 0x00, 0x50, 0x01, 0x04, 0x00, 0x59,
    0x01, 0x04, 0x00, 0x55, 0x02, 0xAA, 0x00, 0x54, 0x01, 0x0E, 0x00, 0x5D, 0x01, 0x0E, 0x00, 0x5D,
    0x02, 0x34, 0x00, 0x2D, 0x02, 0x34, 0x00, 0x32, 0x01, 0x04, 0x00, 0x59, 0x01, 0x85, 0x00, 0x59,
    0x01, 0xE8, 0x00, 0x46, 0x02, 0xC9, 0x00, 0x37, 0x01, 0x99, 0x00, 0x12, 0x01, 0x97, 0x00, 0x11,
    0x01, 0x0E, 0x00, 0x5D, 0x02, 0x34, 0x00, 0x32, 0x00, 0x85, 0x00, 0x1C, 0x00, 0x00, 0xFF, 0x46,
    0x01, 0x87, 0x00, 0x3D, 0x02, 0x57, 0x00, 0x3D, 0x03, 0x3B, 0x00, 0x3D, 0x02, 0x1C, 0x00, 0x2F,
    0x01, 0x4A, 0x00, 0x3E, 0x01, 0x4A, 0x00, 0x15, 0x01, 0x92, 0x00, 0x1E, 0x01, 0x92, 0x00, 0x27,
    0x01, 0x64, 0x00, 0x65, 0x01, 0x64, 0x00, 0x27, 0x00, 0xF7, 0x00, 0x50, 0x01, 0x9D, 0x00, 0x5B,
    0x01, 0x9A, 0x00, 0x5A, 0x01, 0x95, 0x00, 0x5C, 0x00, 0xF5, 0x00, 0x4E, 0x00, 0xEE, 0x00, 0x50,
    0x02, 0x30, 0x00, 0x33, 0x02, 0x30, 0x00, 0x3B, 0x01, 0x5A, 0x00, 0x33, 0x01, 0x5A, 0x00, 0x3B,
    0x01, 0x80, 0x00, 0x59, 0x00, 0xDA, 0x00, 0x4D, 0x01, 0xDB, 0x00, 0x31, 0x02, 0x58, 0x00, 0x0A,
    0x02, 0x58, 0x00, 0x0A, 0x03, 0x94, 0x00, 0x59, 0x03, 0xA3, 0x00, 0x3C, 0x02, 0xC2, 0x00, 0x42,
    0x02, 0x24, 0x00, 0x24, 0x02, 0x5A, 0x00, 0x42, 0x03, 0x86, 0x00, 0x34, 0x02, 0x5F, 0x00, 0x38,
    0x03, 0xB0, 0x00, 0x24, 0x01, 0x9D, 0x00, 0x28, 0x01, 0x13, 0x00, 0x6B, 0x01, 0x13, 0x00, 0x6B,
    0x01, 0xB7, 0x00, 0x21, 0x02, 0x61, 0x00, 0x27, 0x01, 0xE9, 0x00, 0x3B, 0x03, 0x78, 0x00, 0x34,
    0x02, 0x56, 0x00, 0x41, 0x02, 0x55, 0x00, 0x4C, 0x02, 0x82, 0x00, 0x3E, 0x02, 0xE5, 0x00, 0x38,
    0x02, 0x7A, 0x00, 0x38, 0x02, 0x83, 0x00, 0x1C, 0x02, 0x0B, 0x00, 0xDC, 0x02, 0x0B, 0x00, 0x36,
    0x02, 0x0B, 0x00, 0x29, 0x02, 0x0B, 0x00, 0x29, 0x02, 0x0B, 0x00, 0x42, 0x02, 0x0B, 0x00, 0x29,
    0x02, 0x0B, 0x00, 0x29, 0x02, 0x0B, 0x00, 0x29, 0x02, 0x0B, 0x00, 0x2D, 0x02, 0x0B, 0x00, 0x25,
    0x02, 0x0B, 0x00, 0x2C, 0x02, 0x0B, 0x00, 0x25, 0x02, 0x0B, 0x00, 0x29, 0x02, 0x0B, 0x00, 0x2A,
    0x02, 0x0B, 0x00, 0x29, 0x02, 0x0B, 0x00, 0x26, 0x02, 0x0B, 0x00, 0x3B, 0x02, 0xB0, 0x00, 0x45,
    0x01, 0x55, 0x00, 0x1F, 0x02, 0xDA, 0x00, 0x43, 0x02, 0x8C, 0x00, 0x28, 0x02, 0xFB, 0x00, 0x20,
    0x02, 0x55, 0x00, 0x34, 0x02, 0x2D, 0x00, 0x2D, 0x02, 0x66, 0x00, 0x62, 0x02, 0x59, 0x00, 0x3A,
    0x03, 0x4E, 0x00, 0x30, 0x04, 0xF0, 0x00, 0x30, 0x02, 0xB6, 0x00, 0x34, 0x00, 0x00, 0x00, 0x3C,
    0x00, 0x00, 0x00, 0xA1, 0x00, 0x00, 0x00, 0x61, 0x00, 0x00, 0x00, 0x98, 0x00, 0x00, 0x00, 0x4E,
    0x00, 0x00, 0x00, 0x44, 0x00, 0x00, 0x00, 0x32, 0x00, 0x00, 0x00, 0x32, 0x00, 0x00, 0x00, 0x39,
    0x00, 0x00, 0x00, 0x63, 0x00, 0x00, 0x00, 0x3D, 0x00, 0x00, 0x00, 0x00, 0x00, 0x00, 0xFF, 0xD9,
    0x00, 0x00, 0x00, 0x13, 0x00, 0x00, 0x00, 0x7D, 0x00, 0x00, 0x00, 0x2A, 0x00, 0x00, 0x00, 0x3C,
    0x00, 0x00, 0x00, 0xA1, 0x00, 0x00, 0x00, 0x61, 0x00, 0x00, 0x00, 0x98, 0x00, 0x00, 0x00, 0x4E,
    0x00, 0x00, 0x00, 0x58, 0x00, 0x00, 0x00, 0x32, 0x00, 0x00, 0x00, 0x32, 0x00, 0x00, 0x00, 0x39,
    0x00, 0x00, 0x00, 0x63, 0x00, 0x00, 0x00, 0x3D, 0x00, 0x00, 0x00, 0x3C, 0x00, 0x00, 0x00, 0x53,
    0x00, 0x00, 0x00, 0x16, 0x00, 0x00, 0x00, 0x53, 0x01, 0x90, 0x00, 0x3C, 0x01, 0x90, 0x00, 0xA1,
    0x01, 0x90, 0x00, 0x61, 0x01, 0x90, 0x00, 0x98, 0x01, 0x90, 0x00, 0x57, 0x01, 0x90, 0x00, 0x32,
    0x01, 0x90, 0x00, 0x4E, 0x01, 0x90, 0x00, 0x32, 0x01, 0x90, 0x00, 0x39, 0x01, 0x90, 0x00, 0x63,
    0x01, 0x90, 0x00, 0x3D, 0x01, 0x90, 0x00, 0x4E, 0x01, 0x90, 0x00, 0x7D, 0x01, 0x90, 0x00, 0x2A,
    0x12, 0xEA, 0x00, 0x3C, 0x04, 0x7E, 0x00, 0x68, 0x0D, 0x92, 0x00, 0x3C, 0x00, 0x00, 0x00, 0x04,
    0x00, 0x00, 0x00, 0x03, 0x00, 0x00, 0x00, 0x24, 0x00, 0x00, 0x00, 0x04, 0x00, 0x00, 0x04, 0xC2,
    0x00, 0x03, 0x00, 0x01, 0x00, 0x00, 0x00, 0x24, 0x00, 0x03, 0x00, 0x0A, 0x00, 0x00, 0x04, 0xC2,
    0x00, 0x04, 0x04, 0x9E, 0x00, 0x00, 0x00, 0x80, 0x00, 0x80, 0x00, 0x06, 0x00, 0x00, 0x00, 0x0D,
    0x00, 0x2F, 0x00, 0x39, 0x00, 0x7E, 0x00, 0xAC, 0x01, 0x07, 0x01, 0x13, 0x01, 0x1B, 0x01, 0x23,
    0x01, 0x27, 0x01, 0x2B, 0x01, 0x33, 0x01, 0x37, 0x01, 0x48, 0x01, 0x4D, 0x01, 0x5B, 0x01, 0x61,
    0x01, 0x65, 0x01, 0x7E, 0x01, 0x92, 0x02, 0x1B, 0x02, 0x37, 0x02, 0xC7, 0x02, 0xC9, 0x02, 0xDD,
    0x03, 0x04, 0x03, 0x08, 0x03, 0x0C, 0x03, 0x12, 0x03, 0x28, 0x03, 0xC0, 0x1E, 0x85, 0x1E, 0x9E,
    0x1E, 0xF3, 0x20, 0x14, 0x20, 0x1A, 0x20, 0x1E, 0x20, 0x22, 0x20, 0x26, 0x20, 0x30, 0x20, 0x3A,
    0x20, 0x44, 0x20, 0x74, 0x20, 0x84, 0x20, 0xAC, 0x21, 0x13, 0x21, 0x22, 0x21, 0x26, 0x21, 0x2E,
    0x21, 0x54, 0x22, 0x02, 0x22, 0x06, 0x22, 0x0F, 0x22, 0x12, 0x22, 0x15, 0x22, 0x1A, 0x22, 0x1E,
    0x22, 0x2B, 0x22, 0x48, 0x22, 0x60, 0x22, 0x65, 0x25, 0xCA, 0xFB, 0x02, 0xFF, 0xFF, 0x00, 0x00,
    0x00, 0x0D, 0x00, 0x20, 0x00, 0x30, 0x00, 0x3A, 0x00, 0xA0, 0x00, 0xAE, 0x01, 0x0A, 0x01, 0x16,
    0x01, 0x1E, 0x01, 0x26, 0x01, 0x2A, 0x01, 0x2E, 0x01, 0x36, 0x01, 0x39, 0x01, 0x4A, 0x01, 0x50,
    0x01, 0x5E, 0x01, 0x64, 0x01, 0x6A, 0x01, 0x92, 0x02, 0x18, 0x02, 0x37, 0x02, 0xC6, 0x02, 0xC9,
    0x02, 0xD8, 0x03, 0x00, 0x03, 0x06, 0x03, 0x0A, 0x03, 0x12, 0x03, 0x26, 0x03, 0xC0, 0x1E, 0x80,
    0x1E, 0x9E, 0x1E, 0xF2, 0x20, 0x13, 0x20, 0x18, 0x20, 0x1C, 0x20, 0x20, 0x20, 0x26, 0x20, 0x30,
    0x20, 0x39, 0x20, 0x44, 0x20, 0x74, 0x20, 0x81, 0x20, 0xAC, 0x21, 0x13, 0x21, 0x22, 0x21, 0x26,
    0x21, 0x2E, 0x21, 0x53, 0x22, 0x02, 0x22, 0x06, 0x22, 0x0F, 0x22, 0x11, 0x22, 0x15, 0x22, 0x19,
    0x22, 0x1E, 0x22, 0x2B, 0x22, 0x48, 0x22, 0x60, 0x22, 0x64, 0x25, 0xCA, 0xFB, 0x01, 0xFF, 0xFF,
    0x01, 0x08, 0x00, 0x00, 0x00, 0xCA, 0x00, 0x00, 0x00, 0x00, 0x00, 0x00, 0x00, 0x00, 0x00, 0x00,
    0x00, 0x00, 0x00, 0x00, 0x00, 0x00, 0x00, 0x00, 0x00, 0x00, 0x00, 0x00, 0x00, 0x00, 0x00, 0x00,
    0x00, 0x00, 0x00, 0x00, 0x00, 0x00, 0xFF, 0xAE, 0x00, 0x00, 0xFE, 0x6F, 0x00, 0x00, 0xFE, 0xD1,
    0x00, 0x00, 0x00, 0x00, 0x00, 0x00, 0x00, 0x00, 0xFE, 0x6F, 0xFE, 0x5C, 0xFD, 0x39, 0x00, 0x00,
    0xE1, 0xB9, 0x00, 0x00, 0xE1, 0x18, 0x00, 0x00, 0x00, 0x00, 0x00, 0x00, 0xE0, 0xF5, 0xE1, 0x43,
    0xE1, 0x03, 0xE0, 0xC1, 0xE0, 0x9E, 0xE0, 0x8A, 0xE0, 0xA9, 0xE0, 0x3C, 0xE0, 0x28, 0xE0, 0x45,
    0xE0, 0x23, 0xDF, 0xB4, 0xDF, 0x6F, 0xDF, 0x66, 0xDF, 0x5E, 0x00, 0x00, 0xDF, 0x44, 0x00, 0x00,
    0xDF, 0x4B, 0xDF, 0x3F, 0xDF, 0x1D, 0xDE, 0xFF, 0x00, 0x00, 0xDB, 0xAA, 0x05, 0xF4, 0x00, 0x01,
    0x00, 0x00, 0x00, 0x7E, 0x00, 0x00, 0x00, 0x9A, 0x01, 0x22, 0x01, 0x3A, 0x01, 0xEC, 0x01, 0xFE,
    0x02, 0x08, 0x02, 0x12, 0x02, 0x14, 0x02, 0x16, 0x02, 0x20, 0x02, 0x22, 0x02, 0x40, 0x02, 0x46,
    0x02, 0x5C, 0x02, 0x62, 0x02, 0x64, 0x00, 0x00, 0x02, 0x8A, 0x00, 0x00, 0x02, 0x8E, 0x00, 0x00,
    0x02, 0x8E, 0x02, 0x98, 0x02, 0xA0, 0x02, 0xA4, 0x00, 0x00, 0x00, 0x00, 0x00, 0x00, 0x02, 0xA2,
    0x00, 0x00, 0x02, 0xAA, 0x00, 0x00, 0x02, 0xAA, 0x02, 0xAE, 0x02, 0xB2, 0x00, 0x00, 0x00, 0x00,
    0x00, 0x00, 0x00, 0x00, 0x00, 0x00, 0x00, 0x00, 0x00, 0x00, 0x00, 0x00, 0x00, 0x00, 0x00, 0x00,
    0x00, 0x00, 0x00, 0x00, 0x00, 0x00, 0x00, 0x00, 0x00, 0x00, 0x02, 0x98, 0x00, 0x00, 0x02, 0x98,
    0x00, 0x00, 0x00, 0x00, 0x00, 0x00, 0x00, 0x00, 0x02, 0x92, 0x00, 0x00, 0x00, 0x00, 0x00, 0x00,
    0x01, 0x13, 0x01, 0x1C, 0x01, 0x3E, 0x01, 0x23, 0x01, 0x54, 0x01, 0x72, 0x01, 0x45, 0x01, 0x3F,
    0x01, 0x2E, 0x01, 0x2F, 0x01, 0x22, 0x01, 0x5A, 0x01, 0x18, 0x01, 0x2A, 0x01, 0x17, 0x01, 0x24,
    0x01, 0x19, 0x01, 0x1A, 0x01, 0x61, 0x01, 0x5E, 0x01, 0x60, 0x01, 0x1E, 0x01, 0x44, 0x00, 0x01,
    0x00, 0x0C, 0x00, 0x0D, 0x00, 0x12, 0x00, 0x16, 0x00, 0x1F, 0x00, 0x20, 0x00, 0x24, 0x00, 0x26,
    0x00, 0x30, 0x00, 0x32, 0x00, 0x34, 0x00, 0x3A, 0x00, 0x3B, 0x00, 0x41, 0x00, 0x4B, 0x00, 0x4D,
    0x00, 0x4E, 0x00, 0x52, 0x00, 0x58, 0x00, 0x5B, 0x00, 0x65, 0x00, 0x66, 0x00, 0x6B, 0x00, 0x6C,
    0x00, 0x71, 0x01, 0x32, 0x01, 0x25, 0x01, 0x33, 0x01, 0x68, 0x01, 0x2D, 0x01, 0x96, 0x00, 0x75,
    0x00, 0x80, 0x00, 0x81, 0x00, 0x86, 0x00, 0x8A, 0x00, 0x93, 0x00, 0x94, 0x00, 0x98, 0x00, 0x9A,
    0x00, 0xA5, 0x00, 0xA8, 0x00, 0xAA, 0x00, 0xB0, 0x00, 0xB1, 0x00, 0xB7, 0x00, 0xC1, 0x00, 0xC3,
    0x00, 0xC4, 0x00, 0xC8, 0x00, 0xCE, 0x00, 0xD1, 0x00, 0xDB, 0x00, 0xDC, 0x00, 0xE1, 0x00, 0xE2,
    0x00, 0xE7, 0x01, 0x30, 0x01, 0x4C, 0x01, 0x31, 0x01, 0x66, 0x01, 0x14, 0x01, 0x1D, 0x01, 0x52,
    0x01, 0x56, 0x01, 0x53, 0x01, 0x57, 0x01, 0x4D, 0x01, 0x47, 0x01, 0x94, 0x01, 0x48, 0x00, 0xF7,
    0x01, 0x3A, 0x01, 0x67, 0x01, 0x49, 0x01, 0x9F, 0x01, 0x4B, 0x01, 0x64, 0x01, 0x10, 0x01, 0x11,
    0x01, 0x97, 0x01, 0x70, 0x01, 0x46, 0x01, 0x20, 0x01, 0xA0, 0x01, 0x0F, 0x00, 0xF8, 0x01, 0x3B,
    0x01, 0x09, 0x01, 0x06, 0x01, 0x0A, 0x01, 0x1F, 0x00, 0x06, 0x00, 0x02, 0x00, 0x04, 0x00, 0x0A,
    0x00, 0x05, 0x00, 0x09, 0x00, 0x0B, 0x00, 0x10, 0x00, 0x1C, 0x00, 0x17, 0x00, 0x19, 0x00, 0x1A,
    0x00, 0x2D, 0x00, 0x29, 0x00, 0x2A, 0x00, 0x2B, 0x00, 0x15, 0x00, 0x3F, 0x00, 0x45, 0x00, 0x42,
    0x00, 0x43, 0x00, 0x49, 0x00, 0x44, 0x01, 0x5C, 0x00, 0x48, 0x00, 0x60, 0x00, 0x5C, 0x00, 0x5E,
    0x00, 0x5F, 0x00, 0x6D, 0x00, 0x4C, 0x00, 0xCD, 0x00, 0x7A, 0x00, 0x76, 0x00, 0x78, 0x00, 0x7E,
    0x00, 0x79, 0x00, 0x7D, 0x00, 0x7F, 0x00, 0x84, 0x00, 0x90, 0x00, 0x8B, 0x00, 0x8D, 0x00, 0x8E,
    0x00, 0xA0, 0x00, 0x9C, 0x00, 0x9D, 0x00, 0x9E, 0x00, 0x89, 0x00, 0xB5, 0x00, 0xBB, 0x00, 0xB8,
    0x00, 0xB9, 0x00, 0xBF, 0x00, 0xBA, 0x01, 0x5D, 0x00, 0xBE, 0x00, 0xD6, 0x00, 0xD2, 0x00, 0xD4,
    0x00, 0xD5, 0x00, 0xE3, 0x00, 0xC2, 0x00, 0xE5, 0x00, 0x07, 0x00, 0x7B, 0x00, 0x03, 0x00, 0x77,
    0x00, 0x08, 0x00, 0x7C, 0x00, 0x0E, 0x00, 0x82, 0x00, 0x11, 0x00, 0x85, 0x00, 0x0F, 0x00, 0x83,
    0x00, 0x13, 0x00, 0x87, 0x00, 0x14, 0x00, 0x88, 0x00, 0x1D, 0x00, 0x91, 0x00, 0x1B, 0x00, 0x8F,
    0x00, 0x1E, 0x00, 0x92, 0x00, 0x18, 0x00, 0x8C, 0x00, 0x21, 0x00, 0x95, 0x00, 0x23, 0x00, 0x97,
    0x00, 0x22, 0x00, 0x96, 0x00, 0x25, 0x00, 0x99, 0x00, 0x2E, 0x00, 0xA1, 0x00, 0x2F, 0x00, 0xA2,
    0x00, 0x2C, 0x00, 0x9B, 0x00, 0x27, 0x00, 0xA3, 0x00, 0x33, 0x00, 0xA9, 0x00, 0x35, 0x00, 0xAB,
    0x00, 0x37, 0x00, 0xAD, 0x00, 0x36, 0x00, 0xAC, 0x00, 0x38, 0x00, 0xAE, 0x00, 0x39, 0x00, 0xAF,
    0x00, 0x3C, 0x00, 0xB2, 0x00, 0x3E, 0x00, 0xB4, 0x00, 0x3D, 0x00, 0xB3, 0x00, 0x40, 0x00, 0xB6,
    0x00, 0x47, 0x00, 0xBD, 0x00, 0x46, 0x00, 0xBC, 0x00, 0x4A, 0x00, 0xC0, 0x00, 0x4F, 0x00, 0xC5,
    0x00, 0x51, 0x00, 0xC7, 0x00, 0x50, 0x00, 0xC6, 0x00, 0x53, 0x00, 0xC9, 0x00, 0x55, 0x00, 0xCB,
    0x00, 0x54, 0x00, 0xCA, 0x00, 0x59, 0x00, 0xCF, 0x00, 0x62, 0x00, 0xD8, 0x00, 0x5D, 0x00, 0xD3,
    0x00, 0x64, 0x00, 0xDA, 0x00, 0x61, 0x00, 0xD7, 0x00, 0x63, 0x00, 0xD9, 0x00, 0x68, 0x00, 0xDE,
    0x00, 0x6E, 0x00, 0xE4, 0x00, 0x6F, 0x00, 0x72, 0x00, 0xE8, 0x00, 0x74, 0x00, 0xEA, 0x00, 0x73,
    0x00, 0xE9, 0x00, 0x56, 0x00, 0xCC, 0x00, 0x5A, 0x00, 0xD0, 0x01, 0x99, 0x01, 0x9B, 0x01, 0x9C,
    0x01, 0x95, 0x01, 0x9D, 0x01, 0xA1, 0x01, 0x9E, 0x01, 0x98, 0x01, 0x77, 0x01, 0x78, 0x01, 0x7B,
    0x01, 0x7F, 0x01, 0x80, 0x01, 0x7D, 0x01, 0x76, 0x01, 0x75, 0x01, 0x7E, 0x01, 0x79, 0x01, 0x7C,
    0x00, 0x6A, 0x00, 0xE0, 0x00, 0x67, 0x00, 0xDD, 0x00, 0x69, 0x00, 0xDF, 0x00, 0x70, 0x00, 0xE6,
    0x01, 0x38, 0x01, 0x39, 0x01, 0x34, 0x01, 0x36, 0x01, 0x37, 0x01, 0x35, 0x01, 0x4E, 0x01, 0x50,
    0x01, 0x21, 0x01, 0x6E, 0x01, 0x5B, 0x01, 0x58, 0x01, 0x6F, 0x01, 0x63, 0x01, 0x62, 0x00, 0x0C,
    0x00, 0x00, 0x00, 0x00, 0x0F, 0xAC, 0x00, 0x00, 0x00, 0x00, 0x00, 0x00, 0x01, 0x4D, 0x00, 0x00,
    0x00, 0x0D, 0x00, 0x00, 0x00, 0x0D, 0x00, 0x00, 0x01, 0x15, 0x00, 0x00, 0x00, 0x20, 0x00, 0x00,
    0x00, 0x20, 0x00, 0x00, 0x01, 0x13, 0x00, 0x00, 0x00, 0x21, 0x00, 0x00, 0x00, 0x21, 0x00, 0x00,
    0x01, 0x1C, 0x00, 0x00, 0x00, 0x22, 0x00, 0x00, 0x00, 0x22, 0x00, 0x00, 0x01, 0x3E, 0x00, 0x00,
    0x00, 0x23, 0x00, 0x00, 0x00, 0x23, 0x00, 0x00, 0x01, 0x23, 0x00, 0x00, 0x00, 0x24, 0x00, 0x00,
    0x00, 0x24, 0x00, 0x00, 0x01, 0x54, 0x00, 0x00, 0x00, 0x25, 0x00, 0x00, 0x00, 0x25, 0x00, 0x00,
    0x01, 0x72, 0x00, 0x00, 0x00, 0x26, 0x00, 0x00, 0x00, 0x26, 0x00, 0x00, 0x01, 0x45, 0x00, 0x00,
    0x00, 0x27, 0x00, 0x00, 0x00, 0x27, 0x00, 0x00, 0x01, 0x3F, 0x00, 0x00, 0x00, 0x28, 0x00, 0x00,
    0x00, 0x29, 0x00, 0x00, 0x01, 0x2E, 0x00, 0x00, 0x00, 0x2A, 0x00, 0x00, 0x00, 0x2A, 0x00, 0x00,
    0x01, 0x22, 0x00, 0x00, 0x00, 0x2B, 0x00, 0x00, 0x00, 0x2B, 0x00, 0x00, 0x01, 0x5A, 0x00, 0x00,
    0x00, 0x2C, 0x00, 0x00, 0x00, 0x2C, 0x00, 0x00, 0x01, 0x18, 0x00, 0x00, 0x00, 0x2D, 0x00, 0x00,
    0x00, 0x2D, 0x00, 0x00, 0x01, 0x2A, 0x00, 0x00, 0x00, 0x2E, 0x00, 0x00, 0x00, 0x2E, 0x00, 0x00,
    0x01, 0x17, 0x00, 0x00, 0x00, 0x2F, 0x00, 0x00, 0x00, 0x2F, 0x00, 0x00, 0x01, 0x24, 0x00, 0x00,
    0x00, 0x30, 0x00, 0x00, 0x00, 0x39, 0x00, 0x00, 0x00, 0xFA, 0x00, 0x00, 0x00, 0x3A, 0x00, 0x00,
    0x00, 0x3B, 0x00, 0x00, 0x01, 0x19, 0x00, 0x00, 0x00, 0x3C, 0x00, 0x00, 0x00, 0x3C, 0x00, 0x00,
    0x01, 0x61, 0x00, 0x00, 0x00, 0x3D, 0x00, 0x00, 0x00, 0x3D, 0x00, 0x00, 0x01, 0x5E, 0x00, 0x00,
    0x00, 0x3E, 0x00, 0x00, 0x00, 0x3E, 0x00, 0x00, 0x01, 0x60, 0x00, 0x00, 0x00, 0x3F, 0x00, 0x00,
    0x00, 0x3F, 0x00, 0x00, 0x01, 0x1E, 0x00, 0x00, 0x00, 0x40, 0x00, 0x00, 0x00, 0x40, 0x00, 0x00,
    0x01, 0x44, 0x00, 0x00, 0x00, 0x41, 0x00, 0x00, 0x00, 0x41, 0x00, 0x00, 0x00, 0x01, 0x00, 0x00,
    0x00, 0x42, 0x00, 0x00, 0x00, 0x43, 0x00, 0x00, 0x00, 0x0C, 0x00, 0x00, 0x00, 0x44, 0x00, 0x00,
    0x00, 0x44, 0x00, 0x00, 0x00, 0x12, 0x00, 0x00, 0x00, 0x45, 0x00, 0x00, 0x00, 0x45, 0x00, 0x00,
    0x00, 0x16, 0x00, 0x00, 0x00, 0x46, 0x00, 0x00, 0x00, 0x47, 0x00, 0x00, 0x00, 0x1F, 0x00, 0x00,
    0x00, 0x48, 0x00, 0x00, 0x00, 0x48, 0x00, 0x00, 0x00, 0x24, 0x00, 0x00, 0x00, 0x49, 0x00, 0x00,
    0x00, 0x49, 0x00, 0x00, 0x00, 0x26, 0x00, 0x00, 0x00, 0x4A, 0x00, 0x00, 0x00, 0x4A, 0x00, 0x00,
    0x00, 0x30, 0x00, 0x00, 0x00, 0x4B, 0x00, 0x00, 0x00, 0x4B, 0x00, 0x00, 0x00, 0x32, 0x00, 0x00,
    0x00, 0x4C, 0x00, 0x00, 0x00, 0x4C, 0x00, 0x00, 0x00, 0x34, 0x00, 0x00, 0x00, 0x4D, 0x00, 0x00,
    0x00, 0x4E, 0x00, 0x00, 0x00, 0x3A, 0x00, 0x00, 0x00, 0x4F, 0x00, 0x00, 0x00, 0x4F, 0x00, 0x00,
    0x00, 0x41, 0x00, 0x00, 0x00, 0x50, 0x00, 0x00, 0x00, 0x50, 0x00, 0x00, 0x00, 0x4B, 0x00, 0x00,
    0x00, 0x51, 0x00, 0x00, 0x00, 0x52, 0x00, 0x00, 0x00, 0x4D, 0x00, 0x00, 0x00, 0x53, 0x00, 0x00,
    0x00, 0x53, 0x00, 0x00, 0x00, 0x52, 0x00, 0x00, 0x00, 0x54, 0x00, 0x00, 0x00, 0x54, 0x00, 0x00,
    0x00, 0x58, 0x00, 0x00, 0x00, 0x55, 0x00, 0x00, 0x00, 0x55, 0x00, 0x00, 0x00, 0x5B, 0x00, 0x00,
    0x00, 0x56, 0x00, 0x00, 0x00, 0x57, 0x00, 0x00, 0x00, 0x65, 0x00, 0x00, 0x00, 0x58, 0x00, 0x00,
    0x00, 0x59, 0x00, 0x00, 0x00, 0x6B, 0x00, 0x00, 0x00, 0x5A, 0x00, 0x00, 0x00, 0x5A, 0x00, 0x00,
    0x00, 0x71, 0x00, 0x00, 0x00, 0x5B, 0x00, 0x00, 0x00, 0x5B, 0x00, 0x00, 0x01, 0x32, 0x00, 0x00,
    0x00, 0x5C, 0x00, 0x00, 0x00, 0x5C, 0x00, 0x00, 0x01, 0x25, 0x00, 0x00, 0x00, 0x5D, 0x00, 0x00,
    0x00, 0x5D, 0x00, 0x00, 0x01, 0x33, 0x00, 0x00, 0x00, 0x5E, 0x00, 0x00, 0x00, 0x5E, 0x00, 0x00,
    0x01, 0x68, 0x00, 0x00, 0x00, 0x5F, 0x00, 0x00, 0x00, 0x5F, 0x00, 0x00, 0x01, 0x2D, 0x00, 0x00,
    0x00, 0x60, 0x00, 0x00, 0x00, 0x60, 0x00, 0x00, 0x01, 0x96, 0x00, 0x00, 0x00, 0x61, 0x00, 0x00,
    0x00, 0x61, 0x00, 0x00, 0x00, 0x75, 0x00, 0x00, 0x00, 0x62, 0x00, 0x00, 0x00, 0x63, 0x00, 0x00,
    0x00, 0x80, 0x00, 0x00, 0x00, 0x64, 0x00, 0x00, 0x00, 0x64, 0x00, 0x00, 0x00, 0x86, 0x00, 0x00,
    0x00, 0x65, 0x00, 0x00, 0x00, 0x65, 0x00, 0x00, 0x00, 0x8A, 0x00, 0x00, 0x00, 0x66, 0x00, 0x00,
    0x00, 0x67, 0x00, 0x00, 0x00, 0x93, 0x00, 0x00, 0x00, 0x68, 0x00, 0x00, 0x00, 0x68, 0x00, 0x00,
    0x00, 0x98, 0x00, 0x00, 0x00, 0x69, 0x00, 0x00, 0x00, 0x69, 0x00, 0x00, 0x00, 0x9A, 0x00, 0x00,
    0x00, 0x6A, 0x00, 0x00, 0x00, 0x6A, 0x00, 0x00, 0x00, 0xA5, 0x00, 0x00, 0x00, 0x6B, 0x00, 0x00,
    0x00, 0x6B, 0x00, 0x00, 0x00, 0xA8, 0x00, 0x00, 0x00, 0x6C, 0x00, 0x00, 0x00, 0x6C, 0x00, 0x00,
    0x00, 0xAA, 0x00, 0x00, 0x00, 0x6D, 0x00, 0x00, 0x00, 0x6E, 0x00, 0x00, 0x00, 0xB0, 0x00, 0x00,
    0x00, 0x6F, 0x00, 0x00, 0x00, 0x6F, 0x00, 0x00, 0x00, 0xB7, 0x00, 0x00, 0x00, 0x70, 0x00, 0x00,
    0x00, 0x70, 0x00, 0x00, 0x00, 0xC1, 0x00, 0x00, 0x00, 0x71, 0x00, 0x00, 0x00, 0x72, 0x00, 0x00,
    0x00, 0xC3, 0x00, 0x00, 0x00, 0x73, 0x00, 0x00, 0x00, 0x73, 0x00, 0x00, 0x00, 0xC8, 0x00, 0x00,
    0x00, 0x74, 0x00, 0x00, 0x00, 0x74, 0x00, 0x00, 0x00, 0xCE, 0x00, 0x00, 0x00, 0x75, 0x00, 0x00,
    0x00, 0x75, 0x00, 0x00, 0x00, 0xD1, 0x00, 0x00, 0x00, 0x76, 0x00, 0x00, 0x00, 0x77, 0x00, 0x00,
    0x00, 0xDB, 0x00, 0x00, 0x00, 0x78, 0x00, 0x00, 0x00, 0x79, 0x00, 0x00, 0x00, 0xE1, 0x00, 0x00,
    0x00, 0x7A, 0x00, 0x00, 0x00, 0x7A, 0x00, 0x00, 0x00, 0xE7, 0x00, 0x00, 0x00, 0x7B, 0x00, 0x00,
    0x00, 0x7B, 0x00, 0x00, 0x01, 0x30, 0x00, 0x00, 0x00, 0x7C, 0x00, 0x00, 0x00, 0x7C, 0x00, 0x00,
    0x01, 0x4C, 0x00, 0x00, 0x00, 0x7D, 0x00, 0x00, 0x00, 0x7D, 0x00, 0x00, 0x01, 0x31, 0x00, 0x00,
    0x00, 0x7E, 0x00, 0x00, 0x00, 0x7E, 0x00, 0x00, 0x01, 0x66, 0x00, 0x00, 0x00, 0xA0, 0x00, 0x00,
    0x00, 0xA0, 0x00, 0x00, 0x01, 0x14, 0x00, 0x00, 0x00, 0xA1, 0x00, 0x00, 0x00, 0xA1, 0x00, 0x00,
    0x01, 0x1D, 0x00, 0x00, 0x00, 0xA2, 0x00, 0x00, 0x00, 0xA2, 0x00, 0x00, 0x01, 0x52, 0x00, 0x00,
    0x00, 0xA3, 0x00, 0x00, 0x00, 0xA3, 0x00, 0x00, 0x01, 0x56, 0x00, 0x00, 0x00, 0xA4, 0x00, 0x00,
    0x00, 0xA4, 0x00, 0x00, 0x01, 0x53, 0x00, 0x00, 0x00, 0xA5, 0x00, 0x00, 0x00, 0xA5, 0x00, 0x00,
    0x01, 0x57, 0x00, 0x00, 0x00, 0xA6, 0x00, 0x00, 0x00, 0xA6, 0x00, 0x00, 0x01, 0x4D, 0x00, 0x00,
    0x00, 0xA7, 0x00, 0x00, 0x00, 0xA7, 0x00, 0x00, 0x01, 0x47, 0x00, 0x00, 0x00, 0xA8, 0x00, 0x00,
    0x00, 0xA8, 0x00, 0x00, 0x01, 0x94, 0x00, 0x00, 0x00, 0xA9, 0x00, 0x00, 0x00, 0xA9, 0x00, 0x00,
    0x01, 0x48, 0x00, 0x00, 0x00, 0xAA, 0x00, 0x00, 0x00, 0xAA, 0x00, 0x00, 0x00, 0xF7, 0x00, 0x00,
    0x00, 0xAB, 0x00, 0x00, 0x00, 0xAB, 0x00, 0x00, 0x01, 0x3A, 0x00, 0x00, 0x00, 0xAC, 0x00, 0x00,
    0x00, 0xAC, 0x00, 0x00, 0x01, 0x67, 0x00, 0x00, 0x00, 0xAE, 0x00, 0x00, 0x00, 0xAE, 0x00, 0x00,
    0x01, 0x49, 0x00, 0x00, 0x00, 0xAF, 0x00, 0x00, 0x00, 0xAF, 0x00, 0x00, 0x01, 0x9F, 0x00, 0x00,
    0x00, 0xB0, 0x00, 0x00, 0x00, 0xB0, 0x00, 0x00, 0x01, 0x4B, 0x00, 0x00, 0x00, 0xB1, 0x00, 0x00,
    0x00, 0xB1, 0x00, 0x00, 0x01, 0x64, 0x00, 0x00, 0x00, 0xB2, 0x00, 0x00, 0x00, 0xB3, 0x00, 0x00,
    0x01, 0x10, 0x00, 0x00, 0x00, 0xB4, 0x00, 0x00, 0x00, 0xB4, 0x00, 0x00, 0x01, 0x97, 0x00, 0x00,
    0x00, 0xB5, 0x00, 0x00, 0x00, 0xB5, 0x00, 0x00, 0x01, 0x70, 0x00, 0x00, 0x00, 0xB6, 0x00, 0x00,
    0x00, 0xB6, 0x00, 0x00, 0x01, 0x46, 0x00, 0x00, 0x00, 0xB7, 0x00, 0x00, 0x00, 0xB7, 0x00, 0x00,
    0x01, 0x20, 0x00, 0x00, 0x00, 0xB8, 0x00, 0x00, 0x00, 0xB8, 0x00, 0x00, 0x01, 0xA0, 0x00, 0x00,
    0x00, 0xB9, 0x00, 0x00, 0x00, 0xB9, 0x00, 0x00, 0x01, 0x0F, 0x00, 0x00, 0x00, 0xBA, 0x00, 0x00,
    0x00, 0xBA, 0x00, 0x00, 0x00, 0xF8, 0x00, 0x00, 0x00, 0xBB, 0x00, 0x00, 0x00, 0xBB, 0x00, 0x00,
    0x01, 0x3B, 0x00, 0x00, 0x00, 0xBC, 0x00, 0x00, 0x00, 0xBC, 0x00, 0x00, 0x01, 0x09, 0x00, 0x00,
    0x00, 0xBD, 0x00, 0x00, 0x00, 0xBD, 0x00, 0x00, 0x01, 0x06, 0x00, 0x00, 0x00, 0xBE, 0x00, 0x00,
    0x00, 0xBE, 0x00, 0x00, 0x01, 0x0A, 0x00, 0x00, 0x00, 0xBF, 0x00, 0x00, 0x00, 0xBF, 0x00, 0x00,
    0x01, 0x1F, 0x00, 0x00, 0x00, 0xC0, 0x00, 0x00, 0x00, 0xC0, 0x00, 0x00, 0x00, 0x06, 0x00, 0x00,
    0x00, 0xC1, 0x00, 0x00, 0x00, 0xC1, 0x00, 0x00, 0x00, 0x02, 0x00, 0x00, 0x00, 0xC2, 0x00, 0x00,
    0x00, 0xC2, 0x00, 0x00, 0x00, 0x04, 0x00, 0x00, 0x00, 0xC3, 0x00, 0x00, 0x00, 0xC3, 0x00, 0x00,
    0x00, 0x0A, 0x00, 0x00, 0x00, 0xC4, 0x00, 0x00, 0x00, 0xC4, 0x00, 0x00, 0x00, 0x05, 0x00, 0x00,
    0x00, 0xC5, 0x00, 0x00, 0x00, 0xC5, 0x00, 0x00, 0x00, 0x09, 0x00, 0x00, 0x00, 0xC6, 0x00, 0x00,
    0x00, 0xC6, 0x00, 0x00, 0x00, 0x0B, 0x00, 0x00, 0x00, 0xC7, 0x00, 0x00, 0x00, 0xC7, 0x00, 0x00,
    0x00, 0x10, 0x00, 0x00, 0x00, 0xC8, 0x00, 0x00, 0x00, 0xC8, 0x00, 0x00, 0x00, 0x1C, 0x00, 0x00,
    0x00, 0xC9, 0x00, 0x00, 0x00, 0xC9, 0x00, 0x00, 0x00, 0x17, 0x00, 0x00, 0x00, 0xCA, 0x00, 0x00,
    0x00, 0xCB, 0x00, 0x00, 0x00, 0x19, 0x00, 0x00, 0x00, 0xCC, 0x00, 0x00, 0x00, 0xCC, 0x00, 0x00,
    0x00, 0x2D, 0x00, 0x00, 0x00, 0xCD, 0x00, 0x00, 0x00, 0xCF, 0x00, 0x00, 0x00, 0x29, 0x00, 0x00,
    0x00, 0xD0, 0x00, 0x00, 0x00, 0xD0, 0x00, 0x00, 0x00, 0x15, 0x00, 0x00, 0x00, 0xD1, 0x00, 0x00,
    0x00, 0xD1, 0x00, 0x00, 0x00, 0x3F, 0x00, 0x00, 0x00, 0xD2, 0x00, 0x00, 0x00, 0xD2, 0x00, 0x00,
    0x00, 0x45, 0x00, 0x00, 0x00, 0xD3, 0x00, 0x00, 0x00, 0xD4, 0x00, 0x00, 0x00, 0x42, 0x00, 0x00,
    0x00, 0xD5, 0x00, 0x00, 0x00, 0xD5, 0x00, 0x00, 0x00, 0x49, 0x00, 0x00, 0x00, 0xD6, 0x00, 0x00,
    0x00, 0xD6, 0x00, 0x00, 0x00, 0x44, 0x00, 0x00, 0x00, 0xD7, 0x00, 0x00, 0x00, 0xD7, 0x00, 0x00,
    0x01, 0x5C, 0x00, 0x00, 0x00, 0xD8, 0x00, 0x00, 0x00, 0xD8, 0x00, 0x00, 0x00, 0x48, 0x00, 0x00,
    0x00, 0xD9, 0x00, 0x00, 0x00, 0xD9, 0x00, 0x00, 0x00, 0x60, 0x00, 0x00, 0x00, 0xDA, 0x00, 0x00,
    0x00, 0xDA, 0x00, 0x00, 0x00, 0x5C, 0x00, 0x00, 0x00, 0xDB, 0x00, 0x00, 0x00, 0xDC, 0x00, 0x00,
    0x00, 0x5E, 0x00, 0x00, 0x00, 0xDD, 0x00, 0x00, 0x00, 0xDD, 0x00, 0x00, 0x00, 0x6D, 0x00, 0x00,
    0x00, 0xDE, 0x00, 0x00, 0x00, 0xDE, 0x00, 0x00, 0x00, 0x4C, 0x00, 0x00, 0x00, 0xDF, 0x00, 0x00,
    0x00, 0xDF, 0x00, 0x00, 0x00, 0xCD, 0x00, 0x00, 0x00, 0xE0, 0x00, 0x00, 0x00, 0xE0, 0x00, 0x00,
    0x00, 0x7A, 0x00, 0x00, 0x00, 0xE1, 0x00, 0x00, 0x00, 0xE1, 0x00, 0x00, 0x00, 0x76, 0x00, 0x00,
    0x00, 0xE2, 0x00, 0x00, 0x00, 0xE2, 0x00, 0x00, 0x00, 0x78, 0x00, 0x00, 0x00, 0xE3, 0x00, 0x00,
    0x00, 0xE3, 0x00, 0x00, 0x00, 0x7E, 0x00, 0x00, 0x00, 0xE4, 0x00, 0x00, 0x00, 0xE4, 0x00, 0x00,
    0x00, 0x79, 0x00, 0x00, 0x00, 0xE5, 0x00, 0x00, 0x00, 0xE5, 0x00, 0x00, 0x00, 0x7D, 0x00, 0x00,
    0x00, 0xE6, 0x00, 0x00, 0x00, 0xE6, 0x00, 0x00, 0x00, 0x7F, 0x00, 0x00, 0x00, 0xE7, 0x00, 0x00,
    0x00, 0xE7, 0x00, 0x00, 0x00, 0x84, 0x00, 0x00, 0x00, 0xE8, 0x00, 0x00, 0x00, 0xE8, 0x00, 0x00,
    0x00, 0x90, 0x00, 0x00, 0x00, 0xE9, 0x00, 0x00, 0x00, 0xE9, 0x00, 0x00, 0x00, 0x8B, 0x00, 0x00,
    0x00, 0xEA, 0x00, 0x00, 0x00, 0xEB, 0x00, 0x00, 0x00, 0x8D, 0x00, 0x00, 0x00, 0xEC, 0x00, 0x00,
    0x00, 0xEC, 0x00, 0x00, 0x00, 0xA0, 0x00, 0x00, 0x00, 0xED, 0x00, 0x00, 0x00, 0xEF, 0x00, 0x00,
    0x00, 0x9C, 0x00, 0x00, 0x00, 0xF0, 0x00, 0x00, 0x00, 0xF0, 0x00, 0x00, 0x00, 0x89, 0x00, 0x00,
    0x00, 0xF1, 0x00, 0x00, 0x00, 0xF1, 0x00, 0x00, 0x00, 0xB5, 0x00, 0x00, 0x00, 0xF2, 0x00, 0x00,
    0x00, 0xF2, 0x00, 0x00, 0x00, 0xBB, 0x00, 0x00, 0x00, 0xF3, 0x00, 0x00, 0x00, 0xF4, 0x00, 0x00,
    0x00, 0xB8, 0x00, 0x00, 0x00, 0xF5, 0x00, 0x00, 0x00, 0xF5, 0x00, 0x00, 0x00, 0xBF, 0x00, 0x00,
    0x00, 0xF6, 0x00, 0x00, 0x00, 0xF6, 0x00, 0x00, 0x00, 0xBA, 0x00, 0x00, 0x00, 0xF7, 0x00, 0x00,
    0x00, 0xF7, 0x00, 0x00, 0x01, 0x5D, 0x00, 0x00, 0x00, 0xF8, 0x00, 0x00, 0x00, 0xF8, 0x00, 0x00,
    0x00, 0xBE, 0x00, 0x00, 0x00, 0xF9, 0x00, 0x00, 0x00, 0xF9, 0x00, 0x00, 0x00, 0xD6, 0x00, 0x00,
    0x00, 0xFA, 0x00, 0x00, 0x00, 0xFA, 0x00, 0x00, 0x00, 0xD2, 0x00, 0x00, 0x00, 0xFB, 0x00, 0x00,
    0x00, 0xFC, 0x00, 0x00, 0x00, 0xD4, 0x00, 0x00, 0x00, 0xFD, 0x00, 0x00, 0x00, 0xFD, 0x00, 0x00,
    0x00, 0xE3, 0x00, 0x00, 0x00, 0xFE, 0x00, 0x00, 0x00, 0xFE, 0x00, 0x00, 0x00, 0xC2, 0x00, 0x00,
    0x00, 0xFF, 0x00, 0x00, 0x00, 0xFF, 0x00, 0x00, 0x00, 0xE5, 0x00, 0x00, 0x01, 0x00, 0x00, 0x00,
    0x01, 0x00, 0x00, 0x00, 0x00, 0x07, 0x00, 0x00, 0x01, 0x01, 0x00, 0x00, 0x01, 0x01, 0x00, 0x00,
    0x00, 0x7B, 0x00, 0x00, 0x01, 0x02, 0x00, 0x00, 0x01, 0x02, 0x00, 0x00, 0x00, 0x03, 0x00, 0x00,
    0x01, 0x03, 0x00, 0x00, 0x01, 0x03, 0x00, 0x00, 0x00, 0x77, 0x00, 0x00, 0x01, 0x04, 0x00, 0x00,
    0x01, 0x04, 0x00, 0x00, 0x00, 0x08, 0x00, 0x00, 0x01, 0x05, 0x00, 0x00, 0x01, 0x05, 0x00, 0x00,
    0x00, 0x7C, 0x00, 0x00, 0x01, 0x06, 0x00, 0x00, 0x01, 0x06, 0x00, 0x00, 0x00, 0x0E, 0x00, 0x00,
    0x01, 0x07, 0x00, 0x00, 0x01, 0x07, 0x00, 0x00, 0x00, 0x82, 0x00, 0x00, 0x01, 0x0A, 0x00, 0x00,
    0x01, 0x0A, 0x00, 0x00, 0x00, 0x11, 0x00, 0x00, 0x01, 0x0B, 0x00, 0x00, 0x01, 0x0B, 0x00, 0x00,
    0x00, 0x85, 0x00, 0x00, 0x01, 0x0C, 0x00, 0x00, 0x01, 0x0C, 0x00, 0x00, 0x00, 0x0F, 0x00, 0x00,
    0x01, 0x0D, 0x00, 0x00, 0x01, 0x0D, 0x00, 0x00, 0x00, 0x83, 0x00, 0x00, 0x01, 0x0E, 0x00, 0x00,
    0x01, 0x0E, 0x00, 0x00, 0x00, 0x13, 0x00, 0x00, 0x01, 0x0F, 0x00, 0x00, 0x01, 0x0F, 0x00, 0x00,
    0x00, 0x87, 0x00, 0x00, 0x01, 0x10, 0x00, 0x00, 0x01, 0x10, 0x00, 0x00, 0x00, 0x14, 0x00, 0x00,
    0x01, 0x11, 0x00, 0x00, 0x01, 0x11, 0x00, 0x00, 0x00, 0x88, 0x00, 0x00, 0x01, 0x12, 0x00, 0x00,
    0x01, 0x12, 0x00, 0x00, 0x00, 0x1D, 0x00, 0x00, 0x01, 0x13, 0x00, 0x00, 0x01, 0x13, 0x00, 0x00,
    0x00, 0x91, 0x00, 0x00, 0x01, 0x16, 0x00, 0x00, 0x01, 0x16, 0x00, 0x00, 0x00, 0x1B, 0x00, 0x00,
    0x01, 0x17, 0x00, 0x00, 0x01, 0x17, 0x00, 0x00, 0x00, 0x8F, 0x00, 0x00, 0x01, 0x18, 0x00, 0x00,
    0x01, 0x18, 0x00, 0x00, 0x00, 0x1E, 0x00, 0x00, 0x01, 0x19, 0x00, 0x00, 0x01, 0x19, 0x00, 0x00,
    0x00, 0x92, 0x00, 0x00, 0x01, 0x1A, 0x00, 0x00, 0x01, 0x1A, 0x00, 0x00, 0x00, 0x18, 0x00, 0x00,
    0x01, 0x1B, 0x00, 0x00, 0x01, 0x1B, 0x00, 0x00, 0x00, 0x8C, 0x00, 0x00, 0x01, 0x1E, 0x00, 0x00,
    0x01, 0x1E, 0x00, 0x00, 0x00, 0x21, 0x00, 0x00, 0x01, 0x1F, 0x00, 0x00, 0x01, 0x1F, 0x00, 0x00,
    0x00, 0x95, 0x00, 0x00, 0x01, 0x20, 0x00, 0x00, 0x01, 0x20, 0x00, 0x00, 0x00, 0x23, 0x00, 0x00,
    0x01, 0x21, 0x00, 0x00, 0x01, 0x21, 0x00, 0x00, 0x00, 0x97, 0x00, 0x00, 0x01, 0x22, 0x00, 0x00,
    0x01, 0x22, 0x00, 0x00, 0x00, 0x22, 0x00, 0x00, 0x01, 0x23, 0x00, 0x00, 0x01, 0x23, 0x00, 0x00,
    0x00, 0x96, 0x00, 0x00, 0x01, 0x26, 0x00, 0x00, 0x01, 0x26, 0x00, 0x00, 0x00, 0x25, 0x00, 0x00,
    0x01, 0x27, 0x00, 0x00, 0x01, 0x27, 0x00, 0x00, 0x00, 0x99, 0x00, 0x00, 0x01, 0x2A, 0x00, 0x00,
    0x01, 0x2A, 0x00, 0x00, 0x00, 0x2E, 0x00, 0x00, 0x01, 0x2B, 0x00, 0x00, 0x01, 0x2B, 0x00, 0x00,
    0x00, 0xA1, 0x00, 0x00, 0x01, 0x2E, 0x00, 0x00, 0x01, 0x2E, 0x00, 0x00, 0x00, 0x2F, 0x00, 0x00,
    0x01, 0x2F, 0x00, 0x00, 0x01, 0x2F, 0x00, 0x00, 0x00, 0xA2, 0x00, 0x00, 0x01, 0x30, 0x00, 0x00,
    0x01, 0x30, 0x00, 0x00, 0x00, 0x2C, 0x00, 0x00, 0x01, 0x31, 0x00, 0x00, 0x01, 0x31, 0x00, 0x00,
    0x00, 0x9B, 0x00, 0x00, 0x01, 0x32, 0x00, 0x00, 0x01, 0x32, 0x00, 0x00, 0x00, 0x27, 0x00, 0x00,
    0x01, 0x33, 0x00, 0x00, 0x01, 0x33, 0x00, 0x00, 0x00, 0xA3, 0x00, 0x00, 0x01, 0x36, 0x00, 0x00,
    0x01, 0x36, 0x00, 0x00, 0x00, 0x33, 0x00, 0x00, 0x01, 0x37, 0x00, 0x00, 0x01, 0x37, 0x00, 0x00,
    0x00, 0xA9, 0x00, 0x00, 0x01, 0x39, 0x00, 0x00, 0x01, 0x39, 0x00, 0x00, 0x00, 0x35, 0x00, 0x00,
    0x01, 0x3A, 0x00, 0x00, 0x01, 0x3A, 0x00, 0x00, 0x00, 0xAB, 0x00, 0x00, 0x01, 0x3B, 0x00, 0x00,
    0x01, 0x3B, 0x00, 0x00, 0x00, 0x37, 0x00, 0x00, 0x01, 0x3C, 0x00, 0x00, 0x01, 0x3C, 0x00, 0x00,
    0x00, 0xAD, 0x00, 0x00, 0x01, 0x3D, 0x00, 0x00, 0x01, 0x3D, 0x00, 0x00, 0x00, 0x36, 0x00, 0x00,
    0x01, 0x3E, 0x00, 0x00, 0x01, 0x3E, 0x00, 0x00, 0x00, 0xAC, 0x00, 0x00, 0x01, 0x3F, 0x00, 0x00,
    0x01, 0x3F, 0x00, 0x00, 0x00, 0x38, 0x00, 0x00, 0x01, 0x40, 0x00, 0x00, 0x01, 0x40, 0x00, 0x00,
    0x00, 0xAE, 0x00, 0x00, 0x01, 0x41, 0x00, 0x00, 0x01, 0x41, 0x00, 0x00, 0x00, 0x39, 0x00, 0x00,
    0x01, 0x42, 0x00, 0x00, 0x01, 0x42, 0x00, 0x00, 0x00, 0xAF, 0x00, 0x00, 0x01, 0x43, 0x00, 0x00,
    0x01, 0x43, 0x00, 0x00, 0x00, 0x3C, 0x00, 0x00, 0x01, 0x44, 0x00, 0x00, 0x01, 0x44, 0x00, 0x00,
    0x00, 0xB2, 0x00, 0x00, 0x01, 0x45, 0x00, 0x00, 0x01, 0x45, 0x00, 0x00, 0x00, 0x3E, 0x00, 0x00,
    0x01, 0x46, 0x00, 0x00, 0x01, 0x46, 0x00, 0x00, 0x00, 0xB4, 0x00, 0x00, 0x01, 0x47, 0x00, 0x00,
    0x01, 0x47, 0x00, 0x00, 0x00, 0x3D, 0x00, 0x00, 0x01, 0x48, 0x00, 0x00, 0x01, 0x48, 0x00, 0x00,
    0x00, 0xB3, 0x00, 0x00, 0x01, 0x4A, 0x00, 0x00, 0x01, 0x4A, 0x00, 0x00, 0x00, 0x40, 0x00, 0x00,
    0x01, 0x4B, 0x00, 0x00, 0x01, 0x4B, 0x00, 0x00, 0x00, 0xB6, 0x00, 0x00, 0x01, 0x4C, 0x00, 0x00,
    0x01, 0x4C, 0x00, 0x00, 0x00, 0x47, 0x00, 0x00, 0x01, 0x4D, 0x00, 0x00, 0x01, 0x4D, 0x00, 0x00,
    0x00, 0xBD, 0x00, 0x00, 0x01, 0x50, 0x00, 0x00, 0x01, 0x50, 0x00, 0x00, 0x00, 0x46, 0x00, 0x00,
    0x01, 0x51, 0x00, 0x00, 0x01, 0x51, 0x00, 0x00, 0x00, 0xBC, 0x00, 0x00, 0x01, 0x52, 0x00, 0x00,
    0x01, 0x52, 0x00, 0x00, 0x00, 0x4A, 0x00, 0x00, 0x01, 0x53, 0x00, 0x00, 0x01, 0x53, 0x00, 0x00,
    0x00, 0xC0, 0x00, 0x00, 0x01, 0x54, 0x00, 0x00, 0x01, 0x54, 0x00, 0x00, 0x00, 0x4F, 0x00, 0x00,
    0x01, 0x55, 0x00, 0x00, 0x01, 0x55, 0x00, 0x00, 0x00, 0xC5, 0x00, 0x00, 0x01, 0x56, 0x00, 0x00,
    0x01, 0x56, 0x00, 0x00, 0x00, 0x51, 0x00, 0x00, 0x01, 0x57, 0x00, 0x00, 0x01, 0x57, 0x00, 0x00,
    0x00, 0xC7, 0x00, 0x00, 0x01, 0x58, 0x00, 0x00, 0x01, 0x58, 0x00, 0x00, 0x00, 0x50, 0x00, 0x00,
    0x01, 0x59, 0x00, 0x00, 0x01, 0x59, 0x00, 0x00, 0x00, 0xC6, 0x00, 0x00, 0x01, 0x5A, 0x00, 0x00,
    0x01, 0x5A, 0x00, 0x00, 0x00, 0x53, 0x00, 0x00, 0x01, 0x5B, 0x00, 0x00, 0x01, 0x5B, 0x00, 0x00,
    0x00, 0xC9, 0x00, 0x00, 0x01, 0x5E, 0x00, 0x00, 0x01, 0x5E, 0x00, 0x00, 0x00, 0x55, 0x00, 0x00,
    0x01, 0x5F, 0x00, 0x00, 0x01, 0x5F, 0x00, 0x00, 0x00, 0xCB, 0x00, 0x00, 0x01, 0x60, 0x00, 0x00,
    0x01, 0x60, 0x00, 0x00, 0x00, 0x54, 0x00, 0x00, 0x01, 0x61, 0x00, 0x00, 0x01, 0x61, 0x00, 0x00,
    0x00, 0xCA, 0x00, 0x00, 0x01, 0x64, 0x00, 0x00, 0x01, 0x64, 0x00, 0x00, 0x00, 0x59, 0x00, 0x00,
    0x01, 0x65, 0x00, 0x00, 0x01, 0x65, 0x00, 0x00, 0x00, 0xCF, 0x00, 0x00, 0x01, 0x6A, 0x00, 0x00,
    0x01, 0x6A, 0x00, 0x00, 0x00, 0x62, 0x00, 0x00, 0x01, 0x6B, 0x00, 0x00, 0x01, 0x6B, 0x00, 0x00,
    0x00, 0xD8, 0x00, 0x00, 0x01, 0x6C, 0x00, 0x00, 0x01, 0x6C, 0x00, 0x00, 0x00, 0x5D, 0x00, 0x00,
    0x01, 0x6D, 0x00, 0x00, 0x01, 0x6D, 0x00, 0x00, 0x00, 0xD3, 0x00, 0x00, 0x01, 0x6E, 0x00, 0x00,
    0x01, 0x6E, 0x00, 0x00, 0x00, 0x64, 0x00, 0x00, 0x01, 0x6F, 0x00, 0x00, 0x01, 0x6F, 0x00, 0x00,
    0x00, 0xDA, 0x00, 0x00, 0x01, 0x70, 0x00, 0x00, 0x01, 0x70, 0x00, 0x00, 0x00, 0x61, 0x00, 0x00,
    0x01, 0x71, 0x00, 0x00, 0x01, 0x71, 0x00, 0x00, 0x00, 0xD7, 0x00, 0x00, 0x01, 0x72, 0x00, 0x00,
    0x01, 0x72, 0x00, 0x00, 0x00, 0x63, 0x00, 0x00, 0x01, 0x73, 0x00, 0x00, 0x01, 0x73, 0x00, 0x00,
    0x00, 0xD9, 0x00, 0x00, 0x01, 0x74, 0x00, 0x00, 0x01, 0x74, 0x00, 0x00, 0x00, 0x68, 0x00, 0x00,
    0x01, 0x75, 0x00, 0x00, 0x01, 0x75, 0x00, 0x00, 0x00, 0xDE, 0x00, 0x00, 0x01, 0x76, 0x00, 0x00,
    0x01, 0x76, 0x00, 0x00, 0x00, 0x6E, 0x00, 0x00, 0x01, 0x77, 0x00, 0x00, 0x01, 0x77, 0x00, 0x00,
    0x00, 0xE4, 0x00, 0x00, 0x01, 0x78, 0x00, 0x00, 0x01, 0x78, 0x00, 0x00, 0x00, 0x6F, 0x00, 0x00,
    0x01, 0x79, 0x00, 0x00, 0x01, 0x79, 0x00, 0x00, 0x00, 0x72, 0x00, 0x00, 0x01, 0x7A, 0x00, 0x00,
    0x01, 0x7A, 0x00, 0x00, 0x00, 0xE8, 0x00, 0x00, 0x01, 0x7B, 0x00, 0x00, 0x01, 0x7B, 0x00, 0x00,
    0x00, 0x74, 0x00, 0x00, 0x01, 0x7C, 0x00, 0x00, 0x01, 0x7C, 0x00, 0x00, 0x00, 0xEA, 0x00, 0x00,
    0x01, 0x7D, 0x00, 0x00, 0x01, 0x7D, 0x00, 0x00, 0x00, 0x73, 0x00, 0x00, 0x01, 0x7E, 0x00, 0x00,
    0x01, 0x7E, 0x00, 0x00, 0x00, 0xE9, 0x00, 0x00, 0x01, 0x92, 0x00, 0x00, 0x01, 0x92, 0x00, 0x00,
    0x01, 0x40, 0x00, 0x00, 0x02, 0x18, 0x00, 0x00, 0x02, 0x18, 0x00, 0x00, 0x00, 0x56, 0x00, 0x00,
    0x02, 0x19, 0x00, 0x00, 0x02, 0x19, 0x00, 0x00, 0x00, 0xCC, 0x00, 0x00, 0x02, 0x1A, 0x00, 0x00,
    0x02, 0x1A, 0x00, 0x00, 0x00, 0x5A, 0x00, 0x00, 0x02, 0x1B, 0x00, 0x00, 0x02, 0x1B, 0x00, 0x00,
    0x00, 0xD0, 0x00, 0x00, 0x02, 0x37, 0x00, 0x00, 0x02, 0x37, 0x00, 0x00, 0x00, 0xA6, 0x00, 0x00,
    0x02, 0xC6, 0x00, 0x00, 0x02, 0xC6, 0x00, 0x00, 0x01, 0x99, 0x00, 0x00, 0x02, 0xC7, 0x00, 0x00,
    0x02, 0xC7, 0x00, 0x00, 0x01, 0x9B, 0x00, 0x00, 0x02, 0xC9, 0x00, 0x00, 0x02, 0xC9, 0x00, 0x00,
    0x01, 0x9A, 0x00, 0x00, 0x02, 0xD8, 0x00, 0x00, 0x02, 0xD8, 0x00, 0x00, 0x01, 0x9C, 0x00, 0x00,
    0x02, 0xD9, 0x00, 0x00, 0x02, 0xD9, 0x00, 0x00, 0x01, 0x95, 0x00, 0x00, 0x02, 0xDA, 0x00, 0x00,
    0x02, 0xDA, 0x00, 0x00, 0x01, 0x9D, 0x00, 0x00, 0x02, 0xDB, 0x00, 0x00, 0x02, 0xDB, 0x00, 0x00,
    0x01, 0xA1, 0x00, 0x00, 0x02, 0xDC, 0x00, 0x00, 0x02, 0xDC, 0x00, 0x00, 0x01, 0x9E, 0x00, 0x00,
    0x02, 0xDD, 0x00, 0x00, 0x02, 0xDD, 0x00, 0x00, 0x01, 0x98, 0x00, 0x00, 0x03, 0x00, 0x00, 0x00,
    0x03, 0x01, 0x00, 0x00, 0x01, 0x77, 0x00, 0x00, 0x03, 0x02, 0x00, 0x00, 0x03, 0x02, 0x00, 0x00,
    0x01, 0x7B, 0x00, 0x00, 0x03, 0x03, 0x00, 0x00, 0x03, 0x04, 0x00, 0x00, 0x01, 0x7F, 0x00, 0x00,
    0x03, 0x06, 0x00, 0x00, 0x03, 0x06, 0x00, 0x00, 0x01, 0x7D, 0x00, 0x00, 0x03, 0x07, 0x00, 0x00,
    0x03, 0x07, 0x00, 0x00, 0x01, 0x76, 0x00, 0x00, 0x03, 0x08, 0x00, 0x00, 0x03, 0x08, 0x00, 0x00,
    0x01, 0x75, 0x00, 0x00, 0x03, 0x0A, 0x00, 0x00, 0x03, 0x0A, 0x00, 0x00, 0x01, 0x7E, 0x00, 0x00,
    0x03, 0x0B, 0x00, 0x00, 0x03, 0x0B, 0x00, 0x00, 0x01, 0x79, 0x00, 0x00, 0x03, 0x0C, 0x00, 0x00,
    0x03, 0x0C, 0x00, 0x00, 0x01, 0x7C, 0x00, 0x00, 0x03, 0x12, 0x00, 0x00, 0x03, 0x12, 0x00, 0x00,
    0x01, 0x81, 0x00, 0x00, 0x03, 0x26, 0x00, 0x00, 0x03, 0x28, 0x00, 0x00, 0x01, 0x82, 0x00, 0x00,
    0x03, 0xC0, 0x00, 0x00, 0x03, 0xC0, 0x00, 0x00, 0x00, 0xF9, 0x00, 0x00, 0x1E, 0x80, 0x00, 0x00,
    0x1E, 0x80, 0x00, 0x00, 0x00, 0x6A, 0x00, 0x00, 0x1E, 0x81, 0x00, 0x00, 0x1E, 0x81, 0x00, 0x00,
    0x00, 0xE0, 0x00, 0x00, 0x1E, 0x82, 0x00, 0x00, 0x1E, 0x82, 0x00, 0x00, 0x00, 0x67, 0x00, 0x00,
    0x1E, 0x83, 0x00, 0x00, 0x1E, 0x83, 0x00, 0x00, 0x00, 0xDD, 0x00, 0x00, 0x1E, 0x84, 0x00, 0x00,
    0x1E, 0x84, 0x00, 0x00, 0x00, 0x69, 0x00, 0x00, 0x1E, 0x85, 0x00, 0x00, 0x1E, 0x85, 0x00, 0x00,
    0x00, 0xDF, 0x00, 0x00, 0x1E, 0x9E, 0x00, 0x00, 0x1E, 0x9E, 0x00, 0x00, 0x00, 0x57, 0x00, 0x00,
    0x1E, 0xF2, 0x00, 0x00, 0x1E, 0xF2, 0x00, 0x00, 0x00, 0x70, 0x00, 0x00, 0x1E, 0xF3, 0x00, 0x00,
    0x1E, 0xF3, 0x00, 0x00, 0x00, 0xE6, 0x00, 0x00, 0x20, 0x13, 0x00, 0x00, 0x20, 0x14, 0x00, 0x00,
    0x01, 0x2B, 0x00, 0x00, 0x20, 0x18, 0x00, 0x00, 0x20, 0x19, 0x00, 0x00, 0x01, 0x38, 0x00, 0x00,
    0x20, 0x1A, 0x00, 0x00, 0x20, 0x1A, 0x00, 0x00, 0x01, 0x34, 0x00, 0x00, 0x20, 0x1C, 0x00, 0x00,
    0x20, 0x1D, 0x00, 0x00, 0x01, 0x36, 0x00, 0x00, 0x20, 0x1E, 0x00, 0x00, 0x20, 0x1E, 0x00, 0x00,
    0x01, 0x35, 0x00, 0x00, 0x20, 0x20, 0x00, 0x00, 0x20, 0x20, 0x00, 0x00, 0x01, 0x4E, 0x00, 0x00,
    0x20, 0x21, 0x00, 0x00, 0x20, 0x21, 0x00, 0x00, 0x01, 0x50, 0x00, 0x00, 0x20, 0x22, 0x00, 0x00,
    0x20, 0x22, 0x00, 0x00, 0x01, 0x21, 0x00, 0x00, 0x20, 0x26, 0x00, 0x00, 0x20, 0x26, 0x00, 0x00,
    0x01, 0x1B, 0x00, 0x00, 0x20, 0x30, 0x00, 0x00, 0x20, 0x30, 0x00, 0x00, 0x01, 0x73, 0x00, 0x00,
    0x20, 0x39, 0x00, 0x00, 0x20, 0x3A, 0x00, 0x00, 0x01, 0x3C, 0x00, 0x00, 0x20, 0x44, 0x00, 0x00,
    0x20, 0x44, 0x00, 0x00, 0x01, 0x05, 0x00, 0x00, 0x20, 0x74, 0x00, 0x00, 0x20, 0x74, 0x00, 0x00,
    0x01, 0x12, 0x00, 0x00, 0x20, 0x81, 0x00, 0x00, 0x20, 0x84, 0x00, 0x00, 0x01, 0x0B, 0x00, 0x00,
    0x20, 0xAC, 0x00, 0x00, 0x20, 0xAC, 0x00, 0x00, 0x01, 0x55, 0x00, 0x00, 0x21, 0x13, 0x00, 0x00,
    0x21, 0x13, 0x00, 0x00, 0x01, 0x4F, 0x00, 0x00, 0x21, 0x22, 0x00, 0x00, 0x21, 0x22, 0x00, 0x00,
    0x01, 0x4A, 0x00, 0x00, 0x21, 0x26, 0x00, 0x00, 0x21, 0x26, 0x00, 0x00, 0x01, 0x6B, 0x00, 0x00,
    0x21, 0x2E, 0x00, 0x00, 0x21, 0x2E, 0x00, 0x00, 0x01, 0x51, 0x00, 0x00, 0x21, 0x53, 0x00, 0x00,
    0x21, 0x54, 0x00, 0x00, 0x01, 0x07, 0x00, 0x00, 0x22, 0x02, 0x00, 0x00, 0x22, 0x02, 0x00, 0x00,
    0x01, 0x71, 0x00, 0x00, 0x22, 0x06, 0x00, 0x00, 0x22, 0x06, 0x00, 0x00, 0x01, 0x6C, 0x00, 0x00,
    0x22, 0x0F, 0x00, 0x00, 0x22, 0x0F, 0x00, 0x00, 0x01, 0x6D, 0x00, 0x00, 0x22, 0x11, 0x00, 0x00,
    0x22, 0x11, 0x00, 0x00, 0x01, 0x6E, 0x00, 0x00, 0x22, 0x12, 0x00, 0x00, 0x22, 0x12, 0x00, 0x00,
    0x01, 0x5B, 0x00, 0x00, 0x22, 0x15, 0x00, 0x00, 0x22, 0x15, 0x00, 0x00, 0x01, 0x59, 0x00, 0x00,
    0x22, 0x19, 0x00, 0x00, 0x22, 0x19, 0x00, 0x00, 0x01, 0x58, 0x00, 0x00, 0x22, 0x1A, 0x00, 0x00,
    0x22, 0x1A, 0x00, 0x00, 0x01, 0x6F, 0x00, 0x00, 0x22, 0x1E, 0x00, 0x00, 0x22, 0x1E, 0x00, 0x00,
    0x01, 0x69, 0x00, 0x00, 0x22, 0x2B, 0x00, 0x00, 0x22, 0x2B, 0x00, 0x00, 0x01, 0x6A, 0x00, 0x00,
    0x22, 0x48, 0x00, 0x00, 0x22, 0x48, 0x00, 0x00, 0x01, 0x65, 0x00, 0x00, 0x22, 0x60, 0x00, 0x00,
    0x22, 0x60, 0x00, 0x00, 0x01, 0x5F, 0x00, 0x00, 0x22, 0x64, 0x00, 0x00, 0x22, 0x64, 0x00, 0x00,
    0x01, 0x63, 0x00, 0x00, 0x22, 0x65, 0x00, 0x00, 0x22, 0x65, 0x00, 0x00, 0x01, 0x62, 0x00, 0x00,
    0x25, 0xCA, 0x00, 0x00, 0x25, 0xCA, 0x00, 0x00, 0x01, 0x74, 0x00, 0x00, 0xFB, 0x01, 0x00, 0x00,
    0xFB, 0x02, 0x00, 0x00, 0x00, 0xF5, 0x00, 0x01, 0xF4, 0x09, 0x00, 0x01, 0xF4, 0x09, 0x00, 0x00,
    0x01, 0x41, 0x00, 0x01, 0xF4, 0x32, 0x00, 0x01, 0xF4, 0x32, 0x00, 0x00, 0x01, 0x42, 0x00, 0x01,
    0xF4, 0xBB, 0x00, 0x01, 0xF4, 0xBB, 0x00, 0x00, 0x01, 0x43, 0x00, 0x00, 0xB8, 0x01, 0xFF, 0x85,
    0xB0, 0x04, 0x8D, 0x00, 0x00, 0x00, 0x00, 0x14, 0x00, 0x2F, 0x00, 0x3B, 0x00, 0x47, 0x00, 0x53,
    0x00, 0x5F, 0x00, 0x6B, 0x00, 0x77, 0x00, 0xA7, 0x00, 0xB3, 0x00, 0xBF, 0x00, 0xE7, 0x01, 0x13,
    0x01, 0x40, 0x01, 0x4C, 0x01, 0x58, 0x01, 0x64, 0x01, 0x70, 0x01, 0x8E, 0x01, 0x9A, 0x01, 0xA2,
    0x01, 0xC8, 0x01, 0xDF, 0x01, 0xEB, 0x01, 0xF7, 0x02, 0x03, 0x02, 0x0F, 0x02, 0x1B, 0x02, 0x27,
    0x02, 0x33, 0x02, 0x3F, 0x02, 0x53, 0x02, 0x8A, 0x02, 0x96, 0x02, 0xA2, 0x02, 0xAE, 0x02, 0xC8,
    0x02, 0xE8, 0x02, 0xFD, 0x03, 0x22, 0x03, 0x32, 0x03, 0x3E, 0x03, 0x4A, 0x03, 0x56, 0x03, 0x62,
    0x03, 0x6E, 0x03, 0x7A, 0x03, 0x85, 0x03, 0xA2, 0x03, 0xAE, 0x03, 0xC9, 0x03, 0xD5, 0x03, 0xE4,
    0x03, 0xF0, 0x03, 0xFC, 0x04, 0x08, 0x04, 0x14, 0x04, 0x2B, 0x04, 0x48, 0x04, 0x68, 0x04, 0x74,
    0x04, 0x80, 0x04, 0x8C, 0x04, 0x98, 0x04, 0xC2, 0x04, 0xEA, 0x04, 0xF6, 0x05, 0x02, 0x05, 0x0E,
    0x05, 0x1A, 0x05, 0x26, 0x05, 0x32, 0x05, 0x6C, 0x05, 0x78, 0x05, 0xA5, 0x05, 0xC4, 0x05, 0xE4,
    0x06, 0x14, 0x06, 0x3B, 0x06, 0x47, 0x06, 0x53, 0x06, 0x5F, 0x06, 0x9C, 0x06, 0xA8, 0x06, 0xB4,
    0x06, 0xBF, 0x06, 0xCB, 0x06, 0xF1, 0x07, 0x02, 0x07, 0x0E, 0x07, 0x1A, 0x07, 0x38, 0x07, 0x44,
    0x07, 0x50, 0x07, 0x5C, 0x07, 0x68, 0x07, 0x74, 0x07, 0x80, 0x07, 0x8C, 0x07, 0x98, 0x07, 0xA4,
    0x07, 0xB9, 0x07, 0xD8, 0x07, 0xE4, 0x07, 0xF0, 0x07, 0xFC, 0x08, 0x08, 0x08, 0x28, 0x08, 0x40,
    0x08, 0x4C, 0x08, 0x58, 0x08, 0x64, 0x08, 0x70, 0x08, 0x86, 0x08, 0x92, 0x08, 0x9E, 0x08, 0xAA,
    0x08, 0xE2, 0x08, 0xED, 0x08, 0xF8, 0x09, 0x03, 0x09, 0x0E, 0x09, 0x19, 0x09, 0x24, 0x09, 0x70,
    0x09, 0x7B, 0x09, 0x86, 0x09, 0xE5, 0x0A, 0x1B, 0x0A, 0x47, 0x0A, 0x52, 0x0A, 0x5D, 0x0A, 0x68,
    0x0A, 0x73, 0x0A, 0xA9, 0x0A, 0xB5, 0x0A, 0xF1, 0x0B, 0x2D, 0x0B, 0x5D, 0x0B, 0x68, 0x0B, 0x73,
    0x0B, 0x7E, 0x0B, 0x89, 0x0B, 0x94, 0x0B, 0x9F, 0x0B, 0xAB, 0x0B, 0xEE, 0x0C, 0x05, 0x0C, 0x49,
    0x0C, 0x54, 0x0C, 0x60, 0x0C, 0x6B, 0x0C, 0x90, 0x0C, 0xBB, 0x0C, 0xCF, 0x0C, 0xDD, 0x0C, 0xE8,
    0x0C, 0xF3, 0x0C, 0xFE, 0x0D, 0x09, 0x0D, 0x14, 0x0D, 0x1F, 0x0D, 0x47, 0x0D, 0x53, 0x0D, 0x66,
    0x0D, 0x7F, 0x0D, 0x92, 0x0D, 0x9D, 0x0D, 0xB8, 0x0D, 0xC4, 0x0D, 0xD4, 0x0D, 0xE0, 0x0D, 0xEC,
    0x0D, 0xF8, 0x0E, 0x04, 0x0E, 0x1C, 0x0E, 0x4C, 0x0E, 0x6D, 0x0E, 0x78, 0x0E, 0x83, 0x0E, 0x8F,
    0x0E, 0x9A, 0x0E, 0xC6, 0x0E, 0xEE, 0x0E, 0xF9, 0x0F, 0x04, 0x0F, 0x0F, 0x0F, 0x1A, 0x0F, 0x25,
    0x0F, 0x31, 0x0F, 0x6B, 0x0F, 0x76, 0x0F, 0xCA, 0x0F, 0xFF, 0x10, 0x3A, 0x10, 0x70, 0x10, 0x89,
    0x10, 0x94, 0x10, 0x9F, 0x10, 0xAA, 0x10, 0xE8, 0x10, 0xF3, 0x10, 0xFE, 0x11, 0x09, 0x11, 0x15,
    0x11, 0x48, 0x11, 0x5F, 0x11, 0x6B, 0x11, 0x77, 0x11, 0x99, 0x11, 0xA4, 0x11, 0xAF, 0x11, 0xBA,
    0x11, 0xC5, 0x11, 0xD0, 0x11, 0xDB, 0x11, 0xE7, 0x12, 0x1C, 0x12, 0x27, 0x12, 0x3A, 0x12, 0x59,
    0x12, 0x65, 0x12, 0x71, 0x12, 0x7D, 0x12, 0x89, 0x12, 0xA7, 0x12, 0xBE, 0x12, 0xC9, 0x12, 0xD4,
    0x12, 0xDF, 0x12, 0xEA, 0x13, 0x00, 0x13, 0x0B, 0x13, 0x16, 0x13, 0x21, 0x13, 0x54, 0x13, 0x5F,
    0x13, 0x6A, 0x13, 0x75, 0x13, 0x80, 0x13, 0x8B, 0x13, 0x97, 0x13, 0xDA, 0x13, 0xE5, 0x13, 0xF0,
    0x14, 0x16, 0x14, 0x38, 0x14, 0x6D, 0x14, 0x95, 0x14, 0xB3, 0x14, 0xE4, 0x14, 0xF8, 0x15, 0x2B,
    0x15, 0x66, 0x15, 0x82, 0x15, 0xB4, 0x15, 0xF2, 0x16, 0x06, 0x16, 0x4C, 0x16, 0x8B, 0x16, 0xB3,
    0x16, 0xC1, 0x16, 0xD1, 0x16, 0xE1, 0x16, 0xF1, 0x17, 0x01, 0x17, 0x11, 0x17, 0x1A, 0x17, 0x23,
    0x17, 0x2C, 0x17, 0x35, 0x17, 0x46, 0x17, 0x79, 0x17, 0xB4, 0x17, 0xCD, 0x17, 0xCD, 0x17, 0xCD,
    0x17, 0xCD, 0x17, 0xCD, 0x17, 0xD8, 0x17, 0xE8, 0x17, 0xF4, 0x18, 0x00, 0x18, 0x10, 0x18, 0x25,
    0x18, 0x3B, 0x18, 0x71, 0x18, 0xA8, 0x18, 0xB1, 0x18, 0xBD, 0x18, 0xDB, 0x18, 0xFD, 0x19, 0x0C,
    0x19, 0x1B, 0x19, 0x31, 0x19, 0x68, 0x19, 0x74, 0x19, 0x7D, 0x19, 0x8A, 0x19, 0x97, 0x19, 0xA4,
    0x19, 0xB0, 0x19, 0xCB, 0x19, 0xE6, 0x1A, 0x25, 0x1A, 0x64, 0x1A, 0x75, 0x1A, 0x87, 0x1A, 0x8F,
    0x1A, 0x9B, 0x1A, 0xB5, 0x1A, 0xC2, 0x1A, 0xD2, 0x1A, 0xDB, 0x1A, 0xF9, 0x1B, 0x17, 0x1B, 0x29,
    0x1B, 0x3B, 0x1B, 0x47, 0x1B, 0x56, 0x1B, 0x71, 0x1B, 0xE1, 0x1C, 0x5C, 0x1C, 0x7D, 0x1C, 0xE0,
    0x1D, 0x28, 0x1D, 0x3F, 0x1D, 0xA3, 0x1D, 0xFF, 0x1E, 0x4B, 0x1E, 0x74, 0x1E, 0x96, 0x1E, 0xA3,
    0x1E, 0xB7, 0x1E, 0xCF, 0x1F, 0x0A, 0x1F, 0x34, 0x1F, 0x7A, 0x1F, 0xB2, 0x20, 0x04, 0x20, 0x4D,
    0x20, 0x88, 0x20, 0xC3, 0x20, 0xE7, 0x20, 0xF0, 0x20, 0xFE, 0x21, 0x11, 0x21, 0x1E, 0x21, 0x36,
    0x21, 0x4E, 0x21, 0x59, 0x21, 0x74, 0x21, 0x87, 0x21, 0x9B, 0x21, 0xB5, 0x21, 0xD0, 0x21, 0xE9,
    0x21, 0xF4, 0x22, 0x15, 0x22, 0x26, 0x22, 0x39, 0x22, 0x7E, 0x22, 0x92, 0x22, 0xCE, 0x22, 0xE5,
    0x22, 0xFC, 0x23, 0x15, 0x23, 0x28, 0x23, 0x51, 0x23, 0x89, 0x23, 0xE7, 0x24, 0x6C, 0x24, 0x8A,
    0x24, 0x9B, 0x24, 0xA7, 0x24, 0xB4, 0x24, 0xC1, 0x24, 0xD4, 0x24, 0xE1, 0x24, 0xF3, 0x25, 0x06,
    0x25, 0x20, 0x25, 0x42, 0x25, 0x68, 0x25, 0x74, 0x25, 0x84, 0x25, 0x94, 0x25, 0xAD, 0x25, 0xC6,
    0x25, 0xCE, 0x25, 0xD6, 0x25, 0xDE, 0x25, 0xE6, 0x25, 0xEE, 0x25, 0xFB, 0x26, 0x03, 0x26, 0x0B,
    0x26, 0x13, 0x26, 0x1B, 0x26, 0x23, 0x26, 0x2B, 0x26, 0x3C, 0x26, 0x48, 0x26, 0x50, 0x26, 0x58,
    0x26, 0x60, 0x26, 0x68, 0x26, 0x70, 0x26, 0x7B, 0x26, 0x83, 0x26, 0x8B, 0x26, 0x93, 0x26, 0xAD,
    0x26, 0xB5, 0x26, 0xBD, 0x26, 0xC9, 0x26, 0xD1, 0x26, 0xD9, 0x26, 0xE5, 0x27, 0x0F, 0x27, 0xB3,
    0x00, 0x02, 0x00, 0x70, 0x00, 0x00, 0x02, 0x44, 0x02, 0xB2, 0x00, 0x03, 0x00, 0x07, 0x00, 0x00,
    0x33, 0x11, 0x21, 0x11, 0x25, 0x21, 0x11, 0x21, 0x70, 0x01, 0xD4, 0xFE, 0x63, 0x01, 0x66, 0xFE,
    0x9A, 0x02, 0xB2, 0xFD, 0x4E, 0x33, 0x02, 0x4C, 0x00, 0x02, 0x00, 0x1F, 0x00, 0x00, 0x02, 0x7A,
    0x02, 0xB2, 0x00, 0x07, 0x00, 0x0B, 0x00, 0x00, 0x33, 0x01, 0x33, 0x01, 0x23, 0x03, 0x23, 0x03,
    0x37, 0x37, 0x21, 0x17, 0x1F, 0x01, 0x05, 0x51, 0x01, 0x05, 0x43, 0xE6, 0x0B, 0xE6, 0x1E, 0x0F,
    0x01, 0x7D, 0x0F, 0x02, 0xB2, 0xFD, 0x4E, 0x02, 0x70, 0xFD, 0x90, 0xB9, 0x38, 0x38, 0xFF, 0xFF,
    0x00, 0x1F, 0x00, 0x00, 0x02, 0x7A, 0x03, 0x7A, 0x02, 0x26, 0x00, 0x01, 0x00, 0x00, 0x00, 0x07,
    0x01, 0x78, 0x00, 0x85, 0x00, 0x94, 0xFF, 0xFF, 0x00, 0x1F, 0x00, 0x00, 0x02, 0x7A, 0x03, 0x7A,
    0x02, 0x26, 0x00, 0x01, 0x00, 0x00, 0x00, 0x07, 0x01, 0x7D, 0x00, 0x85, 0x00, 0x94, 0xFF, 0xFF,
    0x00, 0x1F, 0x00, 0x00, 0x02, 0x7A, 0x03, 0x7A, 0x02, 0x26, 0x00, 0x01, 0x00, 0x00, 0x00, 0x07,
    0x01, 0x7B, 0x00, 0x85, 0x00, 0x94, 0xFF, 0xFF, 0x00, 0x1F, 0x00, 0x00, 0x02, 0x7A, 0x03, 0x5A,
    0x02, 0x26, 0x00, 0x01, 0x00, 0x00, 0x00, 0x07, 0x01, 0x75, 0x00, 0x85, 0x00, 0x94, 0xFF, 0xFF,
    0x00, 0x1F, 0x00, 0x00, 0x02, 0x7A, 0x03, 0x7A, 0x02, 0x26, 0x00, 0x01, 0x00, 0x00, 0x00, 0x07,
    0x01, 0x77, 0x00, 0x85, 0x00, 0x94, 0xFF, 0xFF, 0x00, 0x1F, 0x00, 0x00, 0x02, 0x7A, 0x03, 0x47,
    0x02, 0x26, 0x00, 0x01, 0x00, 0x00, 0x00, 0x07, 0x01, 0x80, 0x00, 0xC1, 0x00, 0x94, 0x00, 0x03,
    0x00, 0x1F, 0xFF, 0x60, 0x02, 0x88, 0x02, 0xB2, 0x00, 0x0E, 0x00, 0x16, 0x00, 0x1A, 0x00, 0x00,
    0x05, 0x22, 0x35, 0x34, 0x36, 0x37, 0x35, 0x17, 0x06, 0x06, 0x15, 0x14, 0x33, 0x33, 0x15, 0x25,
    0x01, 0x33, 0x01, 0x23, 0x03, 0x23, 0x03, 0x37, 0x37, 0x21, 0x17, 0x02, 0x23, 0x47, 0x27, 0x34,
    0x43, 0x40, 0x2F, 0x1F, 0x5E, 0xFD, 0x97, 0x01, 0x05, 0x51, 0x01, 0x05, 0x43, 0xE6, 0x0B, 0xE6,
    0x1E, 0x0F, 0x01, 0x7D, 0x0F, 0xA0, 0x38, 0x1A, 0x38, 0x13, 0x12, 0x0F, 0x1C, 0x2F, 0x11, 0x19,
    0x2B, 0xA0, 0x02, 0xB2, 0xFD, 0x4E, 0x02, 0x70, 0xFD, 0x90, 0xB9, 0x38, 0x38, 0x00, 0xFF, 0xFF,
    0x00, 0x1F, 0x00, 0x00, 0x02, 0x7A, 0x03, 0x9E, 0x02, 0x26, 0x00, 0x01, 0x00, 0x00, 0x00, 0x07,
    0x01, 0x7E, 0x00, 0x85, 0x00, 0x94, 0xFF, 0xFF, 0x00, 0x1F, 0x00, 0x00, 0x02, 0x7A, 0x03, 0x7E,
    0x02, 0x26, 0x00, 0x01, 0x00, 0x00, 0x00, 0x07, 0x01, 0x7F, 0x00, 0x85, 0x00, 0x9C, 0x00, 0x03,
    0x00, 0x08, 0x00, 0x00, 0x03, 0x8A, 0x02, 0xB2, 0x00, 0x05, 0x00, 0x09, 0x00, 0x15, 0x00, 0x00,
    0x33, 0x01, 0x33, 0x07, 0x23, 0x01, 0x37, 0x37, 0x21, 0x15, 0x07, 0x11, 0x21, 0x15, 0x21, 0x15,
    0x21, 0x15, 0x21, 0x11, 0x21, 0x15, 0x08, 0x01, 0x96, 0x4A, 0x0B, 0x23, 0xFE, 0x96, 0x43, 0x10,
    0x01, 0x3C, 0x1A, 0x01, 0xC1, 0xFE, 0x7F, 0x01, 0x35, 0xFE, 0xCB, 0x01, 0x85, 0x02, 0xB2, 0x42,
    0xFD, 0x90, 0xB9, 0x36, 0x36, 0xB9, 0x02, 0xB2, 0x39, 0xFD, 0x38, 0xFE, 0xF5, 0x39, 0x00, 0x03,
    0x00, 0x6A, 0x00, 0x00, 0x02, 0x49, 0x02, 0xB2, 0x00, 0x0D, 0x00, 0x15, 0x00, 0x1D, 0x00, 0x00,
    0x33, 0x11, 0x21, 0x32, 0x16, 0x15, 0x14, 0x07, 0x15, 0x16, 0x15, 0x14, 0x06, 0x23, 0x27, 0x32,
    0x35, 0x35, 0x34, 0x23, 0x23, 0x11, 0x13, 0x32, 0x35, 0x35, 0x34, 0x23, 0x23, 0x15, 0x6A, 0x01,
    0x24, 0x55, 0x5F, 0x6E, 0x75, 0x62, 0x56, 0x06, 0x7B, 0x7B, 0xE1, 0xDF, 0x76, 0x76, 0xDF, 0x02,
    0xB2, 0x60, 0x57, 0x83, 0x12, 0x0C, 0x12, 0x8A, 0x5A, 0x64, 0x39, 0x7B, 0x15, 0x7B, 0xFE, 0xF5,
    0x01, 0x43, 0x76, 0x11, 0x76, 0xFD, 0x00, 0x01, 0x00, 0x3F, 0xFF, 0xF6, 0x02, 0x7D, 0x02, 0xBC,
    0x00, 0x1E, 0x00, 0x00, 0x05, 0x22, 0x26, 0x35, 0x34, 0x36, 0x33, 0x32, 0x16, 0x17, 0x23, 0x35,
    0x34, 0x26, 0x26, 0x23, 0x22, 0x06, 0x15, 0x15, 0x14, 0x16, 0x33, 0x32, 0x36, 0x36, 0x35, 0x35,
    0x33, 0x06, 0x06, 0x01, 0x63, 0x8B, 0x99, 0x99, 0x8B, 0x76, 0x91, 0x12, 0x42, 0x2D, 0x5F, 0x4B,
    0x73, 0x6D, 0x6D, 0x73, 0x4B, 0x5F, 0x2D, 0x43, 0x10, 0x92, 0x0A, 0xB4, 0xAF, 0xAF, 0xB4, 0x7E,
    0x79, 0x08, 0x32, 0x52, 0x32, 0x81, 0x87, 0x44, 0x87, 0x81, 0x33, 0x56, 0x33, 0x0A, 0x7D, 0x82,
    0xFF, 0xFF, 0x00, 0x3F, 0xFF, 0xF6, 0x02, 0x7D, 0x03, 0x7A, 0x02, 0x26, 0x00, 0x0D, 0x00, 0x00,
    0x00, 0x07, 0x01, 0x78, 0x00, 0x9B, 0x00, 0x94, 0xFF, 0xFF, 0x00, 0x3F, 0xFF, 0xF6, 0x02, 0x7D,
    0x03, 0x7A, 0x02, 0x26, 0x00, 0x0D, 0x00, 0x00, 0x00, 0x07, 0x01, 0x7C, 0x00, 0x9B, 0x00, 0x94,
    0xFF, 0xFF, 0x00, 0x3F, 0xFF, 0x52, 0x02, 0x7D, 0x02, 0xBC, 0x02, 0x26, 0x00, 0x0D, 0x00, 0x00,
    0x00, 0x07, 0x01, 0x83, 0x00, 0x9B, 0x00, 0x00, 0xFF, 0xFF, 0x00, 0x3F, 0xFF, 0xF6, 0x02, 0x7D,
    0x03, 0x5A, 0x02, 0x26, 0x00, 0x0D, 0x00, 0x00, 0x00, 0x07, 0x01, 0x76, 0x00, 0x9B, 0x00, 0x94,
    0x00, 0x02, 0x00, 0x69, 0x00, 0x00, 0x02, 0x84, 0x02, 0xB2, 0x00, 0x08, 0x00, 0x12, 0x00, 0x00,
    0x33, 0x11, 0x33, 0x32, 0x16, 0x15, 0x14, 0x06, 0x23, 0x27, 0x33, 0x32, 0x36, 0x35, 0x35, 0x34,
    0x26, 0x23, 0x23, 0x69, 0xF9, 0x90, 0x92, 0x92, 0x90, 0xB9, 0xB3, 0x74, 0x70, 0x70, 0x74, 0xB3,
    0x02, 0xB2, 0xA7, 0xB2, 0xB2, 0xA7, 0x39, 0x77, 0x88, 0x42, 0x88, 0x77, 0xFF, 0xFF, 0x00, 0x69,
    0x00, 0x00, 0x02, 0x84, 0x03, 0x7A, 0x02, 0x26, 0x00, 0x12, 0x00, 0x00, 0x00, 0x07, 0x01, 0x7C,
    0x00, 0x8C, 0x00, 0x94, 0xFF, 0xFF, 0x00, 0x27, 0x00, 0x00, 0x02, 0xA2, 0x02, 0xB2, 0x02, 0x06,
    0x00, 0x15, 0x00, 0x00, 0x00, 0x03, 0x00, 0x27, 0x00, 0x00, 0x02, 0xA2, 0x02, 0xB2, 0x00, 0x03,
    0x00, 0x0C, 0x00, 0x16, 0x00, 0x00, 0x13, 0x35, 0x21, 0x15, 0x01, 0x11, 0x33, 0x32, 0x16, 0x15,
    0x14, 0x06, 0x23, 0x27, 0x33, 0x32, 0x36, 0x35, 0x35, 0x34, 0x26, 0x23, 0x23, 0x27, 0x01, 0x6C,
    0xFE, 0xF4, 0xF9, 0x90, 0x92, 0x92, 0x90, 0xB9, 0xB3, 0x74, 0x70, 0x70, 0x74, 0xB3, 0x01, 0x46,
    0x34, 0x34, 0xFE, 0xBA, 0x02, 0xB2, 0xA7, 0xB2, 0xB2, 0xA7, 0x39, 0x77, 0x88, 0x42, 0x88, 0x77,
    0x00, 0x01, 0x00, 0x6A, 0x00, 0x00, 0x02, 0x2F, 0x02, 0xB2, 0x00, 0x0B, 0x00, 0x00, 0x33, 0x11,
    0x21, 0x15, 0x21, 0x15, 0x21, 0x15, 0x21, 0x11, 0x21, 0x15, 0x6A, 0x01, 0xC1, 0xFE, 0x7F, 0x01,
    0x35, 0xFE, 0xCB, 0x01, 0x85, 0x02, 0xB2, 0x39, 0xFD, 0x38, 0xFE, 0xF5, 0x39, 0x00, 0xFF, 0xFF,
    0x00, 0x6A, 0x00, 0x00, 0x02, 0x2F, 0x03, 0x7A, 0x02, 0x26, 0x00, 0x16, 0x00, 0x00, 0x00, 0x07,
    0x01, 0x78, 0x00, 0x8A, 0x00, 0x94, 0xFF, 0xFF, 0x00, 0x6A, 0x00, 0x00, 0x02, 0x2F, 0x03, 0x7A,
    0x02, 0x26, 0x00, 0x16, 0x00, 0x00, 0x00, 0x07, 0x01, 0x7C, 0x00, 0x80, 0x00, 0x94, 0xFF, 0xFF,
    0x00, 0x6A, 0x00, 0x00, 0x02, 0x2F, 0x03, 0x7A, 0x02, 0x26, 0x00, 0x16, 0x00, 0x00, 0x00, 0x07,
    0x01, 0x7B, 0x00, 0x8A, 0x00, 0x94, 0xFF, 0xFF, 0x00, 0x6A, 0x00, 0x00, 0x02, 0x2F, 0x03, 0x5A,
    0x02, 0x26, 0x00, 0x16, 0x00, 0x00, 0x00, 0x07, 0x01, 0x75, 0x00, 0x8A, 0x00, 0x94, 0xFF, 0xFF,
    0x00, 0x6A, 0x00, 0x00, 0x02, 0x2F, 0x03, 0x5A, 0x02, 0x26, 0x00, 0x16, 0x00, 0x00, 0x00, 0x07,
    0x01, 0x76, 0x00, 0x80, 0x00, 0x94, 0xFF, 0xFF, 0x00, 0x6A, 0x00, 0x00, 0x02, 0x2F, 0x03, 0x7A,
    0x02, 0x26, 0x00, 0x16, 0x00, 0x00, 0x00, 0x07, 0x01, 0x77, 0x00, 0x8A, 0x00, 0x94, 0xFF, 0xFF,
    0x00, 0x6A, 0x00, 0x00, 0x02, 0x2F, 0x03, 0x47, 0x02, 0x26, 0x00, 0x16, 0x00, 0x00, 0x00, 0x07,
    0x01, 0x80, 0x00, 0xBC, 0x00, 0x94, 0xFF, 0xFF, 0x00, 0x6A, 0xFF, 0x60, 0x02, 0x3D, 0x02, 0xB2,
    0x02, 0x26, 0x00, 0x16, 0x00, 0x00, 0x00, 0x07, 0x01, 0x84, 0x01, 0x67, 0x00, 0x00, 0x00, 0x01,
    0x00, 0x6A, 0x00, 0x00, 0x02, 0x2B, 0x02, 0xB2, 0x00, 0x09, 0x00, 0x00, 0x33, 0x11, 0x21, 0x15,
    0x21, 0x15, 0x21, 0x15, 0x21, 0x11, 0x6A, 0x01, 0xC1, 0xFE, 0x7F, 0x01, 0x35, 0xFE, 0xCB, 0x02,
    0xB2, 0x39, 0xFD, 0x38, 0xFE, 0xBC, 0x00, 0x01, 0x00, 0x3E, 0xFF, 0xF6, 0x02, 0x82, 0x02, 0xBC,
    0x00, 0x26, 0x00, 0x00, 0x05, 0x22, 0x26, 0x26, 0x35, 0x34, 0x36, 0x33, 0x32, 0x16, 0x17, 0x23,
    0x35, 0x34, 0x26, 0x26, 0x23, 0x22, 0x06, 0x15, 0x15, 0x14, 0x16, 0x33, 0x32, 0x36, 0x35, 0x35,
    0x17, 0x21, 0x35, 0x21, 0x11, 0x23, 0x35, 0x23, 0x0E, 0x02, 0x01, 0x5C, 0x5A, 0x80, 0x44, 0x9B,
    0x8B, 0x6F, 0x8E, 0x17, 0x43, 0x2A, 0x5D, 0x4C, 0x72, 0x6D, 0x6D, 0x73, 0x73, 0x6E, 0x29, 0xFE,
    0xFA, 0x01, 0x1B, 0x38, 0x0B, 0x12, 0x39, 0x58, 0x0A, 0x51, 0x9E, 0x74, 0xAF, 0xB4, 0x72, 0x6D,
    0x02, 0x28, 0x4B, 0x31, 0x81, 0x87, 0x43, 0x88, 0x81, 0x78, 0x6D, 0x3D, 0x29, 0x37, 0xFE, 0xA1,
    0x79, 0x23, 0x3C, 0x24, 0xFF, 0xFF, 0x00, 0x3E, 0xFF, 0xF6, 0x02, 0x82, 0x03, 0x7A, 0x02, 0x26,
    0x00, 0x20, 0x00, 0x00, 0x00, 0x07, 0x01, 0x7D, 0x00, 0x9C, 0x00, 0x94, 0xFF, 0xFF, 0x00, 0x3E,
    0xFF, 0x1B, 0x02, 0x82, 0x02, 0xBC, 0x02, 0x26, 0x00, 0x20, 0x00, 0x00, 0x00, 0x07, 0x01, 0x82,
    0x01, 0x25, 0x00, 0x00, 0xFF, 0xFF, 0x00, 0x3E, 0xFF, 0xF6, 0x02, 0x82, 0x03, 0x5A, 0x02, 0x26,
    0x00, 0x20, 0x00, 0x00, 0x00, 0x07, 0x01, 0x76, 0x00, 0x9C, 0x00, 0x94, 0x00, 0x03, 0x00, 0x69,
    0x00, 0x00, 0x02, 0x51, 0x02, 0xB2, 0x00, 0x03, 0x00, 0x07, 0x00, 0x0B, 0x00, 0x00, 0x21, 0x11,
    0x33, 0x11, 0x21, 0x11, 0x33, 0x11, 0x03, 0x35, 0x21, 0x15, 0x02, 0x11, 0x40, 0xFE, 0x18, 0x40,
    0x21, 0x01, 0xA9, 0x02, 0xB2, 0xFD, 0x4E, 0x02, 0xB2, 0xFD, 0x4E, 0x01, 0x44, 0x38, 0x38, 0x00,
    0x00, 0x04, 0x00, 0x27, 0x00, 0x00, 0x02, 0xCF, 0x02, 0xB2, 0x00, 0x03, 0x00, 0x07, 0x00, 0x0B,
    0x00, 0x0F, 0x00, 0x00, 0x21, 0x11, 0x33, 0x11, 0x21, 0x11, 0x33, 0x11, 0x03, 0x35, 0x21, 0x15,
    0x25, 0x35, 0x21, 0x15, 0x02, 0x2F, 0x40, 0xFE, 0x18, 0x40, 0x21, 0x01, 0xA9, 0xFD, 0xD8, 0x02,
    0xA8, 0x02, 0xB2, 0xFD, 0x4E, 0x02, 0xB2, 0xFD, 0x4E, 0x01, 0x44, 0x38, 0x38, 0xBC, 0x34, 0x34,
    0x00, 0x01, 0x00, 0x2F, 0x00, 0x00, 0x01, 0x44, 0x02, 0xB2, 0x00, 0x0B, 0x00, 0x00, 0x33, 0x35,
    0x33, 0x11, 0x23, 0x35, 0x21, 0x15, 0x23, 0x11, 0x33, 0x15, 0x2F, 0x6A, 0x6A, 0x01, 0x15, 0x6B,
    0x6B, 0x39, 0x02, 0x40, 0x39, 0x39, 0xFD, 0xC0, 0x39, 0x00, 0x00, 0x02, 0x00, 0x5C, 0xFF, 0xF6,
    0x02, 0x55, 0x02, 0xB2, 0x00, 0x11, 0x00, 0x15, 0x00, 0x00, 0x05, 0x22, 0x26, 0x35, 0x35, 0x33,
    0x15, 0x14, 0x16, 0x33, 0x32, 0x36, 0x35, 0x11, 0x33, 0x11, 0x14, 0x06, 0x01, 0x11, 0x33, 0x11,
    0x01, 0x58, 0x7F, 0x7D, 0x40, 0x5A, 0x62, 0x68, 0x55, 0x40, 0x79, 0xFE, 0x81, 0x3C, 0x0A, 0x8B,
    0x71, 0x03, 0x0F, 0x54, 0x63, 0x66, 0x6E, 0x01, 0xAF, 0xFE, 0x67, 0x94, 0x8F, 0x01, 0x7F, 0x01,
    0x3D, 0xFE, 0xC3, 0x00, 0xFF, 0xFF, 0x00, 0x4B, 0xFF, 0xF6, 0x02, 0x97, 0x03, 0x7A, 0x02, 0x26,
    0x00, 0x27, 0x00, 0x00, 0x00, 0x27, 0x01, 0x78, 0xFF, 0xB3, 0x00, 0x94, 0x00, 0x07, 0x01, 0x78,
    0x01, 0x70, 0x00, 0x94, 0xFF, 0xFF, 0x00, 0x2F, 0x00, 0x00, 0x01, 0x44, 0x03, 0x7A, 0x02, 0x26,
    0x00, 0x26, 0x00, 0x00, 0x00, 0x07, 0x01, 0x78, 0xFF, 0xF1, 0x00, 0x94, 0xFF, 0xFF, 0x00, 0x23,
    0x00, 0x00, 0x01, 0x4F, 0x03, 0x7A, 0x02, 0x26, 0x00, 0x26, 0x00, 0x00, 0x00, 0x07, 0x01, 0x7B,
    0xFF, 0xF1, 0x00, 0x94, 0xFF, 0xFF, 0x00, 0x2F, 0x00, 0x00, 0x01, 0x44, 0x03, 0x5A, 0x02, 0x26,
    0x00, 0x26, 0x00, 0x00, 0x00, 0x07, 0x01, 0x91, 0xFF, 0xF1, 0x00, 0x94, 0xFF, 0xFF, 0x00, 0x2F,
    0x00, 0x00, 0x01, 0x44, 0x03, 0x5A, 0x02, 0x26, 0x00, 0x26, 0x00, 0x00, 0x00, 0x07, 0x01, 0x76,
    0xFF, 0xF1, 0x00, 0x94, 0xFF, 0xFF, 0x00, 0x2F, 0x00, 0x00, 0x01, 0x44, 0x03, 0x7A, 0x02, 0x26,
    0x00, 0x26, 0x00, 0x00, 0x00, 0x07, 0x01, 0x77, 0xFF, 0xF1, 0x00, 0x94, 0xFF, 0xFF, 0x00, 0x2D,
    0x00, 0x00, 0x01, 0x45, 0x03, 0x47, 0x02, 0x26, 0x00, 0x26, 0x00, 0x00, 0x00, 0x07, 0x01, 0x80,
    0x00, 0x2D, 0x00, 0x94, 0xFF, 0xFF, 0x00, 0x2F, 0xFF, 0x60, 0x01, 0x52, 0x02, 0xB2, 0x02, 0x26,
    0x00, 0x26, 0x00, 0x00, 0x00, 0x06, 0x01, 0x84, 0x7C, 0x00, 0x00, 0x01, 0x00, 0x2C, 0xFF, 0xF6,
    0x02, 0x06, 0x02, 0xB2, 0x00, 0x11, 0x00, 0x00, 0x05, 0x22, 0x26, 0x35, 0x35, 0x33, 0x15, 0x14,
    0x16, 0x33, 0x32, 0x36, 0x35, 0x11, 0x33, 0x11, 0x14, 0x06, 0x01, 0x19, 0x79, 0x74, 0x40, 0x4F,
    0x5E, 0x5D, 0x50, 0x40, 0x73, 0x0A, 0x84, 0x85, 0x01, 0x0F, 0x66, 0x5C, 0x5F, 0x6F, 0x01, 0xB5,
    0xFE, 0x61, 0x94, 0x89, 0xFF, 0xFF, 0x00, 0x2C, 0xFF, 0xF6, 0x02, 0x45, 0x03, 0x7A, 0x02, 0x26,
    0x00, 0x30, 0x00, 0x00, 0x00, 0x07, 0x01, 0x78, 0x01, 0x1E, 0x00, 0x94, 0x00, 0x01, 0x00, 0x6D,
    0x00, 0x00, 0x02, 0x6E, 0x02, 0xB2, 0x00, 0x0B, 0x00, 0x00, 0x33, 0x11, 0x33, 0x11, 0x01, 0x33,
    0x01, 0x27, 0x01, 0x23, 0x01, 0x11, 0x6D, 0x40, 0x01, 0x5D, 0x55, 0xFE, 0x7A, 0x07, 0x01, 0x9C,
    0x58, 0xFE, 0x97, 0x02, 0xB2, 0xFE, 0xB9, 0x01, 0x47, 0xFE, 0x95, 0x3E, 0xFE, 0x7B, 0x01, 0x55,
    0xFE, 0xAB, 0xFF, 0xFF, 0x00, 0x6D, 0xFF, 0x1B, 0x02, 0x6E, 0x02, 0xB2, 0x02, 0x26, 0x00, 0x32,
    0x00, 0x00, 0x00, 0x07, 0x01, 0x82, 0x01, 0x23, 0x00, 0x00, 0x00, 0x01, 0x00, 0x69, 0x00, 0x00,
    0x02, 0x20, 0x02, 0xB2, 0x00, 0x05, 0x00, 0x00, 0x33, 0x11, 0x33, 0x11, 0x21, 0x15, 0x69, 0x40,
    0x01, 0x77, 0x02, 0xB2, 0xFD, 0x87, 0x39, 0x00, 0xFF, 0xFF, 0x00, 0x69, 0x00, 0x00, 0x02, 0x20,
    0x03, 0x7A, 0x02, 0x26, 0x00, 0x34, 0x00, 0x00, 0x00, 0x07, 0x01, 0x78, 0xFF, 0xD5, 0x00, 0x94,
    0xFF, 0xFF, 0x00, 0x69, 0x00, 0x00, 0x02, 0x20, 0x02, 0xB2, 0x02, 0x26, 0x00, 0x34, 0x00, 0x00,
    0x00, 0x07, 0x01, 0x8A, 0x00, 0xD1, 0x00, 0x00, 0xFF, 0xFF, 0x00, 0x69, 0xFF, 0x1B, 0x02, 0x20,
    0x02, 0xB2, 0x02, 0x26, 0x00, 0x34, 0x00, 0x00, 0x00, 0x07, 0x01, 0x82, 0x01, 0x06, 0x00, 0x00,
    0xFF, 0xFF, 0x00, 0x69, 0x00, 0x00, 0x02, 0x20, 0x02, 0xB2, 0x02, 0x26, 0x00, 0x34, 0x00, 0x00,
    0x00, 0x07, 0x01, 0x28, 0x01, 0x6F, 0x00, 0x12, 0x00, 0x02, 0x00, 0x28, 0x00, 0x00, 0x02, 0x3F,
    0x02, 0xB2, 0x00, 0x03, 0x00, 0x09, 0x00, 0x00, 0x37, 0x35, 0x25, 0x15, 0x01, 0x11, 0x33, 0x11,
    0x21, 0x15, 0x28, 0x01, 0x72, 0xFE, 0xEE, 0x41, 0x01, 0x76, 0xC5, 0x35, 0xBC, 0x35, 0xFE, 0x7F,
    0x02, 0xB2, 0xFD, 0x87, 0x39, 0x00, 0x00, 0x01, 0x00, 0x69, 0x00, 0x00, 0x03, 0x31, 0x02, 0xB2,
    0x00, 0x0F, 0x00, 0x00, 0x33, 0x11, 0x33, 0x13, 0x33, 0x13, 0x33, 0x11, 0x23, 0x11, 0x23, 0x03,
    0x23, 0x03, 0x23, 0x11, 0x69, 0x76, 0xE9, 0x0B, 0xE9, 0x75, 0x40, 0x0B, 0xFF, 0x35, 0xFF, 0x0C,
    0x02, 0xB2, 0xFD, 0xBA, 0x02, 0x46, 0xFD, 0x4E, 0x02, 0x83, 0xFD, 0x7D, 0x02, 0x83, 0xFD, 0x7D,
    0x00, 0x01, 0x00, 0x69, 0x00, 0x00, 0x02, 0x57, 0x02, 0xB2, 0x00, 0x11, 0x00, 0x00, 0x33, 0x11,
    0x33, 0x01, 0x33, 0x26, 0x26, 0x35, 0x11, 0x33, 0x11, 0x23, 0x01, 0x23, 0x16, 0x16, 0x15, 0x11,
    0x69, 0x61, 0x01, 0x48, 0x0B, 0x03, 0x01, 0x3E, 0x39, 0xFE, 0x90, 0x0B, 0x03, 0x01, 0x02, 0xB2,
    0xFD, 0xDB, 0x2F, 0x38, 0x17, 0x01, 0xA7, 0xFD, 0x4E, 0x02, 0x74, 0x2F, 0x38, 0x17, 0xFE, 0x0A,
    0xFF, 0xFF, 0x00, 0x69, 0x00, 0x00, 0x02, 0x57, 0x03, 0x7A, 0x02, 0x26, 0x00, 0x3B, 0x00, 0x00,
    0x00, 0x07, 0x01, 0x78, 0x00, 0x98, 0x00, 0x94, 0xFF, 0xFF, 0x00, 0x69, 0x00, 0x00, 0x02, 0x57,
    0x03, 0x7A, 0x02, 0x26, 0x00, 0x3B, 0x00, 0x00, 0x00, 0x07, 0x01, 0x7C, 0x00, 0x98, 0x00, 0x94,
    0xFF, 0xFF, 0x00, 0x69, 0xFF, 0x1B, 0x02, 0x57, 0x02, 0xB2, 0x02, 0x26, 0x00, 0x3B, 0x00, 0x00,
    0x00, 0x07, 0x01, 0x82, 0x01, 0x34, 0x00, 0x00, 0xFF, 0xFF, 0x00, 0x69, 0x00, 0x00, 0x02, 0x57,
    0x03, 0x7E, 0x02, 0x26, 0x00, 0x3B, 0x00, 0x00, 0x00, 0x07, 0x01, 0x7F, 0x00, 0x98, 0x00, 0x9C,
    0x00, 0x02, 0x00, 0x69, 0xFF, 0x5C, 0x02, 0x57, 0x02, 0xB2, 0x00, 0x11, 0x00, 0x19, 0x00, 0x00,
    0x33, 0x11, 0x33, 0x01, 0x33, 0x26, 0x26, 0x35, 0x11, 0x33, 0x11, 0x23, 0x01, 0x23, 0x16, 0x16,
    0x15, 0x11, 0x25, 0x15, 0x14, 0x23, 0x23, 0x35, 0x33, 0x35, 0x69, 0x61, 0x01, 0x48, 0x0B, 0x03,
    0x01, 0x3E, 0x39, 0xFE, 0x90, 0x0B, 0x03, 0x01, 0x01, 0xB0, 0x2F, 0x9C, 0x8D, 0x02, 0xB2, 0xFD,
    0xDB, 0x2F, 0x38, 0x17, 0x01, 0xA7, 0xFD, 0x4E, 0x02, 0x74, 0x2F, 0x38, 0x17, 0xFE, 0x0A, 0x72,
    0xE7, 0x2F, 0x33, 0xE3, 0x00, 0x02, 0x00, 0x3E, 0xFF, 0xF6, 0x02, 0x94, 0x02, 0xBC, 0x00, 0x0B,
    0x00, 0x19, 0x00, 0x00, 0x05, 0x22, 0x26, 0x35, 0x34, 0x36, 0x33, 0x32, 0x16, 0x15, 0x14, 0x06,
    0x27, 0x32, 0x36, 0x35, 0x35, 0x34, 0x26, 0x23, 0x22, 0x06, 0x15, 0x15, 0x14, 0x16, 0x01, 0x69,
    0x8E, 0x9D, 0x9D, 0x8E, 0x8F, 0x9C, 0x9C, 0x8F, 0x75, 0x72, 0x72, 0x75, 0x76, 0x71, 0x71, 0x0A,
    0xB4, 0xAF, 0xAF, 0xB4, 0xB4, 0xAF, 0xAF, 0xB4, 0x39, 0x81, 0x88, 0x42, 0x88, 0x81, 0x81, 0x88,
    0x42, 0x88, 0x81, 0x00, 0xFF, 0xFF, 0x00, 0x3E, 0xFF, 0xF6, 0x02, 0x94, 0x03, 0x7A, 0x02, 0x26,
    0x00, 0x41, 0x00, 0x00, 0x00, 0x07, 0x01, 0x78, 0x00, 0xA1, 0x00, 0x94, 0xFF, 0xFF, 0x00, 0x3E,
    0xFF, 0xF6, 0x02, 0x94, 0x03, 0x7A, 0x02, 0x26, 0x00, 0x41, 0x00, 0x00, 0x00, 0x07, 0x01, 0x7B,
    0x00, 0xA1, 0x00, 0x94, 0xFF, 0xFF, 0x00, 0x3E, 0xFF, 0xF6, 0x02, 0x94, 0x03, 0x5A, 0x02, 0x26,
    0x00, 0x41, 0x00, 0x00, 0x00, 0x07, 0x01, 0x75, 0x00, 0xA1, 0x00, 0x94, 0xFF, 0xFF, 0x00, 0x3E,
    0xFF, 0xF6, 0x02, 0x94, 0x03, 0x7A, 0x02, 0x26, 0x00, 0x41, 0x00, 0x00, 0x00, 0x07, 0x01, 0x77,
    0x00, 0xA1, 0x00, 0x94, 0xFF, 0xFF, 0x00, 0x3E, 0xFF, 0xF6, 0x02, 0x94, 0x03, 0x7A, 0x02, 0x26,
    0x00, 0x41, 0x00, 0x00, 0x00, 0x07, 0x01, 0x79, 0x00, 0xA1, 0x00, 0x94, 0xFF, 0xFF, 0x00, 0x3E,
    0xFF, 0xF6, 0x02, 0x94, 0x03, 0x47, 0x02, 0x26, 0x00, 0x41, 0x00, 0x00, 0x00, 0x07, 0x01, 0x80,
    0x00, 0xDD, 0x00, 0x94, 0x00, 0x03, 0x00, 0x31, 0xFF, 0xE2, 0x02, 0xA8, 0x02, 0xD0, 0x00, 0x0B,
    0x00, 0x19, 0x00, 0x25, 0x00, 0x00, 0x05, 0x22, 0x26, 0x35, 0x34, 0x36, 0x33, 0x32, 0x16, 0x15,
    0x14, 0x06, 0x27, 0x32, 0x36, 0x35, 0x35, 0x34, 0x26, 0x23, 0x22, 0x06, 0x15, 0x15, 0x14, 0x16,
    0x07, 0x37, 0x33, 0x01, 0x33, 0x37, 0x33, 0x07, 0x23, 0x01, 0x23, 0x07, 0x01, 0x6D, 0x8E, 0x9D,
    0x9D, 0x8E, 0x8F, 0x9C, 0x9C, 0x8F, 0x75, 0x72, 0x72, 0x75, 0x76, 0x71, 0x71, 0xC6, 0x5F, 0x03,
    0x01, 0x88, 0x03, 0x4A, 0x40, 0x5E, 0x03, 0xFE, 0x78, 0x03, 0x4A, 0x0A, 0xB4, 0xAF, 0xAF, 0xB4,
    0xB4, 0xAF, 0xAF, 0xB4, 0x39, 0x81, 0x88, 0x42, 0x88, 0x81, 0x81, 0x88, 0x42, 0x88, 0x81, 0x4D,
    0x7F, 0x02, 0x0F, 0x60, 0x7F, 0xFD, 0xF1, 0x60, 0xFF, 0xFF, 0x00, 0x3E, 0xFF, 0xF6, 0x02, 0x94,
    0x03, 0x7E, 0x02, 0x26, 0x00, 0x41, 0x00, 0x00, 0x00, 0x07, 0x01, 0x7F, 0x00, 0xA1, 0x00, 0x9C,
    0x00, 0x02, 0x00, 0x40, 0x00, 0x00, 0x03, 0xCB, 0x02, 0xB2, 0x00, 0x12, 0x00, 0x1E, 0x00, 0x00,
    0x21, 0x22, 0x26, 0x35, 0x34, 0x36, 0x33, 0x33, 0x15, 0x23, 0x22, 0x06, 0x15, 0x15, 0x14, 0x16,
    0x33, 0x33, 0x15, 0x23, 0x11, 0x21, 0x15, 0x21, 0x15, 0x21, 0x15, 0x21, 0x11, 0x21, 0x15, 0x01,
    0x62, 0x90, 0x92, 0x92, 0x90, 0xDA, 0xD4, 0x73, 0x71, 0x71, 0x73, 0xD4, 0x36, 0x01, 0xC1, 0xFE,
    0x7F, 0x01, 0x35, 0xFE, 0xCB, 0x01, 0x85, 0xA7, 0xB2, 0xB2, 0xA7, 0x39, 0x77, 0x88, 0x42, 0x88,
    0x77, 0x39, 0x02, 0xB2, 0x39, 0xFD, 0x38, 0xFE, 0xF5, 0x39, 0x00, 0x02, 0x00, 0x6A, 0x00, 0x00,
    0x02, 0x46, 0x02, 0xB2, 0x00, 0x0A, 0x00, 0x12, 0x00, 0x00, 0x33, 0x11, 0x21, 0x32, 0x16, 0x15,
    0x14, 0x06, 0x23, 0x23, 0x11, 0x13, 0x32, 0x35, 0x35, 0x34, 0x23, 0x23, 0x11, 0x6A, 0x01, 0x1E,
    0x59, 0x65, 0x65, 0x59, 0xDE, 0xD8, 0x82, 0x82, 0xD8, 0x02, 0xB2, 0x6A, 0x5F, 0x5C, 0x6A, 0xFE,
    0xDD, 0x01, 0x5A, 0x84, 0x17, 0x84, 0xFE, 0xE1, 0x00, 0x02, 0x00, 0x6B, 0x00, 0x00, 0x02, 0x47,
    0x02, 0xB2, 0x00, 0x03, 0x00, 0x14, 0x00, 0x00, 0x33, 0x11, 0x33, 0x11, 0x27, 0x35, 0x33, 0x32,
    0x35, 0x35, 0x34, 0x23, 0x23, 0x35, 0x33, 0x32, 0x16, 0x15, 0x14, 0x06, 0x23, 0x6B, 0x40, 0x20,
    0xF8, 0x81, 0x81, 0xF8, 0xFE, 0x59, 0x65, 0x65, 0x59, 0x02, 0xB2, 0xFD, 0x4E, 0x99, 0x37, 0x84,
    0x18, 0x84, 0x37, 0x69, 0x5E, 0x5C, 0x6B, 0x00, 0x00, 0x03, 0x00, 0x3E, 0xFF, 0xB8, 0x02, 0x94,
    0x02, 0xBC, 0x00, 0x0B, 0x00, 0x19, 0x00, 0x1D, 0x00, 0x00, 0x05, 0x22, 0x26, 0x35, 0x34, 0x36,
    0x33, 0x32, 0x16, 0x15, 0x14, 0x06, 0x27, 0x32, 0x36, 0x35, 0x35, 0x34, 0x26, 0x23, 0x22, 0x06,
    0x15, 0x15, 0x14, 0x16, 0x05, 0x03, 0x33, 0x13, 0x01, 0x69, 0x8E, 0x9D, 0x9D, 0x8E, 0x8F, 0x9C,
    0x9C, 0x8F, 0x75, 0x72, 0x72, 0x75, 0x76, 0x71, 0x71, 0x01, 0x22, 0xDC, 0x3D, 0xDC, 0x0A, 0xB4,
    0xAF, 0xAF, 0xB4, 0xB4, 0xAF, 0xAF, 0xB4, 0x39, 0x81, 0x88, 0x42, 0x88, 0x81, 0x81, 0x88, 0x42,
    0x88, 0x81, 0x77, 0x01, 0x77, 0xFE, 0x89, 0x00, 0x00, 0x03, 0x00, 0x6C, 0x00, 0x00, 0x02, 0x56,
    0x02, 0xB2, 0x00, 0x0A, 0x00, 0x0E, 0x00, 0x16, 0x00, 0x00, 0x33, 0x11, 0x21, 0x32, 0x16, 0x15,
    0x14, 0x06, 0x23, 0x23, 0x11, 0x21, 0x03, 0x33, 0x13, 0x03, 0x32, 0x35, 0x35, 0x34, 0x23, 0x23,
    0x11, 0x6C, 0x01, 0x25, 0x56, 0x60, 0x61, 0x54, 0xE6, 0x01, 0x61, 0xDC, 0x48, 0xDD, 0xCB, 0x7A,
    0x7A, 0xDF, 0x02, 0xB2, 0x66, 0x59, 0x57, 0x65, 0xFE, 0xC9, 0x01, 0x63, 0xFE, 0x9D, 0x01, 0x6E,
    0x7C, 0x13, 0x7C, 0xFE, 0xF5, 0x00, 0xFF, 0xFF, 0x00, 0x6C, 0x00, 0x00, 0x02, 0x56, 0x03, 0x7A,
    0x02, 0x26, 0x00, 0x4E, 0x00, 0x00, 0x00, 0x07, 0x01, 0x78, 0x00, 0x80, 0x00, 0x94, 0xFF, 0xFF,
    0x00, 0x6C, 0x00, 0x00, 0x02, 0x56, 0x03, 0x7A, 0x02, 0x26, 0x00, 0x4E, 0x00, 0x00, 0x00, 0x07,
    0x01, 0x7C, 0x00, 0x80, 0x00, 0x94, 0xFF, 0xFF, 0x00, 0x6C, 0xFF, 0x1B, 0x02, 0x56, 0x02, 0xB2,
    0x02, 0x26, 0x00, 0x4E, 0x00, 0x00, 0x00, 0x07, 0x01, 0x82, 0x01, 0x18, 0x00, 0x00, 0x00, 0x01,
    0x00, 0x41, 0xFF, 0xF6, 0x02, 0x49, 0x02, 0xBC, 0x00, 0x2B, 0x00, 0x00, 0x05, 0x22, 0x26, 0x27,
    0x33, 0x31, 0x14, 0x16, 0x33, 0x32, 0x36, 0x35, 0x35, 0x34, 0x26, 0x27, 0x27, 0x26, 0x26, 0x35,
    0x34, 0x36, 0x33, 0x32, 0x16, 0x17, 0x23, 0x31, 0x34, 0x26, 0x23, 0x22, 0x06, 0x15, 0x15, 0x14,
    0x16, 0x17, 0x17, 0x16, 0x16, 0x15, 0x14, 0x06, 0x01, 0x46, 0x72, 0x80, 0x13, 0x43, 0x5E, 0x64,
    0x5C, 0x66, 0x3E, 0x4A, 0x91, 0x59, 0x55, 0x86, 0x7A, 0x71, 0x7E, 0x14, 0x43, 0x5B, 0x65, 0x5A,
    0x65, 0x3E, 0x48, 0x91, 0x5B, 0x55, 0x87, 0x0A, 0x63, 0x6E, 0x41, 0x57, 0x45, 0x40, 0x06, 0x2F,
    0x35, 0x0F, 0x1C, 0x13, 0x52, 0x48, 0x5E, 0x68, 0x63, 0x6E, 0x40, 0x58, 0x45, 0x40, 0x06, 0x2E,
    0x37, 0x0E, 0x1C, 0x13, 0x52, 0x48, 0x5E, 0x68, 0xFF, 0xFF, 0x00, 0x41, 0xFF, 0xF6, 0x02, 0x49,
    0x03, 0x7A, 0x02, 0x26, 0x00, 0x52, 0x00, 0x00, 0x00, 0x07, 0x01, 0x78, 0x00, 0x75, 0x00, 0x94,
    0xFF, 0xFF, 0x00, 0x41, 0xFF, 0xF6, 0x02, 0x49, 0x03, 0x7A, 0x02, 0x26, 0x00, 0x52, 0x00, 0x00,
    0x00, 0x07, 0x01, 0x7C, 0x00, 0x75, 0x00, 0x94, 0xFF, 0xFF, 0x00, 0x41, 0xFF, 0x52, 0x02, 0x49,
    0x02, 0xBC, 0x02, 0x26, 0x00, 0x52, 0x00, 0x00, 0x00, 0x06, 0x01, 0x83, 0x7E, 0x00, 0xFF, 0xFF,
    0x00, 0x41, 0xFF, 0x1B, 0x02, 0x49, 0x02, 0xBC, 0x02, 0x26, 0x00, 0x52, 0x00, 0x00, 0x00, 0x07,
    0x01, 0x82, 0x01, 0x08, 0x00, 0x00, 0x00, 0x01, 0x00, 0x6C, 0x00, 0x00, 0x02, 0x60, 0x02, 0xB2,
    0x00, 0x19, 0x00, 0x00, 0x33, 0x11, 0x21, 0x15, 0x03, 0x27, 0x33, 0x32, 0x16, 0x15, 0x14, 0x06,
    0x23, 0x23, 0x35, 0x33, 0x32, 0x35, 0x35, 0x34, 0x23, 0x23, 0x35, 0x37, 0x21, 0x11, 0x6C, 0x01,
    0xE0, 0xD2, 0x1A, 0x39, 0x5E, 0x69, 0x6B, 0x5F, 0x8B, 0x85, 0x8E, 0x8E, 0x52, 0xBE, 0xFE, 0xB0,
    0x02, 0xB2, 0x35, 0xFE, 0xF4, 0x16, 0x67, 0x5C, 0x5D, 0x67, 0x35, 0x84, 0x18, 0x84, 0x33, 0xF5,
    0xFD, 0x83, 0x00, 0x01, 0x00, 0x27, 0x00, 0x00, 0x02, 0x28, 0x02, 0xB2, 0x00, 0x07, 0x00, 0x00,
    0x21, 0x11, 0x23, 0x35, 0x21, 0x15, 0x23, 0x11, 0x01, 0x07, 0xE0, 0x02, 0x01, 0xE1, 0x02, 0x79,
    0x39, 0x39, 0xFD, 0x87, 0xFF, 0xFF, 0x00, 0x27, 0x00, 0x00, 0x02, 0x28, 0x03, 0x7A, 0x02, 0x26,
    0x00, 0x58, 0x00, 0x00, 0x00, 0x07, 0x01, 0x7C, 0x00, 0x5F, 0x00, 0x94, 0xFF, 0xFF, 0x00, 0x27,
    0xFF, 0x1B, 0x02, 0x28, 0x02, 0xB2, 0x02, 0x26, 0x00, 0x58, 0x00, 0x00, 0x00, 0x07, 0x01, 0x82,
    0x00, 0xE9, 0x00, 0x00, 0x00, 0x01, 0x00, 0x5E, 0xFF, 0xF6, 0x02, 0x62, 0x02, 0xB2, 0x00, 0x11,
    0x00, 0x00, 0x05, 0x22, 0x26, 0x35, 0x11, 0x33, 0x11, 0x14, 0x16, 0x33, 0x32, 0x36, 0x35, 0x11,
    0x33, 0x11, 0x14, 0x06, 0x01, 0x60, 0x83, 0x7F, 0x40, 0x5A, 0x68, 0x68, 0x59, 0x41, 0x7F, 0x0A,
    0x85, 0x82, 0x01, 0xB5, 0xFE, 0x43, 0x67, 0x5F, 0x5F, 0x67, 0x01, 0xBD, 0xFE, 0x4B, 0x82, 0x85,
    0xFF, 0xFF, 0x00, 0x5E, 0xFF, 0xF6, 0x02, 0x62, 0x03, 0x7A, 0x02, 0x26, 0x00, 0x5B, 0x00, 0x00,
    0x00, 0x07, 0x01, 0x78, 0x00, 0x96, 0x00, 0x94, 0xFF, 0xFF, 0x00, 0x5E, 0xFF, 0xF6, 0x02, 0x62,
    0x03, 0x7A, 0x02, 0x26, 0x00, 0x5B, 0x00, 0x00, 0x00, 0x07, 0x01, 0x7D, 0x00, 0x96, 0x00, 0x94,
    0xFF, 0xFF, 0x00, 0x5E, 0xFF, 0xF6, 0x02, 0x62, 0x03, 0x7A, 0x02, 0x26, 0x00, 0x5B, 0x00, 0x00,
    0x00, 0x07, 0x01, 0x7B, 0x00, 0x96, 0x00, 0x94, 0xFF, 0xFF, 0x00, 0x5E, 0xFF, 0xF6, 0x02, 0x62,
    0x03, 0x5A, 0x02, 0x26, 0x00, 0x5B, 0x00, 0x00, 0x00, 0x07, 0x01, 0x75, 0x00, 0x96, 0x00, 0x94,
    0xFF, 0xFF, 0x00, 0x5E, 0xFF, 0xF6, 0x02, 0x62, 0x03, 0x7A, 0x02, 0x26, 0x00, 0x5B, 0x00, 0x00,
    0x00, 0x07, 0x01, 0x77, 0x00, 0x96, 0x00, 0x94, 0xFF, 0xFF, 0x00, 0x5E, 0xFF, 0xF6, 0x02, 0x62,
    0x03, 0x7A, 0x02, 0x26, 0x00, 0x5B, 0x00, 0x00, 0x00, 0x07, 0x01, 0x79, 0x00, 0x96, 0x00, 0x94,
    0xFF, 0xFF, 0x00, 0x5E, 0xFF, 0xF6, 0x02, 0x62, 0x03, 0x47, 0x02, 0x26, 0x00, 0x5B, 0x00, 0x00,
    0x00, 0x07, 0x01, 0x80, 0x00, 0xD2, 0x00, 0x94, 0xFF, 0xFF, 0x00, 0x5E, 0xFF, 0x60, 0x02, 0x62,
    0x02, 0xB2, 0x02, 0x26, 0x00, 0x5B, 0x00, 0x00, 0x00, 0x07, 0x01, 0x84, 0x00, 0xF2, 0x00, 0x00,
    0xFF, 0xFF, 0x00, 0x5E, 0xFF, 0xF6, 0x02, 0x62, 0x03, 0x9E, 0x02, 0x26, 0x00, 0x5B, 0x00, 0x00,
    0x00, 0x07, 0x01, 0x7E, 0x00, 0x96, 0x00, 0x94, 0x00, 0x01, 0x00, 0x1F, 0x00, 0x00, 0x02, 0x76,
    0x02, 0xB2, 0x00, 0x07, 0x00, 0x00, 0x21, 0x01, 0x33, 0x13, 0x33, 0x13, 0x33, 0x01, 0x01, 0x26,
    0xFE, 0xF9, 0x43, 0xE4, 0x0B, 0xE4, 0x41, 0xFE, 0xF9, 0x02, 0xB2, 0xFD, 0x9F, 0x02, 0x61, 0xFD,
    0x4E, 0x00, 0x00, 0x01, 0x00, 0x24, 0x00, 0x00, 0x03, 0xA3, 0x02, 0xB2, 0x00, 0x0F, 0x00, 0x00,
    0x33, 0x03, 0x33, 0x13, 0x33, 0x13, 0x33, 0x13, 0x33, 0x13, 0x33, 0x03, 0x23, 0x03, 0x23, 0x03,
    0xED, 0xC9, 0x41, 0xA9, 0x0B, 0xB1, 0x35, 0xB1, 0x0B, 0xA9, 0x3F, 0xC9, 0x48, 0xA8, 0x0B, 0xAA,
    0x02, 0xB2, 0xFD, 0x9F, 0x02, 0x61, 0xFD, 0x9F, 0x02, 0x61, 0xFD, 0x4E, 0x02, 0x41, 0xFD, 0xBF,
    0xFF, 0xFF, 0x00, 0x24, 0x00, 0x00, 0x03, 0xA3, 0x03, 0x7A, 0x02, 0x26, 0x00, 0x66, 0x00, 0x00,
    0x00, 0x07, 0x01, 0x78, 0x01, 0x1C, 0x00, 0x94, 0xFF, 0xFF, 0x00, 0x24, 0x00, 0x00, 0x03, 0xA3,
    0x03, 0x7A, 0x02, 0x26, 0x00, 0x66, 0x00, 0x00, 0x00, 0x07, 0x01, 0x7B, 0x01, 0x1C, 0x00, 0x94,
    0xFF, 0xFF, 0x00, 0x24, 0x00, 0x00, 0x03, 0xA3, 0x03, 0x5A, 0x02, 0x26, 0x00, 0x66, 0x00, 0x00,
    0x00, 0x07, 0x01, 0x75, 0x01, 0x1C, 0x00, 0x94, 0xFF, 0xFF, 0x00, 0x24, 0x00, 0x00, 0x03, 0xA3,
    0x03, 0x7A, 0x02, 0x26, 0x00, 0x66, 0x00, 0x00, 0x00, 0x07, 0x01, 0x77, 0x01, 0x1C, 0x00, 0x94,
    0x00, 0x01, 0x00, 0x22, 0x00, 0x00, 0x02, 0x4C, 0x02, 0xB2, 0x00, 0x0F, 0x00, 0x00, 0x33, 0x13,
    0x07, 0x03, 0x33, 0x13, 0x33, 0x13, 0x33, 0x03, 0x27, 0x13, 0x23, 0x03, 0x23, 0x03, 0x22, 0xF2,
    0x01, 0xEA, 0x4A, 0xBF, 0x0B, 0xC0, 0x48, 0xEA, 0x01, 0xF2, 0x4A, 0xC7, 0x0B, 0xC6, 0x01, 0x78,
    0x26, 0x01, 0x60, 0xFE, 0xD7, 0x01, 0x29, 0xFE, 0xA0, 0x26, 0xFE, 0x88, 0x01, 0x3B, 0xFE, 0xC5,
    0x00, 0x01, 0x00, 0x1C, 0x00, 0x00, 0x02, 0x67, 0x02, 0xB2, 0x00, 0x09, 0x00, 0x00, 0x21, 0x11,
    0x01, 0x33, 0x13, 0x33, 0x13, 0x33, 0x01, 0x11, 0x01, 0x22, 0xFE, 0xFA, 0x48, 0xD9, 0x0B, 0xD9,
    0x46, 0xFE, 0xFB, 0x01, 0x23, 0x01, 0x8F, 0xFE, 0xB3, 0x01, 0x4D, 0xFE, 0x71, 0xFE, 0xDD, 0x00,
    0xFF, 0xFF, 0x00, 0x1C, 0x00, 0x00, 0x02, 0x67, 0x03, 0x7A, 0x02, 0x26, 0x00, 0x6C, 0x00, 0x00,
    0x00, 0x07, 0x01, 0x78, 0x00, 0x7B, 0x00, 0x94, 0xFF, 0xFF, 0x00, 0x1C, 0x00, 0x00, 0x02, 0x67,
    0x03, 0x7A, 0x02, 0x26, 0x00, 0x6C, 0x00, 0x00, 0x00, 0x07, 0x01, 0x7B, 0x00, 0x7B, 0x00, 0x94,
    0xFF, 0xFF, 0x00, 0x1C, 0x00, 0x00, 0x02, 0x67, 0x03, 0x5A, 0x02, 0x26, 0x00, 0x6C, 0x00, 0x00,
    0x00, 0x07, 0x01, 0x75, 0x00, 0x7B, 0x00, 0x94, 0xFF, 0xFF, 0x00, 0x1C, 0x00, 0x00, 0x02, 0x67,
    0x03, 0x7A, 0x02, 0x26, 0x00, 0x6C, 0x00, 0x00, 0x00, 0x07, 0x01, 0x77, 0x00, 0x7B, 0x00, 0x94,
    0x00, 0x01, 0x00, 0x30, 0x00, 0x00, 0x02, 0x22, 0x02, 0xB2, 0x00, 0x09, 0x00, 0x00, 0x33, 0x35,
    0x01, 0x21, 0x35, 0x21, 0x15, 0x01, 0x21, 0x15, 0x30, 0x01, 0x9F, 0xFE, 0x64, 0x01, 0xEC, 0xFE,
    0x60, 0x01, 0xA3, 0x35, 0x02, 0x48, 0x35, 0x35, 0xFD, 0xB8, 0x35, 0x00, 0xFF, 0xFF, 0x00, 0x30,
    0x00, 0x00, 0x02, 0x22, 0x03, 0x7A, 0x02, 0x26, 0x00, 0x71, 0x00, 0x00, 0x00, 0x07, 0x01, 0x78,
    0x00, 0x61, 0x00, 0x94, 0xFF, 0xFF, 0x00, 0x30, 0x00, 0x00, 0x02, 0x22, 0x03, 0x7A, 0x02, 0x26,
    0x00, 0x71, 0x00, 0x00, 0x00, 0x07, 0x01, 0x7C, 0x00, 0x61, 0x00, 0x94, 0xFF, 0xFF, 0x00, 0x30,
    0x00, 0x00, 0x02, 0x22, 0x03, 0x5A, 0x02, 0x26, 0x00, 0x71, 0x00, 0x00, 0x00, 0x07, 0x01, 0x76,
    0x00, 0x61, 0x00, 0x94, 0x00, 0x01, 0x00, 0x39, 0xFF, 0xF6, 0x01, 0xE1, 0x02, 0x20, 0x00, 0x29,
    0x00, 0x00, 0x17, 0x22, 0x26, 0x35, 0x34, 0x36, 0x37, 0x37, 0x15, 0x07, 0x06, 0x06, 0x15, 0x15,
    0x14, 0x16, 0x33, 0x32, 0x3D, 0x03, 0x34, 0x26, 0x23, 0x22, 0x06, 0x06, 0x15, 0x31, 0x23, 0x36,
    0x33, 0x32, 0x16, 0x15, 0x11, 0x23, 0x35, 0x23, 0x06, 0x06, 0xEE, 0x55, 0x60, 0x64, 0x5F, 0xA7,
    0x97, 0x4B, 0x48, 0x45, 0x44, 0xA1, 0x42, 0x49, 0x33, 0x3E, 0x1C, 0x41, 0x25, 0xAA, 0x63, 0x65,
    0x37, 0x0B, 0x1B, 0x55, 0x0A, 0x4D, 0x46, 0x45, 0x4F, 0x0A, 0x10, 0x2F, 0x0F, 0x07, 0x31, 0x2F,
    0x01, 0x31, 0x33, 0x8E, 0x5A, 0x0C, 0x32, 0x4E, 0x48, 0x1F, 0x2D, 0x14, 0x97, 0x65, 0x63, 0xFE,
    0xA8, 0x4B, 0x2A, 0x2B, 0xFF, 0xFF, 0x00, 0x39, 0xFF, 0xF6, 0x01, 0xE1, 0x02, 0xE6, 0x02, 0x26,
    0x00, 0x75, 0x00, 0x00, 0x00, 0x06, 0x01, 0x78, 0x42, 0x00, 0xFF, 0xFF, 0x00, 0x39, 0xFF, 0xF6,
    0x01, 0xE1, 0x02, 0xE6, 0x02, 0x26, 0x00, 0x75, 0x00, 0x00, 0x00, 0x06, 0x01, 0x9C, 0x42, 0x00,
    0xFF, 0xFF, 0x00, 0x39, 0xFF, 0xF6, 0x01, 0xE1, 0x02, 0xE6, 0x02, 0x26, 0x00, 0x75, 0x00, 0x00,
    0x00, 0x06, 0x01, 0x7B, 0x42, 0x00, 0xFF, 0xFF, 0x00, 0x39, 0xFF, 0xF6, 0x01, 0xE1, 0x02, 0xC6,
    0x02, 0x26, 0x00, 0x75, 0x00, 0x00, 0x00, 0x06, 0x01, 0x75, 0x42, 0x00, 0xFF, 0xFF, 0x00, 0x39,
    0xFF, 0xF6, 0x01, 0xE1, 0x02, 0xE6, 0x02, 0x26, 0x00, 0x75, 0x00, 0x00, 0x00, 0x06, 0x01, 0x77,
    0x42, 0x00, 0xFF, 0xFF, 0x00, 0x39, 0xFF, 0xF6, 0x01, 0xE1, 0x02, 0xB3, 0x02, 0x26, 0x00, 0x75,
    0x00, 0x00, 0x00, 0x06, 0x01, 0x80, 0x7E, 0x00, 0x00, 0x02, 0x00, 0x39, 0xFF, 0x60, 0x01, 0xFE,
    0x02, 0x20, 0x00, 0x0E, 0x00, 0x38, 0x00, 0x00, 0x05, 0x22, 0x35, 0x34, 0x36, 0x37, 0x35, 0x17,
    0x06, 0x06, 0x15, 0x14, 0x33, 0x33, 0x15, 0x25, 0x22, 0x26, 0x35, 0x34, 0x36, 0x37, 0x37, 0x15,
    0x07, 0x06, 0x06, 0x15, 0x15, 0x14, 0x16, 0x33, 0x32, 0x3D, 0x03, 0x34, 0x26, 0x23, 0x22, 0x06,
    0x06, 0x15, 0x31, 0x23, 0x36, 0x33, 0x32, 0x16, 0x15, 0x11, 0x23, 0x35, 0x23, 0x06, 0x06, 0x01,
    0x99, 0x47, 0x2D, 0x2B, 0x37, 0x34, 0x2C, 0x1F, 0x5E, 0xFE, 0xF0, 0x55, 0x60, 0x64, 0x5F, 0xA7,
    0x97, 0x4B, 0x48, 0x45, 0x44, 0xA1, 0x42, 0x49, 0x33, 0x3E, 0x1C, 0x41, 0x25, 0xAA, 0x63, 0x65,
    0x37, 0x0B, 0x1B, 0x55, 0xA0, 0x38, 0x1A, 0x33, 0x10, 0x18, 0x0D, 0x1C, 0x2F, 0x11, 0x19, 0x2B,
    0x96, 0x4D, 0x46, 0x45, 0x4F, 0x0A, 0x10, 0x2F, 0x0F, 0x07, 0x31, 0x2F, 0x01, 0x31, 0x33, 0x8E,
    0x5A, 0x0C, 0x32, 0x4E, 0x48, 0x1F, 0x2D, 0x14, 0x97, 0x65, 0x63, 0xFE, 0xA8, 0x4B, 0x2A, 0x2B,
    0xFF, 0xFF, 0x00, 0x39, 0xFF, 0xF6, 0x01, 0xE1, 0x03, 0x0A, 0x02, 0x26, 0x00, 0x75, 0x00, 0x00,
    0x00, 0x06, 0x01, 0x7E, 0x42, 0x00, 0xFF, 0xFF, 0x00, 0x39, 0xFF, 0xF6, 0x01, 0xE1, 0x02, 0xE2,
    0x02, 0x26, 0x00, 0x75, 0x00, 0x00, 0x00, 0x06, 0x01, 0x7F, 0x42, 0x00, 0x00, 0x01, 0x00, 0x3A,
    0xFF, 0xF6, 0x03, 0x6F, 0x02, 0x20, 0x00, 0x49, 0x00, 0x00, 0x17, 0x22, 0x26, 0x35, 0x34, 0x36,
    0x37, 0x37, 0x15, 0x07, 0x06, 0x06, 0x15, 0x31, 0x14, 0x16, 0x33, 0x32, 0x3D, 0x03, 0x34, 0x26,
    0x23, 0x22, 0x06, 0x06, 0x15, 0x31, 0x23, 0x36, 0x33, 0x32, 0x16, 0x17, 0x33, 0x36, 0x36, 0x33,
    0x32, 0x16, 0x15, 0x15, 0x21, 0x35, 0x21, 0x07, 0x35, 0x34, 0x26, 0x23, 0x22, 0x06, 0x15, 0x15,
    0x14, 0x16, 0x33, 0x32, 0x36, 0x36, 0x35, 0x31, 0x33, 0x06, 0x06, 0x23, 0x22, 0x26, 0x27, 0x23,
    0x06, 0x06, 0xEF, 0x55, 0x60, 0x61, 0x5B, 0xA7, 0x97, 0x47, 0x45, 0x43, 0x42, 0x9E, 0x41, 0x47,
    0x32, 0x3C, 0x1B, 0x41, 0x25, 0xA7, 0x45, 0x57, 0x0E, 0x0B, 0x14, 0x63, 0x45, 0x6C, 0x7B, 0xFE,
    0x56, 0x01, 0x8C, 0x1C, 0x55, 0x58, 0x58, 0x55, 0x55, 0x58, 0x3B, 0x41, 0x1B, 0x41, 0x17, 0x6E,
    0x53, 0x46, 0x67, 0x1A, 0x0B, 0x21, 0x65, 0x0A, 0x4D, 0x46, 0x45, 0x4F, 0x0A, 0x10, 0x2F, 0x0F,
    0x07, 0x31, 0x30, 0x31, 0x33, 0x8E, 0x5A, 0x0C, 0x32, 0x4E, 0x48, 0x1F, 0x2D, 0x14, 0x97, 0x31,
    0x2A, 0x29, 0x32, 0x85, 0x7C, 0x1B, 0x30, 0x23, 0x0B, 0x6A, 0x64, 0x64, 0x6A, 0x21, 0x6A, 0x64,
    0x25, 0x2E, 0x0D, 0x4A, 0x4D, 0x38, 0x35, 0x3C, 0x31, 0x00, 0x00, 0x02, 0x00, 0x5E, 0xFF, 0xF6,
    0x02, 0x33, 0x02, 0xD2, 0x00, 0x16, 0x00, 0x24, 0x00, 0x00, 0x05, 0x22, 0x26, 0x27, 0x23, 0x15,
    0x23, 0x11, 0x33, 0x15, 0x14, 0x06, 0x07, 0x33, 0x36, 0x36, 0x33, 0x32, 0x16, 0x15, 0x14, 0x06,
    0x06, 0x27, 0x32, 0x36, 0x35, 0x35, 0x34, 0x26, 0x23, 0x22, 0x06, 0x15, 0x15, 0x14, 0x16, 0x01,
    0x53, 0x3B, 0x57, 0x20, 0x0B, 0x38, 0x3E, 0x01, 0x03, 0x0B, 0x1F, 0x56, 0x3B, 0x6A, 0x76, 0x35,
    0x64, 0x53, 0x57, 0x53, 0x53, 0x57, 0x58, 0x53, 0x53, 0x0A, 0x31, 0x31, 0x58, 0x02, 0xD2, 0x99,
    0x17, 0x36, 0x29, 0x2E, 0x2F, 0x90, 0x85, 0x58, 0x7C, 0x41, 0x37, 0x64, 0x69, 0x22, 0x69, 0x64,
    0x64, 0x69, 0x22, 0x69, 0x64, 0x00, 0x00, 0x01, 0x00, 0x3A, 0xFF, 0xF6, 0x02, 0x0E, 0x02, 0x20,
    0x00, 0x1E, 0x00, 0x00, 0x05, 0x22, 0x26, 0x35, 0x34, 0x36, 0x33, 0x32, 0x16, 0x17, 0x23, 0x31,
    0x34, 0x26, 0x26, 0x23, 0x22, 0x06, 0x15, 0x15, 0x14, 0x16, 0x33, 0x32, 0x36, 0x36, 0x35, 0x31,
    0x33, 0x06, 0x06, 0x01, 0x29, 0x70, 0x7F, 0x7F, 0x70, 0x5C, 0x77, 0x11, 0x3F, 0x22, 0x48, 0x3B,
    0x56, 0x56, 0x56, 0x56, 0x3B, 0x48, 0x22, 0x40, 0x0F, 0x78, 0x0A, 0x8F, 0x86, 0x86, 0x8F, 0x5F,
    0x5A, 0x1C, 0x3C, 0x2A, 0x64, 0x69, 0x22, 0x69, 0x64, 0x2A, 0x40, 0x20, 0x5D, 0x64, 0xFF, 0xFF,
    0x00, 0x3A, 0xFF, 0xF6, 0x02, 0x0E, 0x02, 0xE6, 0x02, 0x26, 0x00, 0x81, 0x00, 0x00, 0x00, 0x06,
    0x01, 0x78, 0x61, 0x00, 0xFF, 0xFF, 0x00, 0x3A, 0xFF, 0xF6, 0x02, 0x0E, 0x02, 0xE6, 0x02, 0x26,
    0x00, 0x81, 0x00, 0x00, 0x00, 0x06, 0x01, 0x7C, 0x61, 0x00, 0xFF, 0xFF, 0x00, 0x3A, 0xFF, 0x52,
    0x02, 0x0E, 0x02, 0x20, 0x02, 0x26, 0x00, 0x81, 0x00, 0x00, 0x00, 0x06, 0x01, 0x83, 0x61, 0x00,
    0xFF, 0xFF, 0x00, 0x3A, 0xFF, 0xF6, 0x02, 0x0E, 0x02, 0xC6, 0x02, 0x26, 0x00, 0x81, 0x00, 0x00,
    0x00, 0x06, 0x01, 0x76, 0x61, 0x00, 0x00, 0x02, 0x00, 0x39, 0xFF, 0xF6, 0x02, 0x0F, 0x02, 0xD2,
    0x00, 0x16, 0x00, 0x24, 0x00, 0x00, 0x05, 0x22, 0x26, 0x26, 0x35, 0x34, 0x36, 0x33, 0x32, 0x16,
    0x17, 0x33, 0x26, 0x26, 0x35, 0x35, 0x33, 0x11, 0x23, 0x35, 0x23, 0x06, 0x06, 0x27, 0x32, 0x36,
    0x35, 0x35, 0x34, 0x26, 0x23, 0x22, 0x06, 0x15, 0x15, 0x14, 0x16, 0x01, 0x19, 0x46, 0x64, 0x36,
    0x77, 0x69, 0x3C, 0x56, 0x1F, 0x0B, 0x03, 0x01, 0x3E, 0x38, 0x0B, 0x1F, 0x58, 0x2F, 0x58, 0x53,
    0x53, 0x58, 0x58, 0x52, 0x52, 0x0A, 0x41, 0x7C, 0x58, 0x85, 0x90, 0x2F, 0x2E, 0x29, 0x36, 0x17,
    0x99, 0xFD, 0x2E, 0x58, 0x31, 0x31, 0x37, 0x64, 0x69, 0x22, 0x69, 0x64, 0x64, 0x69, 0x22, 0x69,
    0x64, 0x00, 0xFF, 0xFF, 0x00, 0x39, 0xFF, 0xF6, 0x02, 0x8B, 0x02, 0xD2, 0x02, 0x26, 0x00, 0x86,
    0x00, 0x00, 0x00, 0x07, 0x01, 0x7A, 0x02, 0x0F, 0x00, 0x00, 0x00, 0x03, 0x00, 0x39, 0xFF, 0xF6,
    0x02, 0x62, 0x02, 0xD6, 0x00, 0x16, 0x00, 0x24, 0x00, 0x28, 0x00, 0x00, 0x05, 0x22, 0x26, 0x26,
    0x35, 0x34, 0x36, 0x33, 0x32, 0x16, 0x17, 0x33, 0x26, 0x26, 0x35, 0x35, 0x33, 0x11, 0x23, 0x35,
    0x23, 0x06, 0x06, 0x27, 0x32, 0x36, 0x35, 0x35, 0x34, 0x26, 0x23, 0x22, 0x06, 0x15, 0x15, 0x14,
    0x16, 0x13, 0x35, 0x21, 0x15, 0x01, 0x19, 0x46, 0x64, 0x36, 0x77, 0x69, 0x3C, 0x56, 0x1F, 0x0B,
    0x03, 0x01, 0x3E, 0x38, 0x0B, 0x1F, 0x58, 0x2F, 0x58, 0x53, 0x53, 0x58, 0x58, 0x52, 0x52, 0x5D,
    0x01, 0x37, 0x0A, 0x41, 0x7C, 0x58, 0x85, 0x90, 0x2F, 0x2E, 0x29, 0x36, 0x17, 0x9D, 0xFD, 0x2A,
    0x58, 0x31, 0x31, 0x37, 0x64, 0x69, 0x22, 0x69, 0x64, 0x64, 0x69, 0x22, 0x69, 0x64, 0x02, 0x36,
    0x2C, 0x2C, 0x00, 0x03, 0x00, 0x39, 0xFF, 0xF6, 0x02, 0x1C, 0x02, 0xD2, 0x00, 0x15, 0x00, 0x23,
    0x00, 0x27, 0x00, 0x00, 0x05, 0x22, 0x26, 0x35, 0x34, 0x36, 0x36, 0x33, 0x32, 0x16, 0x17, 0x33,
    0x26, 0x26, 0x27, 0x33, 0x1E, 0x02, 0x15, 0x14, 0x06, 0x27, 0x32, 0x36, 0x35, 0x35, 0x34, 0x26,
    0x23, 0x22, 0x06, 0x15, 0x15, 0x14, 0x16, 0x03, 0x35, 0x25, 0x15, 0x01, 0x2F, 0x74, 0x82, 0x34,
    0x62, 0x44, 0x3D, 0x5A, 0x12, 0x0B, 0x10, 0x6A, 0x62, 0x48, 0x42, 0x6A, 0x3D, 0x7C, 0x71, 0x58,
    0x55, 0x57, 0x59, 0x59, 0x57, 0x58, 0x09, 0x01, 0x1F, 0x0A, 0x88, 0x79, 0x51, 0x73, 0x3D, 0x2B,
    0x19, 0x34, 0x95, 0x55, 0x3F, 0x8B, 0xA2, 0x64, 0x81, 0x8B, 0x37, 0x5F, 0x61, 0x17, 0x60, 0x5D,
    0x5D, 0x62, 0x16, 0x61, 0x5E, 0x02, 0x10, 0x2E, 0x38, 0x2D, 0x00, 0x01, 0x00, 0x3A, 0xFF, 0xF6,
    0x02, 0x17, 0x02, 0x20, 0x00, 0x21, 0x00, 0x00, 0x05, 0x22, 0x26, 0x35, 0x34, 0x36, 0x33, 0x32,
    0x16, 0x15, 0x15, 0x21, 0x35, 0x21, 0x07, 0x35, 0x34, 0x26, 0x23, 0x22, 0x06, 0x15, 0x15, 0x14,
    0x16, 0x33, 0x32, 0x36, 0x36, 0x35, 0x31, 0x33, 0x06, 0x06, 0x01, 0x2D, 0x72, 0x81, 0x81, 0x72,
    0x6E, 0x7C, 0xFE, 0x4F, 0x01, 0x93, 0x1C, 0x56, 0x5A, 0x5B, 0x55, 0x55, 0x5B, 0x3C, 0x44, 0x1B,
    0x40, 0x17, 0x70, 0x0A, 0x90, 0x85, 0x85, 0x90, 0x85, 0x7C, 0x1B, 0x30, 0x25, 0x0D, 0x6A, 0x64,
    0x64, 0x6A, 0x21, 0x6A, 0x64, 0x25, 0x2E, 0x0D, 0x4A, 0x4D, 0xFF, 0xFF, 0x00, 0x3A, 0xFF, 0xF6,
    0x02, 0x17, 0x02, 0xE6, 0x02, 0x26, 0x00, 0x8A, 0x00, 0x00, 0x00, 0x06, 0x01, 0x78, 0x65, 0x00,
    0xFF, 0xFF, 0x00, 0x3A, 0xFF, 0xF6, 0x02, 0x17, 0x02, 0xE6, 0x02, 0x26, 0x00, 0x8A, 0x00, 0x00,
    0x00, 0x06, 0x01, 0x7C, 0x65, 0x00, 0xFF, 0xFF, 0x00, 0x3A, 0xFF, 0xF6, 0x02, 0x17, 0x02, 0xE6,
    0x02, 0x26, 0x00, 0x8A, 0x00, 0x00, 0x00, 0x06, 0x01, 0x7B, 0x65, 0x00, 0xFF, 0xFF, 0x00, 0x3A,
    0xFF, 0xF6, 0x02, 0x17, 0x02, 0xC6, 0x02, 0x26, 0x00, 0x8A, 0x00, 0x00, 0x00, 0x06, 0x01, 0x75,
    0x65, 0x00, 0xFF, 0xFF, 0x00, 0x3A, 0xFF, 0xF6, 0x02, 0x17, 0x02, 0xC6, 0x02, 0x26, 0x00, 0x8A,
    0x00, 0x00, 0x00, 0x06, 0x01, 0x76, 0x65, 0x00, 0xFF, 0xFF, 0x00, 0x3A, 0xFF, 0xF6, 0x02, 0x17,
    0x02, 0xE6, 0x02, 0x26, 0x00, 0x8A, 0x00, 0x00, 0x00, 0x06, 0x01, 0x77, 0x65, 0x00, 0xFF, 0xFF,
    0x00, 0x3A, 0xFF, 0xF6, 0x02, 0x17, 0x02, 0xB3, 0x02, 0x26, 0x00, 0x8A, 0x00, 0x00, 0x00, 0x07,
    0x01, 0x80, 0x00, 0xA1, 0x00, 0x00, 0x00, 0x02, 0x00, 0x3A, 0xFF, 0x60, 0x02, 0x17, 0x02, 0x20,
    0x00, 0x0E, 0x00, 0x30, 0x00, 0x00, 0x05, 0x22, 0x35, 0x34, 0x36, 0x37, 0x35, 0x37, 0x06, 0x06,
    0x15, 0x14, 0x33, 0x33, 0x15, 0x27, 0x22, 0x26, 0x35, 0x34, 0x36, 0x33, 0x32, 0x16, 0x15, 0x15,
    0x21, 0x35, 0x21, 0x07, 0x35, 0x34, 0x26, 0x23, 0x22, 0x06, 0x15, 0x15, 0x14, 0x16, 0x33, 0x32,
    0x36, 0x36, 0x35, 0x31, 0x33, 0x06, 0x06, 0x01, 0x76, 0x47, 0x1B, 0x1B, 0x5B, 0x35, 0x2D, 0x1F,
    0x63, 0xB3, 0x72, 0x81, 0x81, 0x72, 0x6E, 0x7C, 0xFE, 0x4F, 0x01, 0x93, 0x1C, 0x56, 0x5A, 0x5B,
    0x55, 0x55, 0x5B, 0x3C, 0x44, 0x1B, 0x40, 0x17, 0x70, 0xA0, 0x38, 0x18, 0x2A, 0x16, 0x1D, 0x15,
    0x2E, 0x3F, 0x11, 0x19, 0x2B, 0x96, 0x90, 0x85, 0x85, 0x90, 0x85, 0x7C, 0x1B, 0x30, 0x25, 0x0D,
    0x6A, 0x64, 0x64, 0x6A, 0x21, 0x6A, 0x64, 0x25, 0x2E, 0x0D, 0x4A, 0x4D, 0x00, 0x02, 0x00, 0x1B,
    0x00, 0x00, 0x01, 0x98, 0x02, 0xD2, 0x00, 0x07, 0x00, 0x0B, 0x00, 0x00, 0x13, 0x34, 0x33, 0x33,
    0x15, 0x23, 0x11, 0x23, 0x03, 0x35, 0x21, 0x15, 0x9B, 0x2F, 0xCE, 0xBF, 0x3E, 0x80, 0x01, 0x7D,
    0x02, 0xA3, 0x2F, 0x33, 0xFD, 0x61, 0x01, 0xE3, 0x33, 0x33, 0x00, 0x02, 0x00, 0x39, 0xFF, 0x52,
    0x02, 0x0E, 0x02, 0x20, 0x00, 0x22, 0x00, 0x30, 0x00, 0x00, 0x05, 0x22, 0x26, 0x27, 0x33, 0x31,
    0x14, 0x16, 0x33, 0x32, 0x36, 0x35, 0x34, 0x36, 0x37, 0x23, 0x06, 0x06, 0x23, 0x22, 0x26, 0x35,
    0x34, 0x36, 0x36, 0x33, 0x32, 0x16, 0x17, 0x33, 0x35, 0x33, 0x11, 0x14, 0x06, 0x27, 0x32, 0x36,
    0x35, 0x35, 0x34, 0x26, 0x23, 0x22, 0x06, 0x15, 0x15, 0x14, 0x16, 0x01, 0x2B, 0x57, 0x6F, 0x12,
    0x42, 0x4E, 0x47, 0x50, 0x57, 0x02, 0x02, 0x0C, 0x1D, 0x58, 0x3B, 0x6A, 0x76, 0x35, 0x65, 0x46,
    0x3C, 0x57, 0x1F, 0x0C, 0x37, 0x76, 0x73, 0x58, 0x53, 0x53, 0x58, 0x57, 0x53, 0x53, 0xAE, 0x44,
    0x43, 0x1F, 0x31, 0x46, 0x43, 0x19, 0x26, 0x17, 0x2A, 0x2E, 0x8B, 0x7C, 0x52, 0x76, 0x41, 0x31,
    0x31, 0x58, 0xFD, 0xFB, 0x5B, 0x64, 0xF3, 0x64, 0x60, 0x1C, 0x60, 0x64, 0x64, 0x60, 0x1C, 0x60,
    0x64, 0x00, 0xFF, 0xFF, 0x00, 0x39, 0xFF, 0x52, 0x02, 0x0E, 0x02, 0xE6, 0x02, 0x26, 0x00, 0x94,
    0x00, 0x00, 0x00, 0x06, 0x01, 0x7D, 0x59, 0x00, 0xFF, 0xFF, 0x00, 0x39, 0xFF, 0x52, 0x02, 0x0E,
    0x02, 0xFB, 0x02, 0x26, 0x00, 0x94, 0x00, 0x00, 0x00, 0x07, 0x01, 0x81, 0x01, 0x21, 0x00, 0x00,
    0xFF, 0xFF, 0x00, 0x39, 0xFF, 0x52, 0x02, 0x0E, 0x02, 0xC6, 0x02, 0x26, 0x00, 0x94, 0x00, 0x00,
    0x00, 0x06, 0x01, 0x76, 0x59, 0x00, 0x00, 0x01, 0x00, 0x5E, 0x00, 0x00, 0x01, 0xFF, 0x02, 0xD2,
    0x00, 0x17, 0x00, 0x00, 0x33, 0x11, 0x33, 0x15, 0x14, 0x06, 0x07, 0x33, 0x36, 0x36, 0x33, 0x32,
    0x16, 0x15, 0x11, 0x23, 0x11, 0x34, 0x26, 0x23, 0x22, 0x06, 0x15, 0x11, 0x5E, 0x3E, 0x01, 0x03,
    0x0B, 0x1A, 0x52, 0x3A, 0x5A, 0x5C, 0x3E, 0x46, 0x4C, 0x4C, 0x47, 0x02, 0xD2, 0x8D, 0x17, 0x36,
    0x29, 0x27, 0x2A, 0x68, 0x67, 0xFE, 0xAF, 0x01, 0x44, 0x56, 0x4F, 0x4F, 0x56, 0xFE, 0xBC, 0x00,
    0x00, 0x02, 0x00, 0x0B, 0x00, 0x00, 0x01, 0xFF, 0x02, 0xD6, 0x00, 0x17, 0x00, 0x1B, 0x00, 0x00,
    0x33, 0x11, 0x33, 0x15, 0x14, 0x06, 0x07, 0x33, 0x36, 0x36, 0x33, 0x32, 0x16, 0x15, 0x11, 0x23,
    0x11, 0x34, 0x26, 0x23, 0x22, 0x06, 0x15, 0x11, 0x03, 0x35, 0x21, 0x15, 0x5E, 0x3E, 0x01, 0x03,
    0x0B, 0x1A, 0x52, 0x3A, 0x5A, 0x5C, 0x3E, 0x46, 0x4C, 0x4C, 0x47, 0x91, 0x01, 0x37, 0x02, 0xD6,
    0x91, 0x17, 0x36, 0x29, 0x27, 0x2A, 0x68, 0x67, 0xFE, 0xAF, 0x01, 0x44, 0x56, 0x4F, 0x4F, 0x56,
    0xFE, 0xBC, 0x02, 0x63, 0x2C, 0x2C, 0x00, 0x02, 0x00, 0x23, 0x00, 0x00, 0x00, 0xCB, 0x02, 0xC6,
    0x00, 0x05, 0x00, 0x09, 0x00, 0x00, 0x33, 0x11, 0x23, 0x35, 0x33, 0x11, 0x03, 0x35, 0x33, 0x15,
    0x86, 0x63, 0xA1, 0x4A, 0x51, 0x01, 0xE3, 0x33, 0xFD, 0xEA, 0x02, 0x7B, 0x4B, 0x4B, 0x00, 0x01,
    0x00, 0x23, 0x00, 0x00, 0x00, 0xC4, 0x02, 0x16, 0x00, 0x05, 0x00, 0x00, 0x33, 0x11, 0x23, 0x35,
    0x33, 0x11, 0x86, 0x63, 0xA1, 0x01, 0xE3, 0x33, 0xFD, 0xEA, 0xFF, 0xFF, 0x00, 0x23, 0x00, 0x00,
    0x01, 0x02, 0x02, 0xE6, 0x02, 0x26, 0x00, 0x9B, 0x00, 0x00, 0x00, 0x06, 0x01, 0x78, 0xDB, 0x00,
    0xFF, 0xFF, 0x00, 0x0D, 0x00, 0x00, 0x01, 0x39, 0x02, 0xE6, 0x02, 0x26, 0x00, 0x9B, 0x00, 0x00,
    0x00, 0x06, 0x01, 0x7B, 0xDB, 0x00, 0xFF, 0xFF, 0x00, 0x23, 0x00, 0x00, 0x01, 0x18, 0x02, 0xC6,
    0x02, 0x26, 0x00, 0x9B, 0x00, 0x00, 0x00, 0x06, 0x01, 0x91, 0xDB, 0x00, 0xFF, 0xFF, 0x00, 0x23,
    0x00, 0x00, 0x00, 0xCA, 0x02, 0xC6, 0x02, 0x26, 0x00, 0x9B, 0x00, 0x00, 0x00, 0x06, 0x01, 0x76,
    0xDB, 0x00, 0xFF, 0xFF, 0x00, 0x23, 0x00, 0x00, 0x00, 0xCB, 0x02, 0xE6, 0x02, 0x26, 0x00, 0x9B,
    0x00, 0x00, 0x00, 0x06, 0x01, 0x77, 0xDB, 0x00, 0xFF, 0xFF, 0x00, 0x23, 0x00, 0x00, 0x01, 0x19,
    0x02, 0xB3, 0x02, 0x26, 0x00, 0x9B, 0x00, 0x00, 0x00, 0x06, 0x01, 0x92, 0x17, 0x00, 0x00, 0x03,
    0x00, 0x23, 0xFF, 0x60, 0x00, 0xE6, 0x02, 0xC6, 0x00, 0x0E, 0x00, 0x14, 0x00, 0x18, 0x00, 0x00,
    0x17, 0x22, 0x35, 0x34, 0x36, 0x37, 0x35, 0x17, 0x06, 0x06, 0x15, 0x14, 0x33, 0x33, 0x15, 0x27,
    0x11, 0x23, 0x35, 0x33, 0x11, 0x03, 0x35, 0x33, 0x15, 0x81, 0x47, 0x23, 0x29, 0x3E, 0x31, 0x2A,
    0x1F, 0x5E, 0x60, 0x63, 0xA1, 0x4A, 0x51, 0xA0, 0x38, 0x1A, 0x33, 0x10, 0x18, 0x0D, 0x1E, 0x2D,
    0x11, 0x19, 0x2B, 0xA0, 0x01, 0xE3, 0x33, 0xFD, 0xEA, 0x02, 0x7B, 0x4B, 0x4B, 0x00, 0xFF, 0xFF,
    0x00, 0x23, 0xFF, 0x5C, 0x01, 0xEE, 0x02, 0xC6, 0x00, 0x26, 0x00, 0x9A, 0x00, 0x00, 0x00, 0x07,
    0x00, 0xA5, 0x01, 0x23, 0x00, 0x00, 0xFF, 0xFF, 0x00, 0x23, 0xFF, 0x5C, 0x02, 0x28, 0x02, 0xE6,
    0x00, 0x26, 0x00, 0x9B, 0x00, 0x00, 0x00, 0x26, 0x01, 0x78, 0xDB, 0x00, 0x00, 0x27, 0x00, 0xA6,
    0x01, 0x23, 0x00, 0x00, 0x00, 0x07, 0x01, 0x78, 0x01, 0x01, 0x00, 0x00, 0x00, 0x02, 0xFF, 0xF9,
    0xFF, 0x5C, 0x00, 0xCB, 0x02, 0xC6, 0x00, 0x09, 0x00, 0x0D, 0x00, 0x00, 0x07, 0x35, 0x33, 0x11,
    0x23, 0x35, 0x33, 0x11, 0x14, 0x23, 0x03, 0x35, 0x33, 0x15, 0x07, 0x8D, 0x63, 0xA1, 0x2F, 0x1B,
    0x51, 0xA4, 0x33, 0x02, 0x54, 0x33, 0xFD, 0x75, 0x2F, 0x03, 0x1F, 0x4B, 0x4B, 0x00, 0x00, 0x01,
    0xFF, 0xF9, 0xFF, 0x5C, 0x00, 0xC4, 0x02, 0x16, 0x00, 0x09, 0x00, 0x00, 0x07, 0x35, 0x33, 0x11,
    0x23, 0x35, 0x33, 0x11, 0x14, 0x23, 0x07, 0x8D, 0x63, 0xA1, 0x2F, 0xA4, 0x33, 0x02, 0x54, 0x33,
    0xFD, 0x75, 0x2F, 0x00, 0xFF, 0xFF, 0xFF, 0xF9, 0xFF, 0x5C, 0x01, 0x05, 0x02, 0xE6, 0x02, 0x26,
    0x00, 0xA6, 0x00, 0x00, 0x00, 0x06, 0x01, 0x78, 0xDE, 0x00, 0x00, 0x01, 0x00, 0x5F, 0x00, 0x00,
    0x02, 0x31, 0x02, 0xD2, 0x00, 0x0B, 0x00, 0x00, 0x33, 0x11, 0x33, 0x11, 0x25, 0x33, 0x01, 0x27,
    0x01, 0x23, 0x01, 0x11, 0x5F, 0x3E, 0x01, 0x2F, 0x57, 0xFE, 0xA3, 0x08, 0x01, 0x73, 0x59, 0xFE,
    0xC5, 0x02, 0xD2, 0xFE, 0x4D, 0xF7, 0xFE, 0xE5, 0x3E, 0xFE, 0xC7, 0x01, 0x09, 0xFE, 0xF7, 0x00,
    0xFF, 0xFF, 0x00, 0x5F, 0xFF, 0x1B, 0x02, 0x31, 0x02, 0xD2, 0x02, 0x26, 0x00, 0xA8, 0x00, 0x00,
    0x00, 0x07, 0x01, 0x82, 0x00, 0xFC, 0x00, 0x00, 0x00, 0x01, 0x00, 0x5D, 0x00, 0x00, 0x01, 0x32,
    0x02, 0xD2, 0x00, 0x07, 0x00, 0x00, 0x33, 0x22, 0x35, 0x11, 0x33, 0x11, 0x33, 0x15, 0x8C, 0x2F,
    0x3E, 0x97, 0x2F, 0x02, 0xA3, 0xFD, 0x61, 0x33, 0xFF, 0xFF, 0x00, 0x5D, 0x00, 0x00, 0x01, 0x32,
    0x03, 0x9A, 0x02, 0x26, 0x00, 0xAA, 0x00, 0x00, 0x00, 0x07, 0x01, 0x78, 0xFF, 0xC7, 0x00, 0xB4,
    0xFF, 0xFF, 0x00, 0x5D, 0x00, 0x00, 0x01, 0x32, 0x02, 0xD2, 0x02, 0x26, 0x00, 0xAA, 0x00, 0x00,
    0x00, 0x07, 0x01, 0x7A, 0x00, 0x9B, 0x00, 0x00, 0xFF, 0xFF, 0x00, 0x5D, 0xFF, 0x1B, 0x01, 0x32,
    0x02, 0xD2, 0x02, 0x26, 0x00, 0xAA, 0x00, 0x00, 0x00, 0x07, 0x01, 0x82, 0x00, 0x90, 0x00, 0x00,
    0xFF, 0xFF, 0x00, 0x5D, 0x00, 0x00, 0x01, 0x90, 0x02, 0xD2, 0x00, 0x26, 0x00, 0xAA, 0x00, 0x00,
    0x00, 0x07, 0x01, 0x28, 0x01, 0x24, 0x00, 0x00, 0x00, 0x02, 0x00, 0x22, 0x00, 0x00, 0x01, 0x55,
    0x02, 0xD2, 0x00, 0x03, 0x00, 0x0B, 0x00, 0x00, 0x13, 0x35, 0x25, 0x15, 0x03, 0x22, 0x35, 0x11,
    0x33, 0x11, 0x33, 0x15, 0x22, 0x01, 0x28, 0x9B, 0x2F, 0x3E, 0x97, 0x01, 0x1A, 0x33, 0x97, 0x33,
    0xFE, 0x4F, 0x2F, 0x02, 0xA3, 0xFD, 0x61, 0x33, 0x00, 0x01, 0x00, 0x5E, 0x00, 0x00, 0x03, 0x29,
    0x02, 0x20, 0x00, 0x20, 0x00, 0x00, 0x01, 0x34, 0x23, 0x22, 0x15, 0x11, 0x23, 0x11, 0x33, 0x15,
    0x33, 0x36, 0x36, 0x33, 0x32, 0x16, 0x17, 0x33, 0x36, 0x36, 0x33, 0x32, 0x16, 0x15, 0x11, 0x23,
    0x11, 0x34, 0x23, 0x22, 0x15, 0x11, 0x23, 0x01, 0xA4, 0x84, 0x84, 0x3E, 0x38, 0x0B, 0x19, 0x4C,
    0x34, 0x37, 0x49, 0x17, 0x10, 0x1A, 0x4C, 0x3A, 0x53, 0x55, 0x3E, 0x84, 0x84, 0x3F, 0x01, 0x4B,
    0x9E, 0x9E, 0xFE, 0xB5, 0x02, 0x16, 0x4B, 0x2A, 0x2B, 0x2B, 0x2A, 0x2A, 0x2B, 0x68, 0x67, 0xFE,
    0xAF, 0x01, 0x4B, 0x9E, 0x9E, 0xFE, 0xB5, 0x00, 0x00, 0x01, 0x00, 0x5E, 0x00, 0x00, 0x01, 0xFF,
    0x02, 0x20, 0x00, 0x14, 0x00, 0x00, 0x33, 0x11, 0x33, 0x15, 0x33, 0x36, 0x36, 0x33, 0x32, 0x16,
    0x15, 0x11, 0x23, 0x11, 0x34, 0x26, 0x23, 0x22, 0x06, 0x15, 0x11, 0x5E, 0x38, 0x0B, 0x1B, 0x52,
    0x3B, 0x5A, 0x5C, 0x3E, 0x46, 0x4C, 0x4C, 0x47, 0x02, 0x16, 0x4B, 0x2A, 0x2B, 0x68, 0x67, 0xFE,
    0xAF, 0x01, 0x44, 0x56, 0x4F, 0x4F, 0x56, 0xFE, 0xBC, 0x00, 0xFF, 0xFF, 0x00, 0x5E, 0x00, 0x00,
    0x01, 0xFF, 0x02, 0xE6, 0x02, 0x26, 0x00, 0xB1, 0x00, 0x00, 0x00, 0x06, 0x01, 0x78, 0x67, 0x00,
    0xFF, 0xFF, 0x00, 0x5E, 0x00, 0x00, 0x01, 0xFF, 0x02, 0xE6, 0x02, 0x26, 0x00, 0xB1, 0x00, 0x00,
    0x00, 0x06, 0x01, 0x7C, 0x67, 0x00, 0xFF, 0xFF, 0x00, 0x5E, 0xFF, 0x1B, 0x01, 0xFF, 0x02, 0x20,
    0x02, 0x26, 0x00, 0xB1, 0x00, 0x00, 0x00, 0x07, 0x01, 0x82, 0x00, 0xF1, 0x00, 0x00, 0xFF, 0xFF,
    0x00, 0x5E, 0x00, 0x00, 0x01, 0xFF, 0x02, 0xE2, 0x02, 0x26, 0x00, 0xB1, 0x00, 0x00, 0x00, 0x06,
    0x01, 0x7F, 0x67, 0x00, 0x00, 0x02, 0x00, 0x5E, 0xFF, 0x5C, 0x01, 0xFF, 0x02, 0x20, 0x00, 0x07,
    0x00, 0x1C, 0x00, 0x00, 0x25, 0x15, 0x14, 0x23, 0x23, 0x35, 0x33, 0x35, 0x05, 0x11, 0x33, 0x15,
    0x33, 0x36, 0x36, 0x33, 0x32, 0x16, 0x15, 0x11, 0x23, 0x11, 0x34, 0x26, 0x23, 0x22, 0x06, 0x15,
    0x11, 0x01, 0xFF, 0x2F, 0x9C, 0x8D, 0xFE, 0x9D, 0x38, 0x0B, 0x1B, 0x52, 0x3B, 0x5A, 0x5C, 0x3E,
    0x46, 0x4C, 0x4C, 0x47, 0x72, 0xE7, 0x2F, 0x33, 0xE3, 0x72, 0x02, 0x16, 0x4B, 0x2A, 0x2B, 0x68,
    0x67, 0xFE, 0xAF, 0x01, 0x44, 0x56, 0x4F, 0x4F, 0x56, 0xFE, 0xBC, 0x00, 0x00, 0x02, 0x00, 0x39,
    0xFF, 0xF6, 0x02, 0x24, 0x02, 0x20, 0x00, 0x0B, 0x00, 0x19, 0x00, 0x00, 0x05, 0x22, 0x26, 0x35,
    0x34, 0x36, 0x33, 0x32, 0x16, 0x15, 0x14, 0x06, 0x27, 0x32, 0x36, 0x35, 0x35, 0x34, 0x26, 0x23,
    0x22, 0x06, 0x15, 0x15, 0x14, 0x16, 0x01, 0x2F, 0x73, 0x83, 0x83, 0x73, 0x73, 0x82, 0x82, 0x73,
    0x5C, 0x57, 0x57, 0x5C, 0x5B, 0x58, 0x58, 0x0A, 0x90, 0x85, 0x85, 0x90, 0x90, 0x85, 0x85, 0x90,
    0x37, 0x64, 0x6A, 0x20, 0x6A, 0x64, 0x64, 0x6A, 0x20, 0x6A, 0x64, 0x00, 0xFF, 0xFF, 0x00, 0x39,
    0xFF, 0xF6, 0x02, 0x24, 0x02, 0xE6, 0x02, 0x26, 0x00, 0xB7, 0x00, 0x00, 0x00, 0x06, 0x01, 0x78,
    0x67, 0x00, 0xFF, 0xFF, 0x00, 0x39, 0xFF, 0xF6, 0x02, 0x24, 0x02, 0xE6, 0x02, 0x26, 0x00, 0xB7,
    0x00, 0x00, 0x00, 0x06, 0x01, 0x7B, 0x67, 0x00, 0xFF, 0xFF, 0x00, 0x39, 0xFF, 0xF6, 0x02, 0x24,
    0x02, 0xC6, 0x02, 0x26, 0x00, 0xB7, 0x00, 0x00, 0x00, 0x06, 0x01, 0x75, 0x67, 0x00, 0xFF, 0xFF,
    0x00, 0x39, 0xFF, 0xF6, 0x02, 0x24, 0x02, 0xE6, 0x02, 0x26, 0x00, 0xB7, 0x00, 0x00, 0x00, 0x06,
    0x01, 0x77, 0x67, 0x00, 0xFF, 0xFF, 0x00, 0x39, 0xFF, 0xF6, 0x02, 0x24, 0x02, 0xE6, 0x02, 0x26,
    0x00, 0xB7, 0x00, 0x00, 0x00, 0x06, 0x01, 0x79, 0x67, 0x00, 0xFF, 0xFF, 0x00, 0x39, 0xFF, 0xF6,
    0x02, 0x24, 0x02, 0xB3, 0x02, 0x26, 0x00, 0xB7, 0x00, 0x00, 0x00, 0x07, 0x01, 0x80, 0x00, 0xA3,
    0x00, 0x00, 0x00, 0x03, 0x00, 0x2E, 0xFF, 0xE2, 0x02, 0x34, 0x02, 0x34, 0x00, 0x0B, 0x00, 0x19,
    0x00, 0x25, 0x00, 0x00, 0x05, 0x22, 0x26, 0x35, 0x34, 0x36, 0x33, 0x32, 0x16, 0x15, 0x14, 0x06,
    0x27, 0x32, 0x36, 0x35, 0x35, 0x34, 0x26, 0x23, 0x22, 0x06, 0x15, 0x15, 0x14, 0x16, 0x07, 0x37,
    0x33, 0x01, 0x33, 0x37, 0x33, 0x07, 0x23, 0x01, 0x23, 0x07, 0x01, 0x31, 0x73, 0x83, 0x83, 0x73,
    0x73, 0x82, 0x82, 0x73, 0x5C, 0x57, 0x57, 0x5C, 0x5B, 0x58, 0x58, 0xA8, 0x5B, 0x02, 0x01, 0x24,
    0x02, 0x46, 0x3D, 0x5B, 0x02, 0xFE, 0xDC, 0x02, 0x46, 0x0A, 0x90, 0x85, 0x85, 0x90, 0x90, 0x85,
    0x85, 0x90, 0x37, 0x64, 0x6A, 0x20, 0x6B, 0x63, 0x64, 0x6A, 0x20, 0x6A, 0x64, 0x4B, 0x78, 0x01,
    0x81, 0x59, 0x78, 0xFE, 0x7F, 0x59, 0xFF, 0xFF, 0x00, 0x39, 0xFF, 0xF6, 0x02, 0x24, 0x02, 0xE2,
    0x02, 0x26, 0x00, 0xB7, 0x00, 0x00, 0x00, 0x06, 0x01, 0x7F, 0x67, 0x00, 0x00, 0x02, 0x00, 0x3A,
    0xFF, 0xF6, 0x03, 0xB1, 0x02, 0x20, 0x00, 0x2F, 0x00, 0x3D, 0x00, 0x00, 0x05, 0x22, 0x26, 0x35,
    0x34, 0x36, 0x33, 0x32, 0x16, 0x17, 0x33, 0x36, 0x36, 0x33, 0x32, 0x16, 0x15, 0x15, 0x21, 0x35,
    0x21, 0x07, 0x35, 0x34, 0x26, 0x23, 0x22, 0x06, 0x15, 0x15, 0x14, 0x16, 0x33, 0x32, 0x36, 0x36,
    0x35, 0x31, 0x33, 0x06, 0x06, 0x23, 0x22, 0x26, 0x27, 0x23, 0x06, 0x06, 0x27, 0x32, 0x36, 0x35,
    0x35, 0x34, 0x26, 0x23, 0x22, 0x06, 0x15, 0x15, 0x14, 0x16, 0x01, 0x2C, 0x72, 0x80, 0x80, 0x72,
    0x4D, 0x65, 0x19, 0x0C, 0x19, 0x64, 0x4B, 0x6B, 0x7B, 0xFE, 0x57, 0x01, 0x96, 0x27, 0x54, 0x58,
    0x58, 0x55, 0x55, 0x58, 0x3B, 0x41, 0x1B, 0x41, 0x17, 0x6E, 0x53, 0x4C, 0x63, 0x19, 0x0C, 0x19,
    0x65, 0x4D, 0x5B, 0x55, 0x55, 0x5B, 0x5A, 0x55, 0x55, 0x0A, 0x90, 0x85, 0x85, 0x90, 0x3B, 0x2F,
    0x2F, 0x3B, 0x85, 0x7C, 0x1B, 0x30, 0x26, 0x0E, 0x6A, 0x64, 0x64, 0x6A, 0x21, 0x6A, 0x64, 0x25,
    0x2E, 0x0D, 0x4A, 0x4D, 0x3C, 0x2E, 0x2E, 0x3C, 0x37, 0x64, 0x6A, 0x20, 0x6A, 0x64, 0x64, 0x6A,
    0x20, 0x6A, 0x64, 0x00, 0x00, 0x02, 0x00, 0x5E, 0xFF, 0x5C, 0x02, 0x33, 0x02, 0x20, 0x00, 0x16,
    0x00, 0x24, 0x00, 0x00, 0x17, 0x11, 0x33, 0x15, 0x33, 0x36, 0x36, 0x33, 0x32, 0x16, 0x16, 0x15,
    0x14, 0x06, 0x23, 0x22, 0x26, 0x27, 0x23, 0x16, 0x16, 0x15, 0x15, 0x37, 0x32, 0x36, 0x35, 0x35,
    0x34, 0x26, 0x23, 0x22, 0x06, 0x15, 0x15, 0x14, 0x16, 0x5E, 0x38, 0x0B, 0x20, 0x57, 0x3B, 0x47,
    0x64, 0x35, 0x76, 0x6A, 0x3B, 0x56, 0x1F, 0x0B, 0x03, 0x01, 0xAB, 0x57, 0x53, 0x53, 0x57, 0x58,
    0x53, 0x53, 0xA4, 0x02, 0xBA, 0x58, 0x31, 0x31, 0x41, 0x7B, 0x59, 0x85, 0x90, 0x2F, 0x2E, 0x29,
    0x36, 0x17, 0x81, 0xD1, 0x64, 0x69, 0x22, 0x69, 0x64, 0x64, 0x69, 0x22, 0x69, 0x64, 0x00, 0x02,
    0x00, 0x5E, 0xFF, 0x5C, 0x02, 0x33, 0x02, 0xD2, 0x00, 0x1A, 0x00, 0x28, 0x00, 0x00, 0x17, 0x11,
    0x33, 0x15, 0x14, 0x06, 0x07, 0x33, 0x36, 0x36, 0x33, 0x32, 0x16, 0x16, 0x15, 0x14, 0x06, 0x06,
    0x23, 0x22, 0x26, 0x27, 0x23, 0x16, 0x16, 0x15, 0x15, 0x37, 0x32, 0x36, 0x35, 0x35, 0x34, 0x26,
    0x23, 0x22, 0x06, 0x15, 0x15, 0x14, 0x16, 0x5E, 0x3E, 0x01, 0x03, 0x0B, 0x1F, 0x56, 0x3B, 0x47,
    0x64, 0x35, 0x35, 0x64, 0x47, 0x3B, 0x56, 0x1F, 0x0B, 0x03, 0x01, 0xAB, 0x57, 0x53, 0x53, 0x57,
    0x58, 0x53, 0x53, 0xA4, 0x03, 0x76, 0x99, 0x17, 0x36, 0x29, 0x2E, 0x2F, 0x41, 0x7B, 0x59, 0x58,
    0x7C, 0x41, 0x2F, 0x2E, 0x29, 0x36, 0x17, 0x81, 0xD1, 0x64, 0x69, 0x22, 0x69, 0x64, 0x64, 0x69,
    0x22, 0x69, 0x64, 0x00, 0x00, 0x02, 0x00, 0x3A, 0xFF, 0x5C, 0x02, 0x0F, 0x02, 0x20, 0x00, 0x16,
    0x00, 0x24, 0x00, 0x00, 0x05, 0x35, 0x34, 0x36, 0x37, 0x23, 0x06, 0x06, 0x23, 0x22, 0x26, 0x35,
    0x34, 0x36, 0x36, 0x33, 0x32, 0x16, 0x17, 0x33, 0x35, 0x33, 0x11, 0x27, 0x32, 0x36, 0x35, 0x35,
    0x34, 0x26, 0x23, 0x22, 0x06, 0x15, 0x15, 0x14, 0x16, 0x01, 0xD1, 0x01, 0x04, 0x0C, 0x1F, 0x56,
    0x3B, 0x6A, 0x76, 0x35, 0x65, 0x46, 0x3C, 0x57, 0x1F, 0x0C, 0x37, 0xE9, 0x58, 0x53, 0x53, 0x58,
    0x57, 0x53, 0x53, 0xA4, 0x81, 0x17, 0x36, 0x29, 0x2E, 0x2F, 0x90, 0x85, 0x59, 0x7B, 0x41, 0x31,
    0x31, 0x58, 0xFD, 0x46, 0xD1, 0x64, 0x69, 0x22, 0x69, 0x64, 0x64, 0x69, 0x22, 0x69, 0x64, 0x00,
    0x00, 0x01, 0x00, 0x5E, 0x00, 0x00, 0x01, 0xB0, 0x02, 0x1A, 0x00, 0x0E, 0x00, 0x00, 0x33, 0x11,
    0x33, 0x15, 0x33, 0x36, 0x36, 0x33, 0x33, 0x15, 0x23, 0x22, 0x06, 0x15, 0x11, 0x5E, 0x38, 0x0B,
    0x1B, 0x4E, 0x3B, 0x6B, 0x81, 0x4C, 0x47, 0x02, 0x16, 0x51, 0x2A, 0x2B, 0x3B, 0x4B, 0x56, 0xFE,
    0xC2, 0x00, 0xFF, 0xFF, 0x00, 0x5E, 0x00, 0x00, 0x01, 0xB0, 0x02, 0xE6, 0x02, 0x26, 0x00, 0xC4,
    0x00, 0x00, 0x00, 0x06, 0x01, 0x78, 0x43, 0x00, 0xFF, 0xFF, 0x00, 0x5E, 0x00, 0x00, 0x01, 0xB0,
    0x02, 0xE6, 0x02, 0x26, 0x00, 0xC4, 0x00, 0x00, 0x00, 0x06, 0x01, 0x7C, 0x43, 0x00, 0xFF, 0xFF,
    0x00, 0x52, 0xFF, 0x1B, 0x01, 0xB0, 0x02, 0x1A, 0x02, 0x26, 0x00, 0xC4, 0x00, 0x00, 0x00, 0x06,
    0x01, 0x82, 0x3F, 0x00, 0x00, 0x01, 0x00, 0x3A, 0xFF, 0xF6, 0x01, 0xF0, 0x02, 0x20, 0x00, 0x2B,
    0x00, 0x00, 0x05, 0x22, 0x26, 0x27, 0x33, 0x31, 0x14, 0x16, 0x16, 0x33, 0x32, 0x36, 0x35, 0x34,
    0x26, 0x27, 0x27, 0x26, 0x26, 0x35, 0x34, 0x36, 0x33, 0x32, 0x16, 0x17, 0x23, 0x31, 0x34, 0x26,
    0x26, 0x23, 0x22, 0x06, 0x15, 0x14, 0x16, 0x17, 0x17, 0x16, 0x16, 0x15, 0x14, 0x06, 0x01, 0x15,
    0x5D, 0x6B, 0x13, 0x41, 0x19, 0x43, 0x3E, 0x49, 0x54, 0x33, 0x3E, 0x73, 0x4C, 0x47, 0x71, 0x66,
    0x5C, 0x6A, 0x13, 0x40, 0x19, 0x42, 0x3E, 0x47, 0x51, 0x32, 0x3C, 0x73, 0x4D, 0x48, 0x73, 0x0A,
    0x49, 0x4E, 0x11, 0x2E, 0x22, 0x34, 0x2F, 0x22, 0x25, 0x0D, 0x17, 0x10, 0x41, 0x38, 0x4A, 0x53,
    0x49, 0x4E, 0x11, 0x2E, 0x22, 0x34, 0x2F, 0x22, 0x26, 0x0C, 0x16, 0x10, 0x41, 0x38, 0x4A, 0x54,
    0xFF, 0xFF, 0x00, 0x3A, 0xFF, 0xF6, 0x01, 0xF0, 0x02, 0xE6, 0x02, 0x26, 0x00, 0xC8, 0x00, 0x00,
    0x00, 0x06, 0x01, 0x78, 0x46, 0x00, 0xFF, 0xFF, 0x00, 0x3A, 0xFF, 0xF6, 0x01, 0xF0, 0x02, 0xE6,
    0x02, 0x26, 0x00, 0xC8, 0x00, 0x00, 0x00, 0x06, 0x01, 0x7C, 0x46, 0x00, 0xFF, 0xFF, 0x00, 0x3A,
    0xFF, 0x52, 0x01, 0xF0, 0x02, 0x20, 0x02, 0x26, 0x00, 0xC8, 0x00, 0x00, 0x00, 0x06, 0x01, 0x83,
    0x4D, 0x00, 0xFF, 0xFF, 0x00, 0x3A, 0xFF, 0x1B, 0x01, 0xF0, 0x02, 0x20, 0x02, 0x26, 0x00, 0xC8,
    0x00, 0x00, 0x00, 0x07, 0x01, 0x82, 0x00, 0xD7, 0x00, 0x00, 0x00, 0x01, 0x00, 0x5E, 0x00, 0x00,
    0x02, 0x2C, 0x02, 0xBC, 0x00, 0x25, 0x00, 0x00, 0x13, 0x34, 0x36, 0x33, 0x32, 0x16, 0x15, 0x14,
    0x06, 0x07, 0x15, 0x16, 0x15, 0x14, 0x06, 0x23, 0x23, 0x35, 0x33, 0x32, 0x35, 0x35, 0x34, 0x23,
    0x23, 0x35, 0x33, 0x32, 0x35, 0x35, 0x34, 0x26, 0x23, 0x22, 0x06, 0x15, 0x11, 0x23, 0x5E, 0x76,
    0x67, 0x64, 0x72, 0x35, 0x35, 0x85, 0x69, 0x5F, 0x70, 0x6A, 0x8E, 0x8E, 0x5B, 0x57, 0x77, 0x4C,
    0x4A, 0x4E, 0x51, 0x3E, 0x01, 0xED, 0x60, 0x6F, 0x66, 0x58, 0x3F, 0x48, 0x09, 0x0C, 0x15, 0x8C,
    0x5B, 0x66, 0x33, 0x82, 0x18, 0x81, 0x34, 0x73, 0x11, 0x3E, 0x40, 0x49, 0x47, 0xFE, 0x0C, 0x00,
    0x00, 0x02, 0x00, 0x19, 0x00, 0x00, 0x01, 0x92, 0x02, 0xAE, 0x00, 0x07, 0x00, 0x0B, 0x00, 0x00,
    0x33, 0x22, 0x35, 0x11, 0x33, 0x11, 0x33, 0x15, 0x01, 0x35, 0x21, 0x15, 0xCC, 0x2F, 0x3E, 0xB7,
    0xFE, 0x87, 0x01, 0x79, 0x2F, 0x02, 0x7F, 0xFD, 0x85, 0x33, 0x01, 0xE3, 0x33, 0x33, 0xFF, 0xFF,
    0x00, 0x19, 0x00, 0x00, 0x01, 0x92, 0x02, 0xD2, 0x02, 0x26, 0x00, 0xCE, 0x00, 0x00, 0x00, 0x07,
    0x01, 0x7A, 0x00, 0xDB, 0x00, 0x00, 0xFF, 0xFF, 0x00, 0x19, 0xFF, 0x1B, 0x01, 0x92, 0x02, 0xAE,
    0x02, 0x26, 0x00, 0xCE, 0x00, 0x00, 0x00, 0x07, 0x01, 0x82, 0x00, 0xD6, 0x00, 0x00, 0x00, 0x01,
    0x00, 0x56, 0xFF, 0xF6, 0x01, 0xF8, 0x02, 0x16, 0x00, 0x14, 0x00, 0x00, 0x05, 0x22, 0x26, 0x35,
    0x11, 0x33, 0x11, 0x14, 0x16, 0x33, 0x32, 0x36, 0x35, 0x11, 0x33, 0x11, 0x23, 0x35, 0x23, 0x06,
    0x06, 0x01, 0x0D, 0x5A, 0x5D, 0x3E, 0x47, 0x4C, 0x4D, 0x46, 0x3E, 0x38, 0x0B, 0x1B, 0x52, 0x0A,
    0x68, 0x67, 0x01, 0x51, 0xFE, 0xBC, 0x56, 0x4F, 0x4F, 0x56, 0x01, 0x44, 0xFD, 0xEA, 0x4B, 0x2A,
    0x2B, 0x00, 0xFF, 0xFF, 0x00, 0x56, 0xFF, 0xF6, 0x01, 0xF8, 0x02, 0xE6, 0x02, 0x26, 0x00, 0xD1,
    0x00, 0x00, 0x00, 0x06, 0x01, 0x78, 0x5F, 0x00, 0xFF, 0xFF, 0x00, 0x56, 0xFF, 0xF6, 0x01, 0xF8,
    0x02, 0xE6, 0x02, 0x26, 0x00, 0xD1, 0x00, 0x00, 0x00, 0x06, 0x01, 0x7D, 0x5F, 0x00, 0xFF, 0xFF,
    0x00, 0x56, 0xFF, 0xF6, 0x01, 0xF8, 0x02, 0xE6, 0x02, 0x26, 0x00, 0xD1, 0x00, 0x00, 0x00, 0x06,
    0x01, 0x7B, 0x5F, 0x00, 0xFF, 0xFF, 0x00, 0x56, 0xFF, 0xF6, 0x01, 0xF8, 0x02, 0xC6, 0x02, 0x26,
    0x00, 0xD1, 0x00, 0x00, 0x00, 0x06, 0x01, 0x75, 0x5F, 0x00, 0xFF, 0xFF, 0x00, 0x56, 0xFF, 0xF6,
    0x01, 0xF8, 0x02, 0xE6, 0x02, 0x26, 0x00, 0xD1, 0x00, 0x00, 0x00, 0x06, 0x01, 0x77, 0x5F, 0x00,
    0xFF, 0xFF, 0x00, 0x56, 0xFF, 0xF6, 0x01, 0xF8, 0x02, 0xE6, 0x02, 0x26, 0x00, 0xD1, 0x00, 0x00,
    0x00, 0x06, 0x01, 0x79, 0x5F, 0x00, 0xFF, 0xFF, 0x00, 0x56, 0xFF, 0xF6, 0x01, 0xF8, 0x02, 0xB3,
    0x02, 0x26, 0x00, 0xD1, 0x00, 0x00, 0x00, 0x07, 0x01, 0x80, 0x00, 0x9B, 0x00, 0x00, 0x00, 0x02,
    0x00, 0x56, 0xFF, 0x60, 0x02, 0x15, 0x02, 0x16, 0x00, 0x0E, 0x00, 0x23, 0x00, 0x00, 0x05, 0x22,
    0x35, 0x34, 0x36, 0x37, 0x35, 0x17, 0x06, 0x06, 0x15, 0x14, 0x33, 0x33, 0x15, 0x25, 0x22, 0x26,
    0x35, 0x11, 0x33, 0x11, 0x14, 0x16, 0x33, 0x32, 0x36, 0x35, 0x11, 0x33, 0x11, 0x23, 0x35, 0x23,
    0x06, 0x06, 0x01, 0xB0, 0x47, 0x2D, 0x2A, 0x38, 0x34, 0x2C, 0x1F, 0x5E, 0xFE, 0xF8, 0x5A, 0x5D,
    0x3E, 0x47, 0x4C, 0x4D, 0x46, 0x3E, 0x38, 0x0B, 0x1B, 0x52, 0xA0, 0x38, 0x1A, 0x33, 0x10, 0x18,
    0x0D, 0x1C, 0x2F, 0x11, 0x19, 0x2B, 0x96, 0x68, 0x67, 0x01, 0x51, 0xFE, 0xBC, 0x56, 0x4F, 0x4F,
    0x56, 0x01, 0x44, 0xFD, 0xEA, 0x4B, 0x2A, 0x2B, 0xFF, 0xFF, 0x00, 0x56, 0xFF, 0xF6, 0x01, 0xF8,
    0x03, 0x0A, 0x02, 0x26, 0x00, 0xD1, 0x00, 0x00, 0x00, 0x06, 0x01, 0x7E, 0x5F, 0x00, 0x00, 0x01,
    0x00, 0x1C, 0x00, 0x00, 0x02, 0x14, 0x02, 0x16, 0x00, 0x07, 0x00, 0x00, 0x33, 0x03, 0x33, 0x13,
    0x33, 0x13, 0x33, 0x03, 0xF5, 0xD9, 0x41, 0xB7, 0x0B, 0xB6, 0x3F, 0xD9, 0x02, 0x16, 0xFE, 0x37,
    0x01, 0xC9, 0xFD, 0xEA, 0x00, 0x01, 0x00, 0x20, 0x00, 0x00, 0x03, 0x3C, 0x02, 0x16, 0x00, 0x0F,
    0x00, 0x00, 0x33, 0x03, 0x33, 0x13, 0x33, 0x13, 0x33, 0x13, 0x33, 0x13, 0x33, 0x03, 0x23, 0x03,
    0x23, 0x03, 0xCF, 0xAF, 0x3F, 0x90, 0x0B, 0x9B, 0x34, 0x9B, 0x0B, 0x90, 0x3D, 0xAE, 0x46, 0x94,
    0x0B, 0x94, 0x02, 0x16, 0xFE, 0x37, 0x01, 0xC9, 0xFE, 0x37, 0x01, 0xC9, 0xFD, 0xEA, 0x01, 0xAF,
    0xFE, 0x51, 0xFF, 0xFF, 0x00, 0x20, 0x00, 0x00, 0x03, 0x3C, 0x02, 0xE6, 0x02, 0x26, 0x00, 0xDC,
    0x00, 0x00, 0x00, 0x07, 0x01, 0x78, 0x00, 0xE7, 0x00, 0x00, 0xFF, 0xFF, 0x00, 0x20, 0x00, 0x00,
    0x03, 0x3C, 0x02, 0xE6, 0x02, 0x26, 0x00, 0xDC, 0x00, 0x00, 0x00, 0x07, 0x01, 0x7B, 0x00, 0xE7,
    0x00, 0x00, 0xFF, 0xFF, 0x00, 0x20, 0x00, 0x00, 0x03, 0x3C, 0x02, 0xC6, 0x02, 0x26, 0x00, 0xDC,
    0x00, 0x00, 0x00, 0x07, 0x01, 0x75, 0x00, 0xE7, 0x00, 0x00, 0xFF, 0xFF, 0x00, 0x20, 0x00, 0x00,
    0x03, 0x3C, 0x02, 0xE6, 0x02, 0x26, 0x00, 0xDC, 0x00, 0x00, 0x00, 0x07, 0x01, 0x77, 0x00, 0xE7,
    0x00, 0x00, 0x00, 0x01, 0x00, 0x18, 0x00, 0x00, 0x02, 0x08, 0x02, 0x16, 0x00, 0x0F, 0x00, 0x00,
    0x33, 0x13, 0x07, 0x03, 0x33, 0x17, 0x33, 0x37, 0x33, 0x03, 0x27, 0x13, 0x23, 0x27, 0x23, 0x07,
    0x18, 0xD7, 0x01, 0xCE, 0x49, 0xA3, 0x0B, 0xA2, 0x48, 0xCF, 0x01, 0xD7, 0x4A, 0xA9, 0x0B, 0xAA,
    0x01, 0x2A, 0x26, 0x01, 0x12, 0xDE, 0xDE, 0xFE, 0xEE, 0x26, 0xFE, 0xD6, 0xF0, 0xF0, 0x00, 0x01,
    0x00, 0x1D, 0xFF, 0x5C, 0x02, 0x15, 0x02, 0x16, 0x00, 0x09, 0x00, 0x00, 0x17, 0x37, 0x17, 0x03,
    0x33, 0x13, 0x33, 0x13, 0x33, 0x01, 0xA6, 0x58, 0x06, 0xE7, 0x41, 0xB6, 0x0B, 0xB7, 0x3F, 0xFE,
    0xD2, 0xA4, 0xC4, 0x25, 0x02, 0x1B, 0xFE, 0x4E, 0x01, 0xB2, 0xFD, 0x46, 0xFF, 0xFF, 0x00, 0x1D,
    0xFF, 0x5C, 0x02, 0x15, 0x02, 0xE6, 0x02, 0x26, 0x00, 0xE2, 0x00, 0x00, 0x00, 0x06, 0x01, 0x78,
    0x52, 0x00, 0xFF, 0xFF, 0x00, 0x1D, 0xFF, 0x5C, 0x02, 0x15, 0x02, 0xE6, 0x02, 0x26, 0x00, 0xE2,
    0x00, 0x00, 0x00, 0x06, 0x01, 0x7B, 0x52, 0x00, 0xFF, 0xFF, 0x00, 0x1D, 0xFF, 0x5C, 0x02, 0x15,
    0x02, 0xC6, 0x02, 0x26, 0x00, 0xE2, 0x00, 0x00, 0x00, 0x06, 0x01, 0x75, 0x52, 0x00, 0xFF, 0xFF,
    0x00, 0x1D, 0xFF, 0x5C, 0x02, 0x15, 0x02, 0xE6, 0x02, 0x26, 0x00, 0xE2, 0x00, 0x00, 0x00, 0x06,
    0x01, 0x77, 0x52, 0x00, 0x00, 0x01, 0x00, 0x31, 0x00, 0x00, 0x01, 0xCF, 0x02, 0x16, 0x00, 0x09,
    0x00, 0x00, 0x33, 0x35, 0x01, 0x21, 0x35, 0x21, 0x15, 0x01, 0x21, 0x15, 0x31, 0x01, 0x4D, 0xFE,
    0xB7, 0x01, 0x97, 0xFE, 0xB4, 0x01, 0x4F, 0x33, 0x01, 0xB0, 0x33, 0x33, 0xFE, 0x50, 0x33, 0x00,
    0xFF, 0xFF, 0x00, 0x31, 0x00, 0x00, 0x01, 0xCF, 0x02, 0xE6, 0x02, 0x26, 0x00, 0xE7, 0x00, 0x00,
    0x00, 0x06, 0x01, 0x78, 0x38, 0x00, 0xFF, 0xFF, 0x00, 0x31, 0x00, 0x00, 0x01, 0xCF, 0x02, 0xE6,
    0x02, 0x26, 0x00, 0xE7, 0x00, 0x00, 0x00, 0x06, 0x01, 0x7C, 0x38, 0x00, 0xFF, 0xFF, 0x00, 0x31,
    0x00, 0x00, 0x01, 0xCF, 0x02, 0xC6, 0x02, 0x26, 0x00, 0xE7, 0x00, 0x00, 0x00, 0x06, 0x01, 0x76,
    0x38, 0x00, 0x00, 0x02, 0x00, 0x3A, 0xFF, 0xF6, 0x02, 0x0A, 0x02, 0x20, 0x00, 0x14, 0x00, 0x22,
    0x00, 0x00, 0x05, 0x22, 0x26, 0x26, 0x35, 0x34, 0x36, 0x36, 0x33, 0x32, 0x16, 0x17, 0x33, 0x35,
    0x33, 0x11, 0x23, 0x35, 0x23, 0x06, 0x06, 0x27, 0x32, 0x36, 0x35, 0x35, 0x34, 0x26, 0x23, 0x22,
    0x06, 0x15, 0x15, 0x14, 0x16, 0x01, 0x17, 0x45, 0x63, 0x35, 0x35, 0x63, 0x45, 0x3B, 0x56, 0x1F,
    0x0B, 0x38, 0x38, 0x0B, 0x1F, 0x56, 0x2E, 0x56, 0x51, 0x51, 0x56, 0x56, 0x52, 0x52, 0x0A, 0x41,
    0x7C, 0x58, 0x59, 0x7B, 0x41, 0x31, 0x31, 0x58, 0xFD, 0xEA, 0x58, 0x31, 0x31, 0x37, 0x64, 0x69,
    0x22, 0x69, 0x64, 0x64, 0x69, 0x22, 0x69, 0x64, 0xFF, 0xFF, 0x00, 0x3A, 0xFF, 0xF6, 0x02, 0x0A,
    0x02, 0xE6, 0x02, 0x26, 0x00, 0xEB, 0x00, 0x00, 0x00, 0x06, 0x01, 0x78, 0x5C, 0x00, 0xFF, 0xFF,
    0x00, 0x3A, 0xFF, 0xF6, 0x02, 0x0A, 0x02, 0xE6, 0x02, 0x26, 0x00, 0xEB, 0x00, 0x00, 0x00, 0x06,
    0x01, 0x7D, 0x5C, 0x00, 0xFF, 0xFF, 0x00, 0x3A, 0xFF, 0xF6, 0x02, 0x0A, 0x02, 0xE6, 0x02, 0x26,
    0x00, 0xEB, 0x00, 0x00, 0x00, 0x06, 0x01, 0x7B, 0x5C, 0x00, 0xFF, 0xFF, 0x00, 0x3A, 0xFF, 0xF6,
    0x02, 0x0A, 0x02, 0xC6, 0x02, 0x26, 0x00, 0xEB, 0x00, 0x00, 0x00, 0x06, 0x01, 0x75, 0x5C, 0x00,
    0xFF, 0xFF, 0x00, 0x3A, 0xFF, 0xF6, 0x02, 0x0A, 0x02, 0xE6, 0x02, 0x26, 0x00, 0xEB, 0x00, 0x00,
    0x00, 0x06, 0x01, 0x77, 0x5C, 0x00, 0xFF, 0xFF, 0x00, 0x3A, 0xFF, 0xF6, 0x02, 0x0A, 0x02, 0xB3,
    0x02, 0x26, 0x00, 0xEB, 0x00, 0x00, 0x00, 0x07, 0x01, 0x80, 0x00, 0x98, 0x00, 0x00, 0x00, 0x02,
    0x00, 0x3A, 0xFF, 0x60, 0x02, 0x18, 0x02, 0x20, 0x00, 0x22, 0x00, 0x30, 0x00, 0x00, 0x05, 0x22,
    0x35, 0x34, 0x36, 0x37, 0x35, 0x31, 0x35, 0x23, 0x06, 0x06, 0x23, 0x22, 0x26, 0x26, 0x35, 0x34,
    0x36, 0x36, 0x33, 0x32, 0x16, 0x17, 0x33, 0x35, 0x33, 0x11, 0x06, 0x06, 0x15, 0x14, 0x33, 0x33,
    0x15, 0x27, 0x32, 0x36, 0x35, 0x35, 0x34, 0x26, 0x23, 0x22, 0x06, 0x15, 0x15, 0x14, 0x16, 0x01,
    0xB3, 0x48, 0x2A, 0x3D, 0x0B, 0x1F, 0x56, 0x3B, 0x45, 0x63, 0x35, 0x35, 0x63, 0x45, 0x3B, 0x56,
    0x1F, 0x0B, 0x38, 0x40, 0x30, 0x1F, 0x5F, 0xF4, 0x56, 0x51, 0x51, 0x56, 0x56, 0x52, 0x52, 0xA0,
    0x38, 0x1A, 0x3A, 0x12, 0x02, 0x58, 0x31, 0x31, 0x41, 0x7C, 0x58, 0x59, 0x7B, 0x41, 0x31, 0x31,
    0x58, 0xFD, 0xEA, 0x1C, 0x2F, 0x11, 0x19, 0x2B, 0xCD, 0x64, 0x69, 0x22, 0x69, 0x64, 0x64, 0x69,
    0x22, 0x69, 0x64, 0x00, 0xFF, 0xFF, 0x00, 0x3A, 0xFF, 0xF6, 0x02, 0x0A, 0x03, 0x0A, 0x02, 0x26,
    0x00, 0xEB, 0x00, 0x00, 0x00, 0x06, 0x01, 0x7E, 0x5C, 0x00, 0xFF, 0xFF, 0x00, 0x3A, 0xFF, 0xF6,
    0x02, 0x0A, 0x02, 0xE2, 0x02, 0x26, 0x00, 0xEB, 0x00, 0x00, 0x00, 0x06, 0x01, 0x7F, 0x5C, 0x00,
    0x00, 0x04, 0x00, 0x1B, 0x00, 0x00, 0x02, 0x80, 0x02, 0xD2, 0x00, 0x07, 0x00, 0x0B, 0x00, 0x11,
    0x00, 0x15, 0x00, 0x00, 0x13, 0x34, 0x33, 0x33, 0x15, 0x23, 0x11, 0x23, 0x03, 0x35, 0x21, 0x15,
    0x13, 0x11, 0x23, 0x35, 0x33, 0x11, 0x03, 0x35, 0x33, 0x15, 0x9B, 0x2F, 0xCE, 0xBF, 0x3E, 0x80,
    0x01, 0x7D, 0xA2, 0x63, 0xA1, 0x4A, 0x52, 0x02, 0xA3, 0x2F, 0x33, 0xFD, 0x61, 0x01, 0xE3, 0x33,
    0x33, 0xFE, 0x1D, 0x01, 0xE3, 0x33, 0xFD, 0xEA, 0x02, 0x7B, 0x4B, 0x4B, 0x00, 0x03, 0x00, 0x1B,
    0x00, 0x00, 0x02, 0xE6, 0x02, 0xD2, 0x00, 0x07, 0x00, 0x0B, 0x00, 0x13, 0x00, 0x00, 0x13, 0x34,
    0x33, 0x33, 0x15, 0x23, 0x11, 0x23, 0x03, 0x35, 0x21, 0x15, 0x13, 0x22, 0x35, 0x11, 0x33, 0x11,
    0x33, 0x15, 0x9B, 0x2F, 0xCE, 0xBF, 0x3E, 0x80, 0x01, 0x7D, 0xA8, 0x2F, 0x3E, 0x97, 0x02, 0xA3,
    0x2F, 0x33, 0xFD, 0x61, 0x01, 0xE3, 0x33, 0x33, 0xFE, 0x1D, 0x2F, 0x02, 0xA3, 0xFD, 0x61, 0x33,
    0x00, 0x01, 0x00, 0x45, 0x01, 0x46, 0x01, 0x7B, 0x02, 0xB8, 0x00, 0x27, 0x00, 0x00, 0x13, 0x22,
    0x26, 0x35, 0x34, 0x36, 0x37, 0x37, 0x15, 0x07, 0x06, 0x06, 0x15, 0x15, 0x14, 0x33, 0x32, 0x3D,
    0x03, 0x34, 0x26, 0x23, 0x22, 0x06, 0x15, 0x31, 0x23, 0x36, 0x33, 0x32, 0x16, 0x15, 0x15, 0x23,
    0x35, 0x23, 0x06, 0x06, 0xC4, 0x3B, 0x44, 0x42, 0x46, 0x76, 0x65, 0x34, 0x2A, 0x59, 0x6A, 0x2D,
    0x2F, 0x2B, 0x31, 0x3B, 0x18, 0x81, 0x47, 0x4B, 0x32, 0x0B, 0x11, 0x3C, 0x01, 0x46, 0x34, 0x2F,
    0x31, 0x33, 0x07, 0x0A, 0x26, 0x0A, 0x05, 0x1D, 0x1D, 0x01, 0x3C, 0x58, 0x36, 0x09, 0x26, 0x2F,
    0x2D, 0x24, 0x1A, 0x6B, 0x45, 0x41, 0xE6, 0x34, 0x1C, 0x1E, 0x00, 0x02, 0x00, 0x3E, 0x01, 0x46,
    0x01, 0xA5, 0x02, 0xB8, 0x00, 0x0B, 0x00, 0x19, 0x00, 0x00, 0x13, 0x22, 0x26, 0x35, 0x34, 0x36,
    0x33, 0x32, 0x16, 0x15, 0x14, 0x06, 0x27, 0x32, 0x36, 0x35, 0x35, 0x34, 0x26, 0x23, 0x22, 0x06,
    0x15, 0x15, 0x14, 0x16, 0xF2, 0x55, 0x5F, 0x5F, 0x55, 0x53, 0x60, 0x60, 0x53, 0x3D, 0x3A, 0x3A,
    0x3D, 0x3D, 0x3B, 0x3B, 0x01, 0x46, 0x60, 0x59, 0x59, 0x60, 0x60, 0x59, 0x59, 0x60, 0x2D, 0x3E,
    0x41, 0x19, 0x42, 0x3E, 0x3E, 0x42, 0x19, 0x41, 0x3E, 0x00, 0x00, 0x03, 0x00, 0x1C, 0x00, 0x00,
    0x02, 0x7B, 0x02, 0x16, 0x00, 0x07, 0x00, 0x0B, 0x00, 0x0F, 0x00, 0x00, 0x21, 0x22, 0x35, 0x11,
    0x33, 0x11, 0x33, 0x15, 0x21, 0x11, 0x33, 0x11, 0x03, 0x35, 0x21, 0x15, 0x02, 0x05, 0x2F, 0x3E,
    0x67, 0xFE, 0x08, 0x3E, 0xA5, 0x02, 0x5F, 0x2F, 0x01, 0xD3, 0xFE, 0x31, 0x33, 0x02, 0x02, 0xFD,
    0xFE, 0x01, 0xE3, 0x33, 0x33, 0x00, 0x00, 0x03, 0x00, 0x42, 0xFF, 0xF6, 0x02, 0x6D, 0x02, 0xBC,
    0x00, 0x0B, 0x00, 0x19, 0x00, 0x1D, 0x00, 0x00, 0x05, 0x22, 0x26, 0x35, 0x34, 0x36, 0x33, 0x32,
    0x16, 0x15, 0x14, 0x06, 0x27, 0x32, 0x36, 0x35, 0x35, 0x34, 0x26, 0x23, 0x22, 0x06, 0x15, 0x15,
    0x14, 0x16, 0x27, 0x01, 0x17, 0x01, 0x01, 0x58, 0x89, 0x8D, 0x8D, 0x89, 0x89, 0x8C, 0x8C, 0x89,
    0x6B, 0x66, 0x66, 0x6B, 0x6A, 0x68, 0x68, 0x4B, 0x01, 0x3D, 0x2C, 0xFE, 0xC4, 0x0A, 0xAE, 0xB5,
    0xB5, 0xAE, 0xAE, 0xB5, 0xB5, 0xAE, 0x39, 0x76, 0x7C, 0x71, 0x7B, 0x76, 0x76, 0x7B, 0x71, 0x7C,
    0x76, 0x1C, 0x02, 0x2E, 0x12, 0xFD, 0xD2, 0x00, 0x00, 0x01, 0x00, 0x33, 0x00, 0x00, 0x01, 0xCC,
    0x02, 0xB2, 0x00, 0x0A, 0x00, 0x00, 0x33, 0x35, 0x33, 0x11, 0x07, 0x35, 0x37, 0x33, 0x11, 0x33,
    0x15, 0x33, 0xAC, 0xA9, 0xC3, 0x26, 0xAD, 0x36, 0x02, 0x37, 0x57, 0x37, 0x65, 0xFD, 0x84, 0x36,
    0x00, 0x01, 0x00, 0x45, 0x00, 0x00, 0x02, 0x38, 0x02, 0xBC, 0x00, 0x23, 0x00, 0x00, 0x33, 0x35,
    0x34, 0x36, 0x37, 0x37, 0x36, 0x36, 0x35, 0x35, 0x34, 0x26, 0x23, 0x22, 0x06, 0x15, 0x31, 0x23,
    0x36, 0x36, 0x33, 0x32, 0x16, 0x15, 0x15, 0x14, 0x06, 0x07, 0x07, 0x06, 0x06, 0x15, 0x15, 0x27,
    0x21, 0x15, 0x45, 0x54, 0x5B, 0x7C, 0x4B, 0x3E, 0x62, 0x55, 0x5B, 0x59, 0x43, 0x12, 0x79, 0x6C,
    0x73, 0x83, 0x52, 0x5B, 0x7C, 0x4C, 0x3F, 0x22, 0x01, 0xCE, 0x6E, 0x5C, 0x67, 0x1A, 0x22, 0x14,
    0x3C, 0x31, 0x0D, 0x41, 0x47, 0x54, 0x44, 0x6C, 0x65, 0x69, 0x5C, 0x06, 0x49, 0x57, 0x1A, 0x22,
    0x14, 0x4A, 0x47, 0x53, 0x1C, 0x39, 0x00, 0x01, 0x00, 0x3F, 0xFF, 0xF6, 0x02, 0x35, 0x02, 0xBC,
    0x00, 0x2B, 0x00, 0x00, 0x05, 0x22, 0x26, 0x27, 0x33, 0x15, 0x14, 0x16, 0x33, 0x32, 0x36, 0x35,
    0x35, 0x34, 0x23, 0x23, 0x35, 0x33, 0x32, 0x35, 0x35, 0x34, 0x26, 0x23, 0x22, 0x06, 0x15, 0x15,
    0x23, 0x36, 0x36, 0x33, 0x32, 0x16, 0x15, 0x14, 0x06, 0x07, 0x15, 0x16, 0x16, 0x15, 0x14, 0x06,
    0x01, 0x39, 0x6D, 0x7A, 0x13, 0x43, 0x5A, 0x5D, 0x57, 0x63, 0x7B, 0x9D, 0x9B, 0x7A, 0x62, 0x55,
    0x5B, 0x59, 0x43, 0x12, 0x79, 0x6C, 0x74, 0x85, 0x3A, 0x35, 0x36, 0x3C, 0x86, 0x0A, 0x63, 0x6E,
    0x02, 0x45, 0x52, 0x48, 0x3F, 0x10, 0x81, 0x34, 0x7C, 0x0C, 0x3E, 0x44, 0x52, 0x46, 0x01, 0x6D,
    0x64, 0x65, 0x5C, 0x3D, 0x4B, 0x08, 0x16, 0x08, 0x4E, 0x41, 0x5F, 0x69, 0x00, 0x02, 0x00, 0x33,
    0x00, 0x00, 0x02, 0x5A, 0x02, 0xB2, 0x00, 0x0A, 0x00, 0x0E, 0x00, 0x00, 0x37, 0x35, 0x01, 0x33,
    0x11, 0x33, 0x15, 0x23, 0x15, 0x23, 0x35, 0x25, 0x21, 0x11, 0x23, 0x33, 0x01, 0x38, 0x65, 0x8A,
    0x8A, 0x3E, 0xFE, 0xE6, 0x01, 0x1A, 0x0B, 0xB9, 0x38, 0x01, 0xC1, 0xFE, 0x3F, 0x38, 0xB9, 0xB9,
    0x38, 0x01, 0x88, 0x00, 0x00, 0x01, 0x00, 0x54, 0xFF, 0xF6, 0x02, 0x4A, 0x02, 0xB2, 0x00, 0x22,
    0x00, 0x00, 0x05, 0x22, 0x26, 0x27, 0x33, 0x31, 0x14, 0x16, 0x33, 0x32, 0x35, 0x35, 0x34, 0x23,
    0x22, 0x06, 0x07, 0x23, 0x11, 0x21, 0x15, 0x21, 0x15, 0x14, 0x06, 0x07, 0x33, 0x36, 0x36, 0x33,
    0x32, 0x16, 0x15, 0x14, 0x06, 0x01, 0x4E, 0x6D, 0x7A, 0x13, 0x43, 0x5A, 0x5D, 0xBA, 0xBA, 0x3E,
    0x5A, 0x1D, 0x40, 0x01, 0xD4, 0xFE, 0x6A, 0x05, 0x05, 0x16, 0x15, 0x61, 0x43, 0x70, 0x7E, 0x82,
    0x0A, 0x63, 0x6E, 0x46, 0x53, 0xAB, 0x08, 0xAB, 0x2A, 0x1F, 0x01, 0x6F, 0x39, 0x89, 0x17, 0x38,
    0x2F, 0x26, 0x2A, 0x77, 0x6E, 0x70, 0x77, 0x00, 0x00, 0x02, 0x00, 0x45, 0xFF, 0xF6, 0x02, 0x48,
    0x02, 0xBC, 0x00, 0x20, 0x00, 0x2C, 0x00, 0x00, 0x05, 0x22, 0x26, 0x26, 0x35, 0x34, 0x36, 0x33,
    0x32, 0x16, 0x17, 0x23, 0x31, 0x34, 0x26, 0x26, 0x23, 0x22, 0x06, 0x15, 0x15, 0x14, 0x06, 0x07,
    0x33, 0x36, 0x36, 0x33, 0x32, 0x16, 0x15, 0x14, 0x06, 0x27, 0x32, 0x35, 0x35, 0x34, 0x23, 0x22,
    0x06, 0x15, 0x15, 0x14, 0x16, 0x01, 0x4A, 0x5C, 0x73, 0x36, 0x7B, 0x88, 0x61, 0x74, 0x17, 0x44,
    0x24, 0x4B, 0x39, 0x5A, 0x62, 0x03, 0x04, 0x16, 0x1C, 0x5C, 0x46, 0x71, 0x7E, 0x83, 0x79, 0xBA,
    0xBA, 0x58, 0x5F, 0x5F, 0x0A, 0x48, 0x9C, 0x7F, 0xBD, 0xA6, 0x53, 0x5B, 0x1A, 0x37, 0x25, 0x64,
    0x5C, 0x02, 0x13, 0x2E, 0x22, 0x34, 0x2F, 0x77, 0x6E, 0x70, 0x77, 0x38, 0xAB, 0x08, 0xAB, 0x58,
    0x53, 0x08, 0x53, 0x58, 0x00, 0x01, 0x00, 0x20, 0x00, 0x00, 0x02, 0x00, 0x02, 0xB2, 0x00, 0x07,
    0x00, 0x00, 0x33, 0x01, 0x17, 0x21, 0x35, 0x21, 0x15, 0x01, 0x92, 0x01, 0x3B, 0x1A, 0xFE, 0x39,
    0x01, 0xE0, 0xFE, 0xD9, 0x02, 0xA2, 0x29, 0x39, 0x39, 0xFD, 0x87, 0x00, 0x00, 0x03, 0x00, 0x44,
    0xFF, 0xF6, 0x02, 0x4B, 0x02, 0xBC, 0x00, 0x15, 0x00, 0x23, 0x00, 0x31, 0x00, 0x00, 0x05, 0x22,
    0x26, 0x35, 0x34, 0x37, 0x35, 0x26, 0x35, 0x34, 0x36, 0x33, 0x32, 0x16, 0x15, 0x14, 0x07, 0x15,
    0x16, 0x15, 0x14, 0x06, 0x27, 0x32, 0x36, 0x35, 0x35, 0x34, 0x26, 0x23, 0x22, 0x06, 0x15, 0x15,
    0x14, 0x16, 0x13, 0x32, 0x36, 0x35, 0x35, 0x34, 0x26, 0x23, 0x22, 0x06, 0x15, 0x15, 0x14, 0x16,
    0x01, 0x47, 0x79, 0x8A, 0x75, 0x6F, 0x87, 0x76, 0x77, 0x86, 0x6F, 0x76, 0x8A, 0x7A, 0x5F, 0x63,
    0x63, 0x5F, 0x5E, 0x63, 0x63, 0x5E, 0x5C, 0x5F, 0x5F, 0x5C, 0x5B, 0x60, 0x60, 0x0A, 0x67, 0x5E,
    0x8B, 0x14, 0x0C, 0x14, 0x84, 0x5B, 0x63, 0x63, 0x5B, 0x84, 0x14, 0x0C, 0x14, 0x8B, 0x5E, 0x67,
    0x38, 0x43, 0x42, 0x10, 0x42, 0x42, 0x42, 0x42, 0x10, 0x42, 0x43, 0x01, 0x4B, 0x40, 0x3F, 0x0D,
    0x3E, 0x41, 0x41, 0x3E, 0x0D, 0x3F, 0x40, 0x00, 0x00, 0x02, 0x00, 0x3E, 0xFF, 0xF6, 0x02, 0x41,
    0x02, 0xBC, 0x00, 0x20, 0x00, 0x2C, 0x00, 0x00, 0x01, 0x32, 0x16, 0x16, 0x15, 0x14, 0x06, 0x23,
    0x22, 0x26, 0x27, 0x33, 0x31, 0x14, 0x16, 0x16, 0x33, 0x32, 0x36, 0x35, 0x35, 0x34, 0x36, 0x37,
    0x23, 0x06, 0x06, 0x23, 0x22, 0x26, 0x35, 0x34, 0x36, 0x17, 0x22, 0x15, 0x15, 0x14, 0x33, 0x32,
    0x36, 0x35, 0x35, 0x34, 0x26, 0x01, 0x3B, 0x5C, 0x74, 0x36, 0x7B, 0x89, 0x61, 0x74, 0x17, 0x44,
    0x25, 0x4A, 0x39, 0x5A, 0x63, 0x03, 0x04, 0x17, 0x1C, 0x5C, 0x45, 0x70, 0x7F, 0x83, 0x79, 0xBA,
    0xBA, 0x58, 0x5E, 0x5E, 0x02, 0xBC, 0x48, 0x9C, 0x7F, 0xBD, 0xA6, 0x53, 0x5B, 0x1A, 0x37, 0x25,
    0x64, 0x5C, 0x02, 0x13, 0x2E, 0x22, 0x34, 0x2F, 0x77, 0x6E, 0x71, 0x76, 0x38, 0xAB, 0x08, 0xAB,
    0x58, 0x53, 0x08, 0x53, 0x58, 0x00, 0x00, 0x02, 0x00, 0x42, 0xFF, 0xF6, 0x02, 0x6D, 0x02, 0xBC,
    0x00, 0x0B, 0x00, 0x19, 0x00, 0x00, 0x05, 0x22, 0x26, 0x35, 0x34, 0x36, 0x33, 0x32, 0x16, 0x15,
    0x14, 0x06, 0x27, 0x32, 0x36, 0x35, 0x35, 0x34, 0x26, 0x23, 0x22, 0x06, 0x15, 0x15, 0x14, 0x16,
    0x01, 0x58, 0x89, 0x8D, 0x8D, 0x89, 0x89, 0x8C, 0x8C, 0x89, 0x6A, 0x67, 0x67, 0x6A, 0x6A, 0x67,
    0x67, 0x0A, 0xAE, 0xB5, 0xB5, 0xAE, 0xAE, 0xB5, 0xB5, 0xAE, 0x39, 0x76, 0x7C, 0x71, 0x7B, 0x76,
    0x76, 0x7B, 0x71, 0x7C, 0x76, 0x00, 0x00, 0x01, 0xFF, 0x06, 0x00, 0x00, 0x01, 0x32, 0x02, 0xB2,
    0x00, 0x03, 0x00, 0x00, 0x23, 0x01, 0x33, 0x01, 0xFA, 0x01, 0xEC, 0x40, 0xFE, 0x14, 0x02, 0xB2,
    0xFD, 0x4E, 0xFF, 0xFF, 0x00, 0x2F, 0x00, 0x00, 0x02, 0xBD, 0x02, 0xB2, 0x00, 0x26, 0x01, 0x0F,
    0x00, 0x00, 0x00, 0x27, 0x01, 0x05, 0x01, 0x29, 0x00, 0x00, 0x00, 0x07, 0x01, 0x10, 0x01, 0x60,
    0xFE, 0x90, 0xFF, 0xFF, 0x00, 0x2F, 0xFF, 0xFB, 0x02, 0xC2, 0x02, 0xB2, 0x00, 0x26, 0x01, 0x0F,
    0x00, 0x00, 0x00, 0x27, 0x01, 0x05, 0x01, 0x29, 0x00, 0x00, 0x00, 0x07, 0x01, 0x11, 0x01, 0x60,
    0xFE, 0x90, 0xFF, 0xFF, 0x00, 0x35, 0xFF, 0xFB, 0x03, 0x2B, 0x02, 0xB6, 0x00, 0x26, 0x01, 0x10,
    0x00, 0x00, 0x00, 0x27, 0x01, 0x05, 0x01, 0x91, 0x00, 0x00, 0x00, 0x07, 0x01, 0x11, 0x01, 0xC9,
    0xFE, 0x90, 0xFF, 0xFF, 0x00, 0x2F, 0x00, 0x00, 0x02, 0xBA, 0x02, 0xB2, 0x00, 0x26, 0x01, 0x0F,
    0x00, 0x00, 0x00, 0x27, 0x01, 0x05, 0x01, 0x29, 0x00, 0x00, 0x00, 0x07, 0x01, 0x12, 0x01, 0x60,
    0xFE, 0x90, 0xFF, 0xFF, 0x00, 0x36, 0x00, 0x00, 0x03, 0x27, 0x02, 0xB6, 0x00, 0x26, 0x01, 0x11,
    0x00, 0x00, 0x00, 0x27, 0x01, 0x05, 0x01, 0x95, 0x00, 0x00, 0x00, 0x07, 0x01, 0x12, 0x01, 0xCD,
    0xFE, 0x90, 0xFF, 0xFF, 0x00, 0x3B, 0x00, 0x00, 0x00, 0xCC, 0x01, 0x42, 0x02, 0x07, 0x01, 0x0F,
    0x00, 0x00, 0xFE, 0x90, 0xFF, 0xFF, 0x00, 0x35, 0x00, 0x00, 0x01, 0x5D, 0x01, 0x46, 0x02, 0x07,
    0x01, 0x10, 0x00, 0x00, 0xFE, 0x90, 0xFF, 0xFF, 0x00, 0x36, 0xFF, 0xFB, 0x01, 0x62, 0x01, 0x46,
    0x02, 0x07, 0x01, 0x11, 0x00, 0x00, 0xFE, 0x90, 0xFF, 0xFF, 0x00, 0x2C, 0x00, 0x00, 0x01, 0x5A,
    0x01, 0x42, 0x02, 0x07, 0x01, 0x12, 0x00, 0x00, 0xFE, 0x90, 0x00, 0x01, 0x00, 0x3B, 0x01, 0x70,
    0x00, 0xCC, 0x02, 0xB2, 0x00, 0x06, 0x00, 0x00, 0x13, 0x11, 0x07, 0x35, 0x37, 0x33, 0x11, 0x92,
    0x57, 0x6B, 0x26, 0x01, 0x70, 0x01, 0x0E, 0x23, 0x2A, 0x2D, 0xFE, 0xBE, 0x00, 0x01, 0x00, 0x35,
    0x01, 0x70, 0x01, 0x5D, 0x02, 0xB6, 0x00, 0x22, 0x00, 0x00, 0x13, 0x35, 0x34, 0x36, 0x37, 0x37,
    0x36, 0x36, 0x35, 0x35, 0x34, 0x26, 0x23, 0x22, 0x15, 0x15, 0x23, 0x36, 0x36, 0x33, 0x32, 0x16,
    0x15, 0x15, 0x14, 0x06, 0x07, 0x07, 0x06, 0x06, 0x15, 0x15, 0x27, 0x21, 0x15, 0x35, 0x31, 0x36,
    0x46, 0x24, 0x1D, 0x2F, 0x2A, 0x5A, 0x3A, 0x08, 0x49, 0x43, 0x45, 0x4E, 0x30, 0x35, 0x47, 0x26,
    0x1C, 0x1E, 0x01, 0x0A, 0x01, 0x70, 0x40, 0x2D, 0x2D, 0x0C, 0x10, 0x08, 0x14, 0x13, 0x02, 0x19,
    0x1B, 0x42, 0x04, 0x3A, 0x37, 0x33, 0x2C, 0x01, 0x25, 0x29, 0x0C, 0x10, 0x09, 0x1A, 0x1A, 0x2D,
    0x1C, 0x2E, 0x00, 0x01, 0x00, 0x36, 0x01, 0x6B, 0x01, 0x62, 0x02, 0xB6, 0x00, 0x2B, 0x00, 0x00,
    0x13, 0x22, 0x26, 0x27, 0x33, 0x15, 0x14, 0x16, 0x33, 0x32, 0x36, 0x35, 0x35, 0x34, 0x23, 0x23,
    0x35, 0x33, 0x32, 0x35, 0x35, 0x34, 0x26, 0x23, 0x22, 0x06, 0x15, 0x15, 0x23, 0x36, 0x36, 0x33,
    0x32, 0x16, 0x15, 0x14, 0x06, 0x07, 0x15, 0x16, 0x16, 0x15, 0x14, 0x06, 0xCC, 0x43, 0x4A, 0x09,
    0x3B, 0x2E, 0x2D, 0x2A, 0x30, 0x3F, 0x54, 0x54, 0x3D, 0x2F, 0x29, 0x2D, 0x2D, 0x3A, 0x0A, 0x48,
    0x42, 0x44, 0x4F, 0x23, 0x20, 0x23, 0x23, 0x51, 0x01, 0x6B, 0x33, 0x38, 0x04, 0x1A, 0x21, 0x1B,
    0x19, 0x02, 0x33, 0x28, 0x2F, 0x01, 0x18, 0x1B, 0x21, 0x1A, 0x04, 0x37, 0x33, 0x30, 0x2A, 0x1D,
    0x22, 0x04, 0x0A, 0x04, 0x25, 0x1D, 0x2C, 0x32, 0x00, 0x02, 0x00, 0x2C, 0x01, 0x70, 0x01, 0x5A,
    0x02, 0xB2, 0x00, 0x0A, 0x00, 0x0E, 0x00, 0x00, 0x13, 0x35, 0x37, 0x33, 0x15, 0x33, 0x15, 0x23,
    0x15, 0x23, 0x35, 0x27, 0x33, 0x35, 0x23, 0x2C, 0x98, 0x51, 0x45, 0x45, 0x35, 0x7B, 0x7B, 0x09,
    0x01, 0xB2, 0x2D, 0xD3, 0xD3, 0x2D, 0x42, 0x42, 0x2D, 0x9E, 0x00, 0x01, 0x00, 0x54, 0x00, 0x00,
    0x00, 0xA7, 0x00, 0x50, 0x00, 0x03, 0x00, 0x00, 0x33, 0x35, 0x33, 0x15, 0x54, 0x53, 0x50, 0x50,
    0x00, 0x01, 0x00, 0x50, 0xFF, 0x89, 0x00, 0xA7, 0x00, 0x50, 0x00, 0x06, 0x00, 0x00, 0x17, 0x37,
    0x23, 0x35, 0x33, 0x15, 0x07, 0x50, 0x2D, 0x29, 0x53, 0x30, 0x77, 0x77, 0x50, 0x50, 0x77, 0x00,
    0xFF, 0xFF, 0x00, 0x59, 0x00, 0x00, 0x00, 0xAC, 0x02, 0x16, 0x00, 0x26, 0x01, 0x17, 0x05, 0x00,
    0x00, 0x07, 0x01, 0x17, 0x00, 0x05, 0x01, 0xC6, 0xFF, 0xFF, 0x00, 0x55, 0xFF, 0x89, 0x00, 0xAC,
    0x02, 0x16, 0x00, 0x26, 0x01, 0x18, 0x05, 0x00, 0x00, 0x07, 0x01, 0x17, 0x00, 0x05, 0x01, 0xC6,
    0xFF, 0xFF, 0x00, 0x54, 0x00, 0x00, 0x02, 0x57, 0x00, 0x50, 0x00, 0x26, 0x01, 0x17, 0x00, 0x00,
    0x00, 0x27, 0x01, 0x17, 0x00, 0xD8, 0x00, 0x00, 0x00, 0x07, 0x01, 0x17, 0x01, 0xB0, 0x00, 0x00,
    0x00, 0x02, 0x00, 0x5D, 0x00, 0x00, 0x00, 0xB0, 0x02, 0xB2, 0x00, 0x05, 0x00, 0x09, 0x00, 0x00,
    0x37, 0x03, 0x35, 0x33, 0x15, 0x03, 0x07, 0x35, 0x33, 0x15, 0x74, 0x10, 0x45, 0x10, 0x3C, 0x53,
    0xBE, 0x01, 0xBF, 0x35, 0x35, 0xFE, 0x41, 0xBE, 0x50, 0x50, 0x00, 0x02, 0x00, 0x5D, 0xFF, 0x64,
    0x00, 0xB0, 0x02, 0x16, 0x00, 0x05, 0x00, 0x09, 0x00, 0x00, 0x13, 0x13, 0x15, 0x23, 0x35, 0x13,
    0x37, 0x15, 0x23, 0x35, 0x99, 0x10, 0x45, 0x10, 0x3C, 0x53, 0x01, 0x58, 0xFE, 0x41, 0x35, 0x35,
    0x01, 0xBF, 0xBE, 0x50, 0x50, 0x00, 0x00, 0x02, 0x00, 0x2D, 0x00, 0x00, 0x02, 0x02, 0x02, 0xBC,
    0x00, 0x1F, 0x00, 0x23, 0x00, 0x00, 0x37, 0x27, 0x26, 0x36, 0x37, 0x36, 0x36, 0x35, 0x35, 0x34,
    0x26, 0x23, 0x22, 0x06, 0x15, 0x15, 0x23, 0x36, 0x36, 0x33, 0x32, 0x16, 0x15, 0x15, 0x14, 0x06,
    0x06, 0x07, 0x06, 0x06, 0x0F, 0x02, 0x35, 0x33, 0x15, 0xF5, 0x03, 0x02, 0x2B, 0x30, 0x41, 0x37,
    0x5B, 0x50, 0x57, 0x52, 0x42, 0x11, 0x73, 0x67, 0x70, 0x7A, 0x20, 0x44, 0x38, 0x25, 0x22, 0x02,
    0x03, 0x3C, 0x53, 0xBE, 0x42, 0x2C, 0x37, 0x11, 0x15, 0x3F, 0x2E, 0x0C, 0x3F, 0x43, 0x51, 0x43,
    0x02, 0x6B, 0x63, 0x63, 0x59, 0x09, 0x2D, 0x46, 0x33, 0x12, 0x0C, 0x27, 0x1E, 0x30, 0xBE, 0x50,
    0x50, 0x00, 0x00, 0x02, 0x00, 0x32, 0xFF, 0x5A, 0x02, 0x07, 0x02, 0x16, 0x00, 0x1F, 0x00, 0x23,
    0x00, 0x00, 0x01, 0x17, 0x16, 0x06, 0x07, 0x06, 0x06, 0x15, 0x15, 0x14, 0x16, 0x33, 0x32, 0x36,
    0x35, 0x35, 0x33, 0x06, 0x06, 0x23, 0x22, 0x26, 0x35, 0x35, 0x34, 0x36, 0x36, 0x37, 0x36, 0x36,
    0x3F, 0x02, 0x15, 0x23, 0x35, 0x01, 0x40, 0x03, 0x02, 0x2C, 0x30, 0x41, 0x37, 0x5C, 0x4F, 0x57,
    0x52, 0x42, 0x10, 0x73, 0x68, 0x70, 0x7A, 0x20, 0x45, 0x37, 0x26, 0x22, 0x02, 0x03, 0x3C, 0x53,
    0x01, 0x58, 0x42, 0x2C, 0x37, 0x11, 0x15, 0x3F, 0x2E, 0x0C, 0x3F, 0x43, 0x51, 0x43, 0x02, 0x6B,
    0x63, 0x64, 0x58, 0x09, 0x2E, 0x45, 0x34, 0x11, 0x0C, 0x27, 0x1E, 0x30, 0xBE, 0x50, 0x50, 0x00,
    0xFF, 0xFF, 0x00, 0x59, 0x00, 0xF4, 0x00, 0xAC, 0x01, 0x44, 0x00, 0x07, 0x01, 0x17, 0x00, 0x05,
    0x00, 0xF4, 0x00, 0x01, 0x00, 0x59, 0x00, 0xB7, 0x01, 0x2C, 0x01, 0x81, 0x00, 0x03, 0x00, 0x00,
    0x37, 0x35, 0x33, 0x15, 0x59, 0xD3, 0xB7, 0xCA, 0xCA, 0x00, 0x00, 0x01, 0x00, 0x46, 0x01, 0x7F,
    0x01, 0xA1, 0x02, 0xD2, 0x00, 0x0E, 0x00, 0x00, 0x13, 0x37, 0x17, 0x27, 0x33, 0x07, 0x37, 0x17,
    0x07, 0x17, 0x07, 0x27, 0x07, 0x27, 0x37, 0x46, 0x12, 0x87, 0x07, 0x39, 0x08, 0x87, 0x11, 0x8A,
    0x5A, 0x2E, 0x4E, 0x4F, 0x2E, 0x59, 0x02, 0x3B, 0x37, 0x35, 0x95, 0x95, 0x35, 0x36, 0x26, 0x76,
    0x21, 0x7D, 0x7D, 0x22, 0x74, 0x00, 0x00, 0x04, 0x00, 0x37, 0x00, 0x00, 0x02, 0x92, 0x02, 0xB2,
    0x00, 0x03, 0x00, 0x07, 0x00, 0x0B, 0x00, 0x0F, 0x00, 0x00, 0x33, 0x13, 0x33, 0x03, 0x33, 0x13,
    0x33, 0x03, 0x01, 0x35, 0x21, 0x15, 0x05, 0x35, 0x21, 0x15, 0x8A, 0x78, 0x37, 0x78, 0xCF, 0x78,
    0x37, 0x78, 0xFE, 0x95, 0x02, 0x36, 0xFD, 0xA5, 0x02, 0x36, 0x02, 0xB2, 0xFD, 0x4E, 0x02, 0xB2,
    0xFD, 0x4E, 0x01, 0xB6, 0x33, 0x33, 0xED, 0x33, 0x33, 0x00, 0x00, 0x01, 0x00, 0x12, 0xFF, 0x84,
    0x01, 0x88, 0x03, 0x2E, 0x00, 0x03, 0x00, 0x00, 0x17, 0x01, 0x33, 0x01, 0x12, 0x01, 0x36, 0x40,
    0xFE, 0xCA, 0x7C, 0x03, 0xAA, 0xFC, 0x56, 0x00, 0x00, 0x01, 0x00, 0x11, 0xFF, 0x84, 0x01, 0x87,
    0x03, 0x2E, 0x00, 0x03, 0x00, 0x00, 0x05, 0x01, 0x33, 0x01, 0x01, 0x47, 0xFE, 0xCA, 0x40, 0x01,
    0x36, 0x7C, 0x03, 0xAA, 0xFC, 0x56, 0x00, 0x02, 0x00, 0x5D, 0x00, 0x00, 0x00, 0xB0, 0x02, 0xB2,
    0x00, 0x05, 0x00, 0x09, 0x00, 0x00, 0x13, 0x13, 0x15, 0x23, 0x35, 0x13, 0x37, 0x15, 0x23, 0x35,
    0x99, 0x10, 0x45, 0x10, 0x3C, 0x53, 0x01, 0xF4, 0xFE, 0x41, 0x35, 0x35, 0x01, 0xBF, 0xBE, 0x50,
    0x50, 0x00, 0x00, 0x02, 0x00, 0x32, 0xFF, 0xF6, 0x02, 0x07, 0x02, 0xB2, 0x00, 0x1F, 0x00, 0x23,
    0x00, 0x00, 0x01, 0x17, 0x16, 0x06, 0x07, 0x06, 0x06, 0x15, 0x15, 0x14, 0x16, 0x33, 0x32, 0x36,
    0x35, 0x35, 0x33, 0x06, 0x06, 0x23, 0x22, 0x26, 0x35, 0x35, 0x34, 0x36, 0x36, 0x37, 0x36, 0x36,
    0x3F, 0x02, 0x15, 0x23, 0x35, 0x01, 0x40, 0x03, 0x02, 0x2C, 0x30, 0x41, 0x37, 0x5C, 0x4F, 0x57,
    0x52, 0x42, 0x10, 0x73, 0x68, 0x70, 0x7A, 0x20, 0x45, 0x37, 0x26, 0x22, 0x02, 0x03, 0x3C, 0x53,
    0x01, 0xF4, 0x42, 0x2C, 0x37, 0x11, 0x15, 0x3F, 0x2E, 0x0C, 0x3F, 0x43, 0x51, 0x43, 0x02, 0x6B,
    0x63, 0x64, 0x58, 0x09, 0x2E, 0x45, 0x34, 0x11, 0x0C, 0x27, 0x1E, 0x30, 0xBE, 0x50, 0x50, 0x00,
    0x00, 0x01, 0x00, 0x1C, 0x01, 0x50, 0x00, 0x6C, 0x01, 0x9C, 0x00, 0x03, 0x00, 0x00, 0x13, 0x35,
    0x33, 0x15, 0x1C, 0x50, 0x01, 0x50, 0x4C, 0x4C, 0xFF, 0xFF, 0xFF, 0x46, 0x01, 0x62, 0xFF, 0x96,
    0x01, 0xAE, 0x00, 0x07, 0x01, 0x28, 0xFF, 0x2A, 0x00, 0x12, 0x00, 0x01, 0x00, 0x3D, 0x01, 0x02,
    0x01, 0x49, 0x01, 0x36, 0x00, 0x03, 0x00, 0x00, 0x13, 0x35, 0x21, 0x15, 0x3D, 0x01, 0x0C, 0x01,
    0x02, 0x34, 0x34, 0x00, 0x00, 0x01, 0x00, 0x3D, 0x01, 0x02, 0x02, 0x19, 0x01, 0x36, 0x00, 0x03,
    0x00, 0x00, 0x13, 0x35, 0x21, 0x15, 0x3D, 0x01, 0xDC, 0x01, 0x02, 0x34, 0x34, 0x00, 0x00, 0x01,
    0x00, 0x3D, 0x01, 0x02, 0x02, 0xFD, 0x01, 0x36, 0x00, 0x03, 0x00, 0x00, 0x13, 0x35, 0x21, 0x15,
    0x3D, 0x02, 0xC0, 0x01, 0x02, 0x34, 0x34, 0x00, 0x00, 0x01, 0x00, 0x2F, 0xFF, 0xA5, 0x01, 0xEB,
    0xFF, 0xD8, 0x00, 0x03, 0x00, 0x00, 0x17, 0x35, 0x21, 0x15, 0x2F, 0x01, 0xBC, 0x5B, 0x33, 0x33,
    0x00, 0x01, 0x00, 0x3E, 0xFF, 0x84, 0x01, 0x35, 0x03, 0x2E, 0x00, 0x0E, 0x00, 0x00, 0x17, 0x26,
    0x26, 0x35, 0x34, 0x36, 0x37, 0x33, 0x06, 0x06, 0x15, 0x15, 0x14, 0x16, 0x17, 0xF4, 0x58, 0x5E,
    0x5E, 0x58, 0x41, 0x5F, 0x5A, 0x5A, 0x5F, 0x7C, 0x56, 0xF0, 0x8F, 0x8F, 0xF1, 0x55, 0x67, 0xD6,
    0x7F, 0x32, 0x7F, 0xD6, 0x67, 0x00, 0x00, 0x01, 0x00, 0x15, 0xFF, 0x84, 0x01, 0x0C, 0x03, 0x2E,
    0x00, 0x0E, 0x00, 0x00, 0x13, 0x16, 0x16, 0x15, 0x14, 0x06, 0x07, 0x23, 0x36, 0x36, 0x35, 0x35,
    0x34, 0x26, 0x27, 0x56, 0x59, 0x5D, 0x5D, 0x59, 0x41, 0x60, 0x59, 0x59, 0x60, 0x03, 0x2E, 0x55,
    0xF1, 0x8F, 0x8F, 0xF0, 0x56, 0x67, 0xD6, 0x7F, 0x32, 0x7F, 0xD6, 0x67, 0x00, 0x01, 0x00, 0x1E,
    0xFF, 0x84, 0x01, 0x6C, 0x03, 0x2E, 0x00, 0x31, 0x00, 0x00, 0x17, 0x22, 0x35, 0x34, 0x3E, 0x03,
    0x35, 0x34, 0x23, 0x23, 0x35, 0x33, 0x32, 0x35, 0x34, 0x2E, 0x03, 0x35, 0x34, 0x33, 0x33, 0x15,
    0x23, 0x22, 0x15, 0x14, 0x1E, 0x03, 0x15, 0x14, 0x07, 0x15, 0x16, 0x15, 0x14, 0x0E, 0x03, 0x15,
    0x14, 0x33, 0x33, 0x15, 0xB9, 0x40, 0x0B, 0x10, 0x11, 0x0B, 0x22, 0x70, 0x70, 0x22, 0x0B, 0x10,
    0x11, 0x0B, 0x40, 0xB3, 0xA0, 0x17, 0x0B, 0x10, 0x0F, 0x0B, 0x2D, 0x2D, 0x0B, 0x0F, 0x10, 0x0B,
    0x17, 0xA0, 0x7C, 0x40, 0x13, 0x45, 0x53, 0x52, 0x43, 0x11, 0x2A, 0x34, 0x2A, 0x11, 0x43, 0x52,
    0x53, 0x45, 0x13, 0x40, 0x33, 0x17, 0x0B, 0x3D, 0x51, 0x54, 0x45, 0x13, 0x38, 0x08, 0x0C, 0x07,
    0x39, 0x13, 0x45, 0x54, 0x51, 0x3D, 0x0B, 0x17, 0x33, 0x00, 0x00, 0x01, 0x00, 0x27, 0xFF, 0x84,
    0x01, 0x75, 0x03, 0x2E, 0x00, 0x31, 0x00, 0x00, 0x13, 0x32, 0x15, 0x14, 0x0E, 0x03, 0x15, 0x14,
    0x33, 0x33, 0x15, 0x23, 0x22, 0x15, 0x14, 0x1E, 0x03, 0x15, 0x14, 0x23, 0x23, 0x35, 0x33, 0x32,
    0x35, 0x34, 0x2E, 0x03, 0x35, 0x34, 0x37, 0x35, 0x26, 0x35, 0x34, 0x3E, 0x03, 0x35, 0x34, 0x23,
    0x23, 0x35, 0xD9, 0x40, 0x0B, 0x10, 0x11, 0x0B, 0x22, 0x71, 0x71, 0x22, 0x0B, 0x11, 0x10, 0x0B,
    0x40, 0xB2, 0x9F, 0x17, 0x0B, 0x0F, 0x10, 0x0B, 0x2E, 0x2E, 0x0B, 0x10, 0x0F, 0x0B, 0x17, 0x9F,
    0x03, 0x2E, 0x40, 0x13, 0x45, 0x53, 0x52, 0x43, 0x11, 0x2A, 0x34, 0x2A, 0x11, 0x43, 0x52, 0x53,
    0x45, 0x13, 0x40, 0x33, 0x17, 0x0B, 0x3D, 0x51, 0x54, 0x45, 0x13, 0x39, 0x07, 0x0C, 0x07, 0x39,
    0x13, 0x45, 0x54, 0x51, 0x3D, 0x0B, 0x17, 0x33, 0x00, 0x01, 0x00, 0x65, 0xFF, 0x84, 0x01, 0x3E,
    0x03, 0x2E, 0x00, 0x07, 0x00, 0x00, 0x17, 0x11, 0x33, 0x15, 0x23, 0x11, 0x33, 0x15, 0x65, 0xD9,
    0x9D, 0x9D, 0x7C, 0x03, 0xAA, 0x33, 0xFC, 0xBC, 0x33, 0x00, 0x00, 0x01, 0x00, 0x27, 0xFF, 0x84,
    0x01, 0x00, 0x03, 0x2E, 0x00, 0x07, 0x00, 0x00, 0x01, 0x11, 0x23, 0x35, 0x33, 0x11, 0x23, 0x35,
    0x01, 0x00, 0xD9, 0x9C, 0x9C, 0x03, 0x2E, 0xFC, 0x56, 0x33, 0x03, 0x44, 0x33, 0x00, 0xFF, 0xFF,
    0x00, 0x50, 0xFF, 0x89, 0x00, 0xA7, 0x00, 0x50, 0x00, 0x06, 0x01, 0x18, 0x00, 0x00, 0xFF, 0xFF,
    0x00, 0x5B, 0xFF, 0x89, 0x01, 0x40, 0x00, 0x50, 0x00, 0x26, 0x01, 0x18, 0x0B, 0x00, 0x00, 0x07,
    0x01, 0x18, 0x00, 0x99, 0x00, 0x00, 0x00, 0x02, 0x00, 0x5A, 0x01, 0xEB, 0x01, 0x3F, 0x02, 0xB2,
    0x00, 0x06, 0x00, 0x0D, 0x00, 0x00, 0x01, 0x07, 0x33, 0x15, 0x23, 0x35, 0x37, 0x23, 0x07, 0x33,
    0x15, 0x23, 0x35, 0x37, 0x01, 0x3F, 0x2D, 0x29, 0x53, 0x30, 0x67, 0x2D, 0x29, 0x53, 0x30, 0x02,
    0xB2, 0x77, 0x50, 0x50, 0x77, 0x77, 0x50, 0x50, 0x77, 0x00, 0xFF, 0xFF, 0x00, 0x5C, 0x01, 0xEB,
    0x01, 0x41, 0x02, 0xB2, 0x00, 0x27, 0x01, 0x18, 0x00, 0x0C, 0x02, 0x62, 0x00, 0x07, 0x01, 0x18,
    0x00, 0x9A, 0x02, 0x62, 0x00, 0x01, 0x00, 0x4E, 0x01, 0xEB, 0x00, 0xA5, 0x02, 0xB2, 0x00, 0x06,
    0x00, 0x00, 0x13, 0x07, 0x33, 0x15, 0x23, 0x35, 0x37, 0xA5, 0x2D, 0x29, 0x53, 0x30, 0x02, 0xB2,
    0x77, 0x50, 0x50, 0x77, 0xFF, 0xFF, 0x00, 0x50, 0x01, 0xEB, 0x00, 0xA7, 0x02, 0xB2, 0x00, 0x07,
    0x01, 0x18, 0x00, 0x00, 0x02, 0x62, 0x00, 0x02, 0x00, 0x33, 0x00, 0x52, 0x01, 0xF5, 0x01, 0xE6,
    0x00, 0x07, 0x00, 0x0F, 0x00, 0x00, 0x25, 0x27, 0x35, 0x37, 0x33, 0x07, 0x15, 0x17, 0x21, 0x27,
    0x35, 0x37, 0x33, 0x07, 0x15, 0x17, 0x01, 0xB1, 0xA8, 0xA8, 0x44, 0xAD, 0xAD, 0xFE, 0xE6, 0xA8,
    0xA8, 0x44, 0xAD, 0xAD, 0x52, 0xB4, 0x2C, 0xB4, 0xC4, 0x0C, 0xC4, 0xB4, 0x2C, 0xB4, 0xC4, 0x0C,
    0xC4, 0x00, 0x00, 0x02, 0x00, 0x3B, 0x00, 0x52, 0x01, 0xFD, 0x01, 0xE6, 0x00, 0x07, 0x00, 0x0F,
    0x00, 0x00, 0x13, 0x17, 0x15, 0x07, 0x23, 0x37, 0x35, 0x27, 0x21, 0x17, 0x15, 0x07, 0x23, 0x37,
    0x35, 0x27, 0x7F, 0xA7, 0xA7, 0x44, 0xAD, 0xAD, 0x01, 0x1A, 0xA8, 0xA8, 0x44, 0xAD, 0xAD, 0x01,
    0xE6, 0xB4, 0x2C, 0xB4, 0xC4, 0x0C, 0xC4, 0xB4, 0x2C, 0xB4, 0xC4, 0x0C, 0xC4, 0x00, 0x00, 0x01,
    0x00, 0x33, 0x00, 0x52, 0x01, 0x1F, 0x01, 0xE6, 0x00, 0x07, 0x00, 0x00, 0x37, 0x27, 0x35, 0x37,
    0x33, 0x07, 0x15, 0x17, 0xDB, 0xA8, 0xA8, 0x44, 0xAD, 0xAD, 0x52, 0xB4, 0x2C, 0xB4, 0xC4, 0x0C,
    0xC4, 0x00, 0x00, 0x01, 0x00, 0x3B, 0x00, 0x52, 0x01, 0x26, 0x01, 0xE6, 0x00, 0x07, 0x00, 0x00,
    0x13, 0x17, 0x15, 0x07, 0x23, 0x37, 0x35, 0x27, 0x7F, 0xA7, 0xA7, 0x44, 0xAD, 0xAD, 0x01, 0xE6,
    0xB4, 0x2C, 0xB4, 0xC4, 0x0C, 0xC4, 0xFF, 0xFF, 0x00, 0x59, 0x01, 0xEB, 0x01, 0x27, 0x02, 0xB2,
    0x00, 0x26, 0x01, 0x3F, 0x0C, 0x00, 0x00, 0x07, 0x01, 0x3F, 0x00, 0x99, 0x00, 0x00, 0x00, 0x01,
    0x00, 0x4D, 0x01, 0xEB, 0x00, 0x8E, 0x02, 0xB2, 0x00, 0x05, 0x00, 0x00, 0x13, 0x27, 0x35, 0x33,
    0x15, 0x07, 0x5D, 0x10, 0x41, 0x10, 0x01, 0xEB, 0xA2, 0x25, 0x25, 0xA2, 0x00, 0x02, 0x00, 0x31,
    0x00, 0x00, 0x01, 0xAF, 0x02, 0xB2, 0x00, 0x0B, 0x00, 0x0F, 0x00, 0x00, 0x33, 0x35, 0x33, 0x11,
    0x34, 0x33, 0x33, 0x15, 0x23, 0x11, 0x14, 0x23, 0x03, 0x35, 0x21, 0x15, 0x31, 0x95, 0x30, 0xB9,
    0xAA, 0x2F, 0xA5, 0x01, 0x7E, 0x35, 0x02, 0x4E, 0x2F, 0x35, 0xFD, 0xB2, 0x2F, 0x01, 0x9B, 0x31,
    0x31, 0x00, 0x00, 0x0F, 0x00, 0x0A, 0xFF, 0xEC, 0x02, 0x53, 0x02, 0x8A, 0x00, 0x0F, 0x00, 0x19,
    0x00, 0x1D, 0x00, 0x21, 0x00, 0x25, 0x00, 0x29, 0x00, 0x2D, 0x00, 0x31, 0x00, 0x35, 0x00, 0x39,
    0x00, 0x3D, 0x00, 0x41, 0x00, 0x45, 0x00, 0x49, 0x00, 0x4D, 0x00, 0x00, 0x01, 0x35, 0x33, 0x35,
    0x27, 0x35, 0x37, 0x35, 0x23, 0x35, 0x33, 0x15, 0x07, 0x15, 0x17, 0x15, 0x01, 0x35, 0x32, 0x36,
    0x36, 0x35, 0x33, 0x14, 0x06, 0x06, 0x37, 0x35, 0x21, 0x15, 0x25, 0x35, 0x33, 0x15, 0x17, 0x35,
    0x33, 0x15, 0x27, 0x35, 0x33, 0x15, 0x17, 0x35, 0x33, 0x15, 0x27, 0x35, 0x33, 0x15, 0x27, 0x35,
    0x33, 0x15, 0x17, 0x35, 0x33, 0x15, 0x01, 0x35, 0x33, 0x15, 0x17, 0x35, 0x33, 0x15, 0x17, 0x31,
    0x17, 0x31, 0x35, 0x31, 0x33, 0x31, 0x17, 0x31, 0x15, 0x31, 0x01, 0x4F, 0xD4, 0x88, 0x88, 0xA2,
    0xD2, 0x6C, 0x6C, 0xFD, 0xB7, 0x3E, 0x66, 0x3C, 0x36, 0x4D, 0x7E, 0xC1, 0x01, 0x2C, 0xFE, 0xA8,
    0x36, 0x32, 0x73, 0xDB, 0x36, 0xA5, 0x32, 0xA5, 0x73, 0xDB, 0x36, 0xA5, 0x32, 0xFE, 0xF3, 0x36,
    0x2F, 0x32, 0x36, 0x27, 0x36, 0x30, 0x01, 0x83, 0x33, 0x0B, 0x30, 0x2D, 0x2F, 0x0D, 0x30, 0x58,
    0x23, 0x0D, 0x25, 0x5A, 0xFE, 0x69, 0x38, 0x1D, 0x47, 0x3E, 0x52, 0x5F, 0x29, 0x14, 0x32, 0x32,
    0xC6, 0x87, 0x87, 0x31, 0x32, 0x32, 0xB8, 0x36, 0x36, 0xB8, 0x32, 0x32, 0x56, 0x32, 0x32, 0x98,
    0xAF, 0xAF, 0x98, 0x32, 0x32, 0x01, 0x47, 0x58, 0x58, 0x0B, 0x33, 0x33, 0x14, 0x25, 0x82, 0xA0,
    0x36, 0x00, 0x00, 0x0F, 0x00, 0x0A, 0xFF, 0xEC, 0x02, 0xC7, 0x03, 0xE1, 0x00, 0x0F, 0x00, 0x19,
    0x00, 0x1D, 0x00, 0x21, 0x00, 0x25, 0x00, 0x29, 0x00, 0x2D, 0x00, 0x31, 0x00, 0x35, 0x00, 0x39,
    0x00, 0x3D, 0x00, 0x41, 0x00, 0x45, 0x00, 0x49, 0x00, 0x4D, 0x00, 0x00, 0x01, 0x27, 0x37, 0x15,
    0x07, 0x27, 0x37, 0x33, 0x07, 0x27, 0x37, 0x17, 0x07, 0x27, 0x37, 0x17, 0x01, 0x35, 0x32, 0x36,
    0x36, 0x35, 0x33, 0x14, 0x06, 0x06, 0x37, 0x35, 0x21, 0x15, 0x25, 0x35, 0x33, 0x15, 0x37, 0x35,
    0x33, 0x15, 0x25, 0x35, 0x33, 0x15, 0x17, 0x35, 0x33, 0x15, 0x27, 0x35, 0x33, 0x15, 0x25, 0x35,
    0x33, 0x15, 0x17, 0x35, 0x33, 0x15, 0x01, 0x35, 0x33, 0x15, 0x37, 0x27, 0x37, 0x17, 0x37, 0x37,
    0x17, 0x07, 0x27, 0x35, 0x33, 0x15, 0x17, 0x33, 0x15, 0x23, 0x01, 0x6A, 0x20, 0xE1, 0xD9, 0x21,
    0x19, 0x0F, 0x69, 0x2D, 0x75, 0x47, 0x1D, 0x0D, 0xDC, 0x2A, 0xFD, 0xAF, 0x3E, 0x66, 0x3C, 0x36,
    0x4D, 0x7E, 0xC1, 0x01, 0x2C, 0xFE, 0xA8, 0x36, 0x32, 0x73, 0xFE, 0xFE, 0x36, 0xCC, 0x32, 0xA5,
    0x73, 0xFE, 0xD1, 0x36, 0xF9, 0x32, 0xFE, 0x71, 0x36, 0x63, 0x2B, 0x1A, 0x2A, 0xC8, 0xA6, 0x27,
    0xA6, 0x60, 0x36, 0x52, 0x96, 0x96, 0x01, 0xD5, 0x2D, 0x7C, 0x08, 0x1B, 0x2B, 0xCE, 0xB3, 0x1D,
    0xC2, 0x2C, 0xD6, 0x10, 0x18, 0x48, 0xFD, 0x8E, 0x38, 0x1D, 0x47, 0x3E, 0x52, 0x5F, 0x29, 0x14,
    0x32, 0x32, 0xC6, 0x87, 0x87, 0x34, 0x32, 0x32, 0x53, 0x36, 0x36, 0x86, 0x32, 0x32, 0x88, 0x32,
    0x32, 0x34, 0xAF, 0xAF, 0x66, 0x32, 0x32, 0x01, 0x15, 0x58, 0x58, 0x2A, 0x1A, 0x2B, 0x1A, 0x9C,
    0xBE, 0x25, 0xBE, 0x44, 0x96, 0x96, 0x3B, 0x36, 0x00, 0x04, 0x00, 0x59, 0x00, 0x00, 0x03, 0x8B,
    0x02, 0xB2, 0x00, 0x03, 0x00, 0x07, 0x00, 0x0B, 0x00, 0x0F, 0x00, 0x00, 0x21, 0x13, 0x33, 0x03,
    0x21, 0x35, 0x33, 0x15, 0x03, 0x35, 0x33, 0x15, 0x13, 0x13, 0x33, 0x03, 0x02, 0x9C, 0xB1, 0x3E,
    0xB0, 0xFD, 0x7E, 0x53, 0x53, 0x53, 0xB3, 0xB1, 0x3E, 0xB0, 0x02, 0xB2, 0xFD, 0x4E, 0x50, 0x50,
    0x01, 0xC6, 0x50, 0x50, 0xFE, 0x3A, 0x02, 0xB2, 0xFD, 0x4E, 0x00, 0x01, 0x00, 0x3C, 0xFF, 0x99,
    0x03, 0x64, 0x02, 0xC7, 0x00, 0x4C, 0x00, 0x00, 0x05, 0x22, 0x26, 0x26, 0x35, 0x34, 0x36, 0x36,
    0x33, 0x32, 0x16, 0x16, 0x15, 0x14, 0x06, 0x23, 0x22, 0x26, 0x27, 0x23, 0x06, 0x23, 0x22, 0x26,
    0x35, 0x34, 0x36, 0x37, 0x37, 0x15, 0x07, 0x06, 0x06, 0x15, 0x15, 0x14, 0x16, 0x33, 0x32, 0x3D,
    0x03, 0x34, 0x26, 0x23, 0x22, 0x06, 0x06, 0x07, 0x31, 0x23, 0x36, 0x36, 0x33, 0x32, 0x16, 0x15,
    0x15, 0x14, 0x33, 0x32, 0x36, 0x35, 0x35, 0x34, 0x26, 0x23, 0x22, 0x06, 0x15, 0x15, 0x14, 0x16,
    0x33, 0x21, 0x15, 0x01, 0xD0, 0x7D, 0xB5, 0x62, 0x62, 0xB5, 0x7D, 0x7D, 0xB5, 0x62, 0x67, 0x56,
    0x2B, 0x34, 0x05, 0x0B, 0x2C, 0x65, 0x46, 0x50, 0x51, 0x4F, 0x8B, 0x7B, 0x3D, 0x36, 0x38, 0x35,
    0x81, 0x35, 0x3A, 0x2A, 0x31, 0x14, 0x01, 0x3D, 0x10, 0x58, 0x47, 0x53, 0x56, 0x31, 0x3B, 0x45,
    0xB4, 0xA5, 0xA6, 0xB4, 0xB4, 0xA6, 0x01, 0x21, 0x67, 0x63, 0xB6, 0x7E, 0x7E, 0xB7, 0x62, 0x62,
    0xB7, 0x7E, 0x72, 0x7E, 0x28, 0x1F, 0x47, 0x41, 0x3A, 0x3B, 0x43, 0x08, 0x0D, 0x2B, 0x0C, 0x06,
    0x28, 0x25, 0x02, 0x28, 0x28, 0x73, 0x49, 0x0B, 0x2B, 0x41, 0x3A, 0x1A, 0x23, 0x0F, 0x3F, 0x3F,
    0x55, 0x53, 0xBB, 0x3C, 0x5B, 0x57, 0x19, 0xA3, 0xB2, 0xB2, 0xA3, 0x19, 0xA3, 0xB3, 0x35, 0x00,
    0x00, 0x03, 0x00, 0x42, 0xFF, 0xF6, 0x02, 0x98, 0x02, 0xB2, 0x00, 0x10, 0x00, 0x26, 0x00, 0x2F,
    0x00, 0x00, 0x21, 0x01, 0x26, 0x26, 0x35, 0x34, 0x36, 0x33, 0x33, 0x15, 0x23, 0x22, 0x15, 0x14,
    0x16, 0x17, 0x01, 0x05, 0x22, 0x26, 0x35, 0x34, 0x36, 0x37, 0x17, 0x06, 0x06, 0x15, 0x15, 0x14,
    0x16, 0x33, 0x32, 0x36, 0x37, 0x17, 0x23, 0x06, 0x06, 0x37, 0x27, 0x33, 0x35, 0x33, 0x15, 0x14,
    0x06, 0x06, 0x02, 0x44, 0xFE, 0xA0, 0x28, 0x21, 0x49, 0x46, 0xF0, 0xEC, 0x56, 0x1C, 0x25, 0x01,
    0x7F, 0xFE, 0x89, 0x6D, 0x72, 0x67, 0x61, 0x10, 0x4C, 0x4A, 0x4E, 0x51, 0x44, 0x6E, 0x2A, 0x1B,
    0x24, 0x1C, 0x6C, 0xB1, 0x29, 0x27, 0x38, 0x0A, 0x17, 0x01, 0xA0, 0x2B, 0x45, 0x25, 0x3D, 0x40,
    0x35, 0x48, 0x18, 0x31, 0x29, 0xFE, 0x3D, 0x0A, 0x68, 0x65, 0x57, 0x64, 0x08, 0x2D, 0x07, 0x45,
    0x45, 0x07, 0x4C, 0x48, 0x25, 0x22, 0x2B, 0x28, 0x2B, 0x80, 0x24, 0xF2, 0x6B, 0x35, 0x41, 0x27,
    0x00, 0x01, 0x00, 0x24, 0x00, 0x00, 0x01, 0xBF, 0x02, 0xB2, 0x00, 0x0C, 0x00, 0x00, 0x21, 0x11,
    0x23, 0x11, 0x23, 0x22, 0x26, 0x35, 0x34, 0x36, 0x33, 0x33, 0x11, 0x01, 0x87, 0x53, 0x4E, 0x5E,
    0x64, 0x6C, 0x64, 0xCB, 0x02, 0x7E, 0xFE, 0xBE, 0x61, 0x56, 0x5F, 0x60, 0xFD, 0x4E, 0x00, 0x02,
    0x00, 0x42, 0xFF, 0x7A, 0x02, 0x1E, 0x02, 0xBC, 0x00, 0x38, 0x00, 0x46, 0x00, 0x00, 0x05, 0x22,
    0x26, 0x26, 0x27, 0x33, 0x15, 0x14, 0x16, 0x16, 0x33, 0x32, 0x35, 0x34, 0x26, 0x27, 0x27, 0x26,
    0x26, 0x35, 0x34, 0x36, 0x37, 0x35, 0x26, 0x35, 0x34, 0x36, 0x33, 0x32, 0x16, 0x17, 0x23, 0x35,
    0x34, 0x26, 0x26, 0x23, 0x22, 0x06, 0x15, 0x14, 0x16, 0x17, 0x17, 0x16, 0x16, 0x15, 0x14, 0x06,
    0x07, 0x15, 0x16, 0x16, 0x15, 0x14, 0x06, 0x13, 0x36, 0x36, 0x35, 0x34, 0x26, 0x27, 0x27, 0x06,
    0x06, 0x15, 0x14, 0x16, 0x17, 0x01, 0x35, 0x4B, 0x67, 0x38, 0x06, 0x3D, 0x20, 0x4E, 0x45, 0xA1,
    0x34, 0x3E, 0x8F, 0x4F, 0x44, 0x23, 0x21, 0x3F, 0x71, 0x6F, 0x69, 0x6F, 0x0F, 0x3E, 0x20, 0x4A,
    0x3F, 0x51, 0x54, 0x3C, 0x3D, 0x8F, 0x50, 0x44, 0x24, 0x21, 0x1A, 0x1E, 0x6C, 0x11, 0x15, 0x19,
    0x34, 0x41, 0xC6, 0x15, 0x19, 0x35, 0x41, 0x86, 0x1E, 0x4A, 0x43, 0x02, 0x22, 0x34, 0x1D, 0x69,
    0x26, 0x33, 0x0B, 0x17, 0x0F, 0x4C, 0x31, 0x29, 0x3F, 0x13, 0x0B, 0x26, 0x4F, 0x44, 0x5D, 0x57,
    0x59, 0x02, 0x1B, 0x37, 0x26, 0x3B, 0x34, 0x28, 0x2B, 0x0B, 0x17, 0x10, 0x4B, 0x32, 0x28, 0x3F,
    0x14, 0x0B, 0x13, 0x40, 0x21, 0x4B, 0x56, 0x01, 0x2E, 0x0E, 0x2F, 0x1F, 0x27, 0x35, 0x0D, 0x20,
    0x0D, 0x30, 0x1E, 0x26, 0x37, 0x0D, 0x00, 0x03, 0x00, 0x34, 0xFF, 0xB8, 0x03, 0x52, 0x02, 0xFA,
    0x00, 0x11, 0x00, 0x23, 0x00, 0x42, 0x00, 0x00, 0x05, 0x22, 0x2E, 0x02, 0x35, 0x34, 0x3E, 0x02,
    0x33, 0x32, 0x16, 0x16, 0x15, 0x14, 0x06, 0x06, 0x27, 0x32, 0x36, 0x36, 0x35, 0x35, 0x34, 0x26,
    0x26, 0x23, 0x22, 0x06, 0x06, 0x15, 0x15, 0x14, 0x16, 0x16, 0x37, 0x22, 0x26, 0x35, 0x34, 0x36,
    0x33, 0x32, 0x16, 0x17, 0x23, 0x31, 0x34, 0x26, 0x26, 0x23, 0x22, 0x06, 0x15, 0x15, 0x14, 0x16,
    0x33, 0x32, 0x36, 0x36, 0x35, 0x35, 0x33, 0x06, 0x06, 0x01, 0xC3, 0x58, 0x92, 0x6B, 0x3A, 0x3A,
    0x6B, 0x92, 0x58, 0x76, 0xB3, 0x66, 0x66, 0xB3, 0x76, 0x66, 0x9B, 0x57, 0x57, 0x9B, 0x66, 0x65,
    0x9C, 0x57, 0x57, 0x9C, 0x65, 0x64, 0x73, 0x73, 0x64, 0x52, 0x6B, 0x10, 0x3D, 0x1D, 0x3F, 0x34,
    0x4D, 0x4B, 0x4B, 0x4D, 0x34, 0x3F, 0x1D, 0x3E, 0x0E, 0x6C, 0x48, 0x3C, 0x6E, 0x9A, 0x5D, 0x5D,
    0x9A, 0x6E, 0x3C, 0x69, 0xBB, 0x7D, 0x7C, 0xBC, 0x69, 0x35, 0x5B, 0x9F, 0x66, 0x18, 0x67, 0x9E,
    0x5B, 0x5B, 0x9E, 0x67, 0x18, 0x66, 0x9F, 0x5B, 0x77, 0x7F, 0x76, 0x77, 0x7E, 0x55, 0x50, 0x1A,
    0x33, 0x22, 0x51, 0x5B, 0x25, 0x5B, 0x52, 0x22, 0x37, 0x1D, 0x01, 0x54, 0x59, 0x00, 0x00, 0x05,
    0x00, 0x38, 0x00, 0xD9, 0x02, 0x27, 0x02, 0xDC, 0x00, 0x0F, 0x00, 0x13, 0x00, 0x21, 0x00, 0x2C,
    0x00, 0x34, 0x00, 0x00, 0x25, 0x22, 0x26, 0x26, 0x35, 0x34, 0x36, 0x36, 0x33, 0x32, 0x16, 0x16,
    0x15, 0x14, 0x06, 0x06, 0x27, 0x27, 0x37, 0x17, 0x07, 0x32, 0x36, 0x35, 0x35, 0x34, 0x26, 0x23,
    0x22, 0x06, 0x15, 0x15, 0x14, 0x16, 0x27, 0x11, 0x33, 0x32, 0x16, 0x15, 0x14, 0x06, 0x23, 0x23,
    0x15, 0x27, 0x33, 0x32, 0x35, 0x35, 0x34, 0x23, 0x23, 0x01, 0x30, 0x46, 0x71, 0x41, 0x41, 0x71,
    0x46, 0x47, 0x6F, 0x41, 0x41, 0x6F, 0x17, 0x33, 0x2F, 0x38, 0x64, 0x59, 0x6B, 0x6B, 0x59, 0x59,
    0x6B, 0x6B, 0x02, 0x70, 0x24, 0x2B, 0x2B, 0x24, 0x40, 0x01, 0x3D, 0x23, 0x23, 0x3D, 0xD9, 0x43,
    0x75, 0x49, 0x4A, 0x75, 0x43, 0x43, 0x75, 0x4A, 0x49, 0x75, 0x43, 0x7C, 0x80, 0x08, 0x88, 0x4C,
    0x6F, 0x5D, 0x0C, 0x5D, 0x6E, 0x6E, 0x5D, 0x0C, 0x5D, 0x6F, 0x4C, 0x01, 0x0B, 0x2B, 0x25, 0x23,
    0x2A, 0x6E, 0x93, 0x24, 0x07, 0x23, 0x00, 0x02, 0x00, 0x24, 0x01, 0x30, 0x03, 0x5E, 0x02, 0xB2,
    0x00, 0x07, 0x00, 0x17, 0x00, 0x00, 0x13, 0x11, 0x23, 0x35, 0x21, 0x15, 0x23, 0x11, 0x33, 0x11,
    0x33, 0x13, 0x33, 0x13, 0x33, 0x11, 0x23, 0x11, 0x23, 0x03, 0x23, 0x03, 0x23, 0x11, 0xAA, 0x86,
    0x01, 0x45, 0x86, 0xD4, 0x68, 0x66, 0x0B, 0x66, 0x68, 0x39, 0x0B, 0x76, 0x34, 0x76, 0x0B, 0x01,
    0x30, 0x01, 0x53, 0x2F, 0x2F, 0xFE, 0xAD, 0x01, 0x82, 0xFE, 0xE0, 0x01, 0x20, 0xFE, 0x7E, 0x01,
    0x57, 0xFE, 0xA9, 0x01, 0x57, 0xFE, 0xA9, 0x00, 0x00, 0x02, 0x00, 0x28, 0x01, 0x5F, 0x01, 0x75,
    0x02, 0xBB, 0x00, 0x0B, 0x00, 0x15, 0x00, 0x00, 0x13, 0x22, 0x26, 0x35, 0x34, 0x36, 0x33, 0x32,
    0x16, 0x15, 0x14, 0x06, 0x27, 0x32, 0x35, 0x35, 0x34, 0x23, 0x22, 0x15, 0x15, 0x14, 0xCE, 0x4F,
    0x57, 0x57, 0x4F, 0x4E, 0x59, 0x59, 0x4E, 0x72, 0x72, 0x71, 0x01, 0x5F, 0x5B, 0x53, 0x53, 0x5B,
    0x5B, 0x53, 0x53, 0x5B, 0x2F, 0x74, 0x16, 0x74, 0x74, 0x16, 0x74, 0x00, 0x00, 0x01, 0x00, 0x6B,
    0xFF, 0x84, 0x00, 0xA7, 0x03, 0x2E, 0x00, 0x03, 0x00, 0x00, 0x17, 0x11, 0x33, 0x11, 0x6B, 0x3C,
    0x7C, 0x03, 0xAA, 0xFC, 0x56, 0x00, 0x00, 0x02, 0x00, 0x6B, 0xFF, 0x84, 0x00, 0xA7, 0x03, 0x2E,
    0x00, 0x03, 0x00, 0x07, 0x00, 0x00, 0x13, 0x11, 0x33, 0x11, 0x03, 0x11, 0x33, 0x11, 0x6B, 0x3C,
    0x3C, 0x3C, 0x01, 0x90, 0x01, 0x9E, 0xFE, 0x62, 0xFD, 0xF4, 0x01, 0x9E, 0xFE, 0x62, 0x00, 0x01,
    0x00, 0x21, 0x00, 0x00, 0x01, 0x95, 0x02, 0xB2, 0x00, 0x0B, 0x00, 0x00, 0x33, 0x13, 0x07, 0x35,
    0x17, 0x27, 0x33, 0x07, 0x37, 0x15, 0x27, 0x13, 0xBC, 0x09, 0xA4, 0xA4, 0x09, 0x3E, 0x09, 0xA4,
    0xA4, 0x09, 0x01, 0xD5, 0x0A, 0x3A, 0x0A, 0xB7, 0xB7, 0x0A, 0x3A, 0x0A, 0xFE, 0x2B, 0x00, 0x01,
    0x00, 0x27, 0xFF, 0xF6, 0x02, 0x30, 0x02, 0xBC, 0x00, 0x28, 0x00, 0x00, 0x05, 0x22, 0x26, 0x35,
    0x34, 0x36, 0x36, 0x33, 0x32, 0x16, 0x15, 0x14, 0x06, 0x06, 0x07, 0x05, 0x35, 0x25, 0x3E, 0x02,
    0x35, 0x35, 0x34, 0x26, 0x23, 0x22, 0x06, 0x15, 0x15, 0x14, 0x16, 0x33, 0x32, 0x36, 0x36, 0x35,
    0x31, 0x33, 0x06, 0x06, 0x01, 0x5B, 0x6D, 0x64, 0x2D, 0x61, 0x4D, 0x5F, 0x6C, 0x22, 0x4E, 0x41,
    0xFE, 0xA8, 0x01, 0x3B, 0x37, 0x3D, 0x1A, 0x46, 0x45, 0x53, 0x46, 0x41, 0x4E, 0x34, 0x3C, 0x1A,
    0x41, 0x11, 0x67, 0x0A, 0xA5, 0xBE, 0x80, 0x9C, 0x47, 0x68, 0x5A, 0x32, 0x4A, 0x3B, 0x1B, 0x8F,
    0x39, 0x81, 0x16, 0x2C, 0x38, 0x27, 0x08, 0x43, 0x46, 0x6C, 0x83, 0x7A, 0x82, 0x6D, 0x26, 0x36,
    0x18, 0x54, 0x57, 0x00, 0x00, 0x03, 0x00, 0x3B, 0x00, 0x00, 0x01, 0xAE, 0x02, 0xB2, 0x00, 0x09,
    0x00, 0x13, 0x00, 0x17, 0x00, 0x00, 0x13, 0x35, 0x17, 0x27, 0x33, 0x07, 0x37, 0x15, 0x27, 0x23,
    0x03, 0x37, 0x07, 0x35, 0x17, 0x33, 0x37, 0x15, 0x27, 0x17, 0x27, 0x11, 0x33, 0x11, 0x3B, 0xA4,
    0x0A, 0x3E, 0x09, 0xA4, 0xA4, 0x2B, 0x0A, 0x0A, 0xA4, 0xA4, 0x2B, 0xA4, 0xA4, 0x09, 0x37, 0x31,
    0x01, 0xCB, 0x3A, 0x0A, 0xB7, 0xB7, 0x0A, 0x3A, 0x0A, 0xFE, 0x2B, 0xB7, 0x0A, 0x3A, 0x0A, 0x0A,
    0x3A, 0x0A, 0xB7, 0xC7, 0x01, 0x25, 0xFE, 0xDB, 0x00, 0x02, 0x00, 0x34, 0xFF, 0xF6, 0x03, 0x4A,
    0x02, 0xBC, 0x00, 0x10, 0x00, 0x30, 0x00, 0x00, 0x01, 0x22, 0x06, 0x07, 0x06, 0x15, 0x15, 0x14,
    0x33, 0x21, 0x32, 0x35, 0x35, 0x34, 0x27, 0x26, 0x26, 0x27, 0x32, 0x1E, 0x02, 0x15, 0x15, 0x21,
    0x22, 0x15, 0x15, 0x14, 0x17, 0x16, 0x16, 0x33, 0x32, 0x36, 0x37, 0x33, 0x06, 0x06, 0x23, 0x22,
    0x2E, 0x02, 0x35, 0x34, 0x3E, 0x02, 0x01, 0xBF, 0x40, 0x77, 0x2F, 0x14, 0x0A, 0x01, 0xE0, 0x0A,
    0x14, 0x2F, 0x77, 0x40, 0x52, 0x8F, 0x6D, 0x3D, 0xFD, 0x85, 0x0A, 0x14, 0x2F, 0x77, 0x40, 0x49,
    0x84, 0x2F, 0x3C, 0x38, 0xA4, 0x5C, 0x52, 0x8F, 0x6D, 0x3D, 0x3D, 0x6D, 0x8F, 0x02, 0xA7, 0x30,
    0x2C, 0x12, 0x1E, 0xAE, 0x0A, 0x0A, 0xAE, 0x1E, 0x12, 0x2C, 0x30, 0x15, 0x37, 0x61, 0x81, 0x4A,
    0x0A, 0x0A, 0xAE, 0x1E, 0x12, 0x2C, 0x30, 0x3D, 0x37, 0x41, 0x48, 0x37, 0x62, 0x81, 0x49, 0x4A,
    0x81, 0x61, 0x37, 0x00, 0x00, 0x03, 0x00, 0x41, 0xFF, 0xA4, 0x02, 0x15, 0x02, 0x72, 0x00, 0x1E,
    0x00, 0x22, 0x00, 0x26, 0x00, 0x00, 0x05, 0x22, 0x26, 0x35, 0x34, 0x36, 0x33, 0x32, 0x16, 0x17,
    0x23, 0x31, 0x34, 0x26, 0x26, 0x23, 0x22, 0x06, 0x15, 0x15, 0x14, 0x16, 0x33, 0x32, 0x36, 0x36,
    0x35, 0x31, 0x33, 0x06, 0x06, 0x07, 0x35, 0x33, 0x15, 0x03, 0x35, 0x33, 0x15, 0x01, 0x2F, 0x70,
    0x7E, 0x7E, 0x70, 0x5D, 0x76, 0x12, 0x40, 0x21, 0x49, 0x3B, 0x55, 0x57, 0x57, 0x55, 0x3B, 0x49,
    0x21, 0x41, 0x0F, 0x78, 0x7A, 0x37, 0x37, 0x37, 0x05, 0x8B, 0x85, 0x86, 0x8A, 0x5C, 0x58, 0x1C,
    0x3A, 0x28, 0x60, 0x69, 0x22, 0x69, 0x60, 0x28, 0x3E, 0x20, 0x5C, 0x60, 0x57, 0x74, 0x74, 0x02,
    0x5A, 0x74, 0x74, 0x00, 0x00, 0x06, 0x00, 0x4C, 0x00, 0x53, 0x02, 0x0C, 0x02, 0x61, 0x00, 0x0F,
    0x00, 0x13, 0x00, 0x17, 0x00, 0x29, 0x00, 0x2D, 0x00, 0x31, 0x00, 0x00, 0x25, 0x22, 0x26, 0x26,
    0x35, 0x34, 0x36, 0x36, 0x33, 0x32, 0x16, 0x16, 0x15, 0x14, 0x06, 0x06, 0x05, 0x27, 0x37, 0x17,
    0x05, 0x27, 0x37, 0x17, 0x27, 0x32, 0x36, 0x36, 0x35, 0x35, 0x34, 0x26, 0x26, 0x23, 0x22, 0x06,
    0x06, 0x15, 0x15, 0x14, 0x16, 0x16, 0x03, 0x27, 0x37, 0x17, 0x05, 0x27, 0x37, 0x17, 0x01, 0x2E,
    0x4C, 0x5D, 0x2B, 0x2B, 0x5D, 0x4C, 0x4C, 0x58, 0x27, 0x27, 0x58, 0xFF, 0x00, 0x2E, 0x48, 0x2A,
    0x01, 0x21, 0x44, 0x29, 0x48, 0xDE, 0x3C, 0x3B, 0x13, 0x13, 0x3B, 0x3C, 0x3C, 0x40, 0x17, 0x17,
    0x40, 0x5E, 0x48, 0x2E, 0x44, 0x01, 0x06, 0x29, 0x44, 0x2D, 0x82, 0x3B, 0x63, 0x3B, 0x3B, 0x62,
    0x3C, 0x3C, 0x62, 0x3B, 0x3B, 0x63, 0x3B, 0x2F, 0x25, 0x58, 0x2A, 0x53, 0x53, 0x2A, 0x58, 0x41,
    0x27, 0x44, 0x2B, 0x17, 0x2B, 0x44, 0x27, 0x27, 0x44, 0x2B, 0x17, 0x2B, 0x44, 0x27, 0x01, 0x2B,
    0x57, 0x26, 0x53, 0x2A, 0x2A, 0x53, 0x26, 0x00, 0x00, 0x03, 0x00, 0x3E, 0xFF, 0xA4, 0x02, 0x46,
    0x03, 0x0E, 0x00, 0x2B, 0x00, 0x2F, 0x00, 0x33, 0x00, 0x00, 0x05, 0x22, 0x26, 0x27, 0x33, 0x31,
    0x14, 0x16, 0x33, 0x32, 0x36, 0x35, 0x35, 0x34, 0x26, 0x27, 0x27, 0x26, 0x26, 0x35, 0x34, 0x36,
    0x33, 0x32, 0x16, 0x17, 0x23, 0x31, 0x34, 0x26, 0x23, 0x22, 0x06, 0x15, 0x15, 0x14, 0x16, 0x17,
    0x17, 0x16, 0x16, 0x15, 0x14, 0x06, 0x07, 0x35, 0x33, 0x15, 0x03, 0x35, 0x33, 0x15, 0x01, 0x44,
    0x72, 0x80, 0x14, 0x43, 0x5F, 0x64, 0x5C, 0x66, 0x3F, 0x4A, 0x91, 0x59, 0x55, 0x87, 0x79, 0x71,
    0x7E, 0x13, 0x42, 0x5B, 0x65, 0x5A, 0x65, 0x3E, 0x48, 0x92, 0x5A, 0x55, 0x87, 0x98, 0x37, 0x3A,
    0x37, 0x05, 0x60, 0x6C, 0x40, 0x54, 0x43, 0x3E, 0x06, 0x2F, 0x35, 0x0F, 0x1C, 0x13, 0x52, 0x48,
    0x5C, 0x65, 0x60, 0x6C, 0x3E, 0x56, 0x43, 0x3E, 0x06, 0x2E, 0x37, 0x0E, 0x1C, 0x13, 0x52, 0x48,
    0x5C, 0x65, 0x57, 0x74, 0x74, 0x02, 0xEF, 0x7B, 0x7B, 0x00, 0x00, 0x03, 0x00, 0x38, 0xFF, 0xF6,
    0x02, 0xB1, 0x02, 0xBC, 0x00, 0x1E, 0x00, 0x22, 0x00, 0x26, 0x00, 0x00, 0x05, 0x22, 0x26, 0x35,
    0x34, 0x36, 0x33, 0x32, 0x16, 0x17, 0x23, 0x35, 0x34, 0x26, 0x26, 0x23, 0x22, 0x06, 0x15, 0x15,
    0x14, 0x16, 0x33, 0x32, 0x36, 0x36, 0x35, 0x35, 0x33, 0x06, 0x06, 0x01, 0x35, 0x21, 0x15, 0x25,
    0x35, 0x21, 0x15, 0x01, 0xA1, 0x84, 0x9A, 0x9A, 0x84, 0x69, 0x8C, 0x18, 0x3F, 0x2C, 0x5B, 0x47,
    0x6B, 0x6F, 0x6F, 0x6B, 0x49, 0x5A, 0x2B, 0x42, 0x15, 0x8E, 0xFE, 0x2A, 0x01, 0xB6, 0xFE, 0x4A,
    0x01, 0xB6, 0x0A, 0xB4, 0xAF, 0xAF, 0xB4, 0x6E, 0x6B, 0x01, 0x23, 0x4A, 0x32, 0x81, 0x87, 0x44,
    0x87, 0x81, 0x34, 0x4F, 0x27, 0x04, 0x71, 0x76, 0x01, 0x0E, 0x31, 0x31, 0x87, 0x31, 0x31, 0x00,
    0x00, 0x02, 0x00, 0x38, 0x00, 0x00, 0x02, 0x40, 0x02, 0xBC, 0x00, 0x24, 0x00, 0x28, 0x00, 0x00,
    0x33, 0x35, 0x36, 0x36, 0x35, 0x34, 0x2E, 0x02, 0x35, 0x34, 0x36, 0x36, 0x33, 0x32, 0x16, 0x17,
    0x23, 0x35, 0x34, 0x26, 0x26, 0x23, 0x22, 0x06, 0x15, 0x15, 0x14, 0x1E, 0x02, 0x15, 0x14, 0x06,
    0x07, 0x21, 0x15, 0x01, 0x35, 0x21, 0x15, 0x4A, 0x2C, 0x3C, 0x16, 0x1D, 0x16, 0x35, 0x65, 0x49,
    0x60, 0x7D, 0x0F, 0x41, 0x2D, 0x4D, 0x31, 0x4B, 0x5A, 0x14, 0x1B, 0x14, 0x31, 0x26, 0x01, 0xAD,
    0xFD, 0xF8, 0x01, 0x8C, 0x36, 0x21, 0x53, 0x32, 0x26, 0x45, 0x42, 0x44, 0x27, 0x38, 0x5B, 0x35,
    0x5F, 0x72, 0x03, 0x36, 0x42, 0x1D, 0x47, 0x42, 0x0C, 0x24, 0x43, 0x43, 0x43, 0x24, 0x37, 0x55,
    0x18, 0x39, 0x01, 0x35, 0x34, 0x34, 0x00, 0x03, 0x00, 0x1C, 0x00, 0x00, 0x02, 0x67, 0x02, 0xB2,
    0x00, 0x09, 0x00, 0x0D, 0x00, 0x11, 0x00, 0x00, 0x21, 0x11, 0x01, 0x33, 0x13, 0x33, 0x13, 0x33,
    0x01, 0x11, 0x27, 0x35, 0x21, 0x15, 0x25, 0x35, 0x21, 0x15, 0x01, 0x21, 0xFE, 0xFB, 0x48, 0xD9,
    0x0B, 0xD9, 0x46, 0xFE, 0xFA, 0xF1, 0x01, 0xA2, 0xFE, 0x5E, 0x01, 0xA2, 0x01, 0x23, 0x01, 0x8F,
    0xFE, 0xB3, 0x01, 0x4D, 0xFE, 0x71, 0xFE, 0xDD, 0x9B, 0x31, 0x31, 0x88, 0x31, 0x31, 0xFF, 0xFF,
    0x00, 0xDC, 0x01, 0x29, 0x01, 0x2F, 0x01, 0x79, 0x00, 0x07, 0x01, 0x17, 0x00, 0x88, 0x01, 0x29,
    0x00, 0x01, 0x00, 0x36, 0x00, 0x00, 0x01, 0xD5, 0x02, 0xB2, 0x00, 0x03, 0x00, 0x00, 0x33, 0x01,
    0x33, 0x01, 0x36, 0x01, 0x61, 0x3E, 0xFE, 0x9E, 0x02, 0xB2, 0xFD, 0x4E, 0x00, 0x02, 0x00, 0x29,
    0x00, 0x71, 0x01, 0xE2, 0x02, 0x31, 0x00, 0x03, 0x00, 0x07, 0x00, 0x00, 0x37, 0x11, 0x33, 0x11,
    0x27, 0x35, 0x21, 0x15, 0xEA, 0x37, 0xF8, 0x01, 0xB9, 0x71, 0x01, 0xC0, 0xFE, 0x40, 0xC6, 0x34,
    0x34, 0x00, 0x00, 0x01, 0x00, 0x29, 0x01, 0x37, 0x01, 0xE2, 0x01, 0x6B, 0x00, 0x03, 0x00, 0x00,
    0x13, 0x35, 0x21, 0x15, 0x29, 0x01, 0xB9, 0x01, 0x37, 0x34, 0x34, 0x00, 0x00, 0x02, 0x00, 0x42,
    0x00, 0x8E, 0x01, 0xC8, 0x02, 0x14, 0x00, 0x03, 0x00, 0x07, 0x00, 0x00, 0x37, 0x27, 0x01, 0x17,
    0x03, 0x01, 0x37, 0x01, 0x67, 0x25, 0x01, 0x62, 0x24, 0x25, 0xFE, 0xA0, 0x24, 0x01, 0x60, 0x8E,
    0x24, 0x01, 0x62, 0x24, 0xFE, 0x9F, 0x01, 0x60, 0x24, 0xFE, 0xA0, 0x00, 0x00, 0x03, 0x00, 0x29,
    0x00, 0x79, 0x01, 0xE2, 0x02, 0x29, 0x00, 0x03, 0x00, 0x07, 0x00, 0x0B, 0x00, 0x00, 0x13, 0x35,
    0x33, 0x15, 0x03, 0x35, 0x33, 0x15, 0x27, 0x35, 0x21, 0x15, 0xE1, 0x47, 0x47, 0x47, 0xFF, 0x01,
    0xB9, 0x01, 0xE2, 0x47, 0x47, 0xFE, 0x97, 0x47, 0x47, 0xBE, 0x34, 0x34, 0xFF, 0xFF, 0x00, 0x29,
    0x00, 0xDA, 0x01, 0xE2, 0x01, 0xC8, 0x02, 0x26, 0x01, 0x5B, 0x00, 0x5D, 0x00, 0x06, 0x01, 0x5B,
    0x00, 0xA3, 0x00, 0x03, 0x00, 0x29, 0x00, 0x71, 0x01, 0xE2, 0x02, 0x31, 0x00, 0x03, 0x00, 0x07,
    0x00, 0x0B, 0x00, 0x00, 0x37, 0x13, 0x33, 0x03, 0x03, 0x35, 0x21, 0x15, 0x05, 0x35, 0x21, 0x15,
    0x87, 0xCE, 0x32, 0xCE, 0x90, 0x01, 0xB9, 0xFE, 0x47, 0x01, 0xB9, 0x71, 0x01, 0xC0, 0xFE, 0x40,
    0x01, 0x24, 0x33, 0x33, 0xBB, 0x33, 0x33, 0x00, 0x00, 0x01, 0x00, 0x2D, 0x00, 0x6D, 0x01, 0xE6,
    0x02, 0x35, 0x00, 0x07, 0x00, 0x00, 0x37, 0x35, 0x25, 0x35, 0x25, 0x35, 0x05, 0x15, 0x2D, 0x01,
    0x80, 0xFE, 0x80, 0x01, 0xB9, 0x6D, 0x37, 0xA7, 0x0C, 0xA7, 0x37, 0xC3, 0x42, 0x00, 0x00, 0x01,
    0x00, 0x25, 0x00, 0x6D, 0x01, 0xDE, 0x02, 0x35, 0x00, 0x07, 0x00, 0x00, 0x01, 0x15, 0x05, 0x15,
    0x05, 0x15, 0x25, 0x35, 0x01, 0xDE, 0xFE, 0x7F, 0x01, 0x81, 0xFE, 0x47, 0x02, 0x35, 0x37, 0xA7,
    0x0C, 0xA7, 0x37, 0xC3, 0x42, 0x00, 0x00, 0x02, 0x00, 0x2C, 0x00, 0x13, 0x01, 0xE5, 0x02, 0x66,
    0x00, 0x07, 0x00, 0x0B, 0x00, 0x00, 0x37, 0x35, 0x25, 0x35, 0x25, 0x35, 0x05, 0x15, 0x01, 0x35,
    0x21, 0x15, 0x2C, 0x01, 0x81, 0xFE, 0x7F, 0x01, 0xB9, 0xFE, 0x47, 0x01, 0xB9, 0xAC, 0x38, 0x9F,
    0x0C, 0x9F, 0x38, 0xBC, 0x42, 0xFE, 0xAB, 0x33, 0x33, 0x00, 0x00, 0x02, 0x00, 0x25, 0x00, 0x13,
    0x01, 0xDF, 0x02, 0x66, 0x00, 0x07, 0x00, 0x0B, 0x00, 0x00, 0x25, 0x25, 0x35, 0x25, 0x15, 0x05,
    0x15, 0x05, 0x05, 0x35, 0x21, 0x15, 0x01, 0xDF, 0xFE, 0x46, 0x01, 0xBA, 0xFE, 0x7F, 0x01, 0x81,
    0xFE, 0x46, 0x01, 0xBA, 0xAC, 0xBC, 0x42, 0xBC, 0x38, 0x9F, 0x0C, 0x9F, 0xD1, 0x33, 0x33, 0x00,
    0x00, 0x03, 0x00, 0x29, 0x00, 0x13, 0x01, 0xE2, 0x02, 0x62, 0x00, 0x03, 0x00, 0x07, 0x00, 0x0B,
    0x00, 0x00, 0x13, 0x35, 0x21, 0x15, 0x07, 0x11, 0x33, 0x11, 0x07, 0x35, 0x21, 0x15, 0x29, 0x01,
    0xB9, 0xF8, 0x37, 0xF8, 0x01, 0xB9, 0x01, 0x6F, 0x34, 0x34, 0xBF, 0x01, 0xB2, 0xFE, 0x4E, 0x9D,
    0x33, 0x33, 0xFF, 0xFF, 0x00, 0x2A, 0x00, 0xBC, 0x01, 0xE3, 0x01, 0xE6, 0x00, 0x26, 0x01, 0x66,
    0x01, 0x5D, 0x00, 0x06, 0x01, 0x66, 0x01, 0xA3, 0x00, 0x01, 0x00, 0x29, 0x01, 0x19, 0x01, 0xE2,
    0x01, 0x89, 0x00, 0x15, 0x00, 0x00, 0x13, 0x34, 0x36, 0x33, 0x32, 0x1E, 0x02, 0x33, 0x32, 0x35,
    0x33, 0x14, 0x06, 0x23, 0x22, 0x2E, 0x02, 0x23, 0x22, 0x15, 0x29, 0x30, 0x2E, 0x1D, 0x44, 0x45,
    0x3C, 0x15, 0x31, 0x33, 0x30, 0x2E, 0x1D, 0x45, 0x44, 0x3D, 0x15, 0x31, 0x01, 0x1D, 0x35, 0x37,
    0x12, 0x19, 0x12, 0x39, 0x34, 0x38, 0x12, 0x19, 0x12, 0x39, 0x00, 0x01, 0x00, 0x26, 0x00, 0x94,
    0x01, 0xDF, 0x01, 0x6B, 0x00, 0x06, 0x00, 0x00, 0x25, 0x35, 0x17, 0x21, 0x35, 0x21, 0x15, 0x01,
    0xA9, 0x25, 0xFE, 0x58, 0x01, 0xB9, 0x94, 0xC1, 0x1E, 0x34, 0xD7, 0x00, 0x00, 0x01, 0x00, 0x3B,
    0x01, 0xAF, 0x01, 0xCF, 0x02, 0xB2, 0x00, 0x07, 0x00, 0x00, 0x13, 0x13, 0x33, 0x13, 0x23, 0x27,
    0x23, 0x07, 0x3B, 0xA8, 0x44, 0xA8, 0x43, 0x81, 0x0B, 0x82, 0x01, 0xAF, 0x01, 0x03, 0xFE, 0xFD,
    0xCE, 0xCE, 0x00, 0x03, 0x00, 0x45, 0x00, 0xD2, 0x02, 0x6B, 0x01, 0xD0, 0x00, 0x1D, 0x00, 0x26,
    0x00, 0x2F, 0x00, 0x00, 0x37, 0x22, 0x26, 0x26, 0x35, 0x34, 0x36, 0x36, 0x33, 0x32, 0x16, 0x17,
    0x33, 0x36, 0x36, 0x33, 0x32, 0x16, 0x16, 0x15, 0x14, 0x06, 0x06, 0x23, 0x22, 0x26, 0x27, 0x23,
    0x06, 0x06, 0x27, 0x32, 0x37, 0x26, 0x23, 0x22, 0x15, 0x15, 0x14, 0x21, 0x32, 0x35, 0x35, 0x34,
    0x23, 0x22, 0x07, 0x16, 0xC2, 0x26, 0x39, 0x1E, 0x1E, 0x38, 0x26, 0x2D, 0x4B, 0x1A, 0x0A, 0x1A,
    0x4B, 0x2D, 0x26, 0x38, 0x1E, 0x1E, 0x38, 0x26, 0x2D, 0x4B, 0x1A, 0x0A, 0x19, 0x4C, 0x28, 0x49,
    0x32, 0x32, 0x49, 0x49, 0x01, 0x6E, 0x48, 0x48, 0x49, 0x33, 0x33, 0xD2, 0x1F, 0x39, 0x27, 0x27,
    0x39, 0x1F, 0x2A, 0x26, 0x26, 0x2A, 0x1F, 0x39, 0x27, 0x27, 0x39, 0x1F, 0x2B, 0x25, 0x25, 0x2B,
    0x35, 0x4A, 0x4A, 0x48, 0x04, 0x48, 0x48, 0x04, 0x48, 0x4A, 0x4A, 0x00, 0x00, 0x01, 0x00, 0x1F,
    0x00, 0x00, 0x01, 0x38, 0x02, 0xB2, 0x00, 0x0B, 0x00, 0x00, 0x33, 0x35, 0x33, 0x11, 0x34, 0x33,
    0x33, 0x15, 0x23, 0x11, 0x14, 0x23, 0x1F, 0x70, 0x2C, 0x7D, 0x71, 0x2C, 0x35, 0x02, 0x51, 0x2C,
    0x35, 0xFD, 0xAF, 0x2C, 0x00, 0x01, 0x00, 0x43, 0x00, 0x00, 0x02, 0x97, 0x02, 0xBC, 0x00, 0x2B,
    0x00, 0x00, 0x33, 0x35, 0x33, 0x35, 0x2E, 0x02, 0x35, 0x34, 0x36, 0x36, 0x33, 0x32, 0x16, 0x16,
    0x15, 0x14, 0x06, 0x06, 0x07, 0x15, 0x33, 0x15, 0x23, 0x35, 0x3E, 0x02, 0x35, 0x35, 0x34, 0x26,
    0x26, 0x23, 0x22, 0x06, 0x06, 0x15, 0x15, 0x14, 0x16, 0x16, 0x17, 0x15, 0x49, 0x99, 0x28, 0x49,
    0x2E, 0x4E, 0x87, 0x55, 0x56, 0x86, 0x4E, 0x2E, 0x48, 0x29, 0x99, 0xD7, 0x28, 0x45, 0x2C, 0x3D,
    0x68, 0x41, 0x41, 0x69, 0x3C, 0x2C, 0x45, 0x27, 0x39, 0x0B, 0x19, 0x57, 0x76, 0x47, 0x64, 0x94,
    0x53, 0x53, 0x94, 0x64, 0x47, 0x76, 0x57, 0x19, 0x0B, 0x39, 0x4D, 0x1E, 0x4D, 0x67, 0x42, 0x21,
    0x54, 0x73, 0x3A, 0x3A, 0x73, 0x54, 0x21, 0x42, 0x67, 0x4D, 0x1E, 0x4D, 0x00, 0x02, 0x00, 0x28,
    0x00, 0x00, 0x02, 0x63, 0x02, 0xB2, 0x00, 0x05, 0x00, 0x09, 0x00, 0x00, 0x33, 0x35, 0x13, 0x33,
    0x13, 0x15, 0x25, 0x21, 0x03, 0x23, 0x28, 0xF5, 0x51, 0xF5, 0xFE, 0x06, 0x01, 0xB7, 0xD6, 0x0B,
    0x39, 0x02, 0x79, 0xFD, 0x87, 0x39, 0x39, 0x02, 0x37, 0x00, 0x00, 0x01, 0x00, 0x20, 0x00, 0x00,
    0x02, 0xDB, 0x02, 0xB2, 0x00, 0x0B, 0x00, 0x00, 0x21, 0x11, 0x21, 0x11, 0x23, 0x11, 0x23, 0x35,
    0x21, 0x15, 0x23, 0x11, 0x02, 0x2A, 0xFE, 0xA6, 0x40, 0x70, 0x02, 0xBB, 0x70, 0x02, 0x7D, 0xFD,
    0x83, 0x02, 0x7D, 0x35, 0x35, 0xFD, 0x83, 0x00, 0x00, 0x01, 0x00, 0x34, 0x00, 0x00, 0x02, 0x26,
    0x02, 0xB2, 0x00, 0x0B, 0x00, 0x00, 0x33, 0x35, 0x13, 0x03, 0x35, 0x21, 0x15, 0x21, 0x13, 0x03,
    0x21, 0x15, 0x34, 0xEC, 0xEA, 0x01, 0xDE, 0xFE, 0x6C, 0xE8, 0xEB, 0x01, 0xA9, 0x35, 0x01, 0x24,
    0x01, 0x24, 0x35, 0x35, 0xFE, 0xDC, 0xFE, 0xDC, 0x35, 0x00, 0x00, 0x01, 0x00, 0x2D, 0x00, 0x00,
    0x02, 0x02, 0x02, 0xB2, 0x00, 0x07, 0x00, 0x00, 0x33, 0x03, 0x33, 0x13, 0x33, 0x13, 0x33, 0x03,
    0xCC, 0x9F, 0x43, 0x87, 0x0C, 0xC0, 0x3F, 0xD1, 0x01, 0x64, 0xFE, 0xD3, 0x02, 0x7B, 0xFD, 0x4E,
    0x00, 0x01, 0x00, 0x62, 0xFF, 0x5C, 0x02, 0x04, 0x02, 0x16, 0x00, 0x1A, 0x00, 0x00, 0x17, 0x11,
    0x33, 0x11, 0x14, 0x16, 0x33, 0x32, 0x36, 0x35, 0x11, 0x33, 0x11, 0x23, 0x35, 0x23, 0x06, 0x06,
    0x23, 0x22, 0x26, 0x27, 0x37, 0x16, 0x16, 0x15, 0x15, 0x62, 0x3E, 0x47, 0x4C, 0x4D, 0x46, 0x3E,
    0x38, 0x0B, 0x1B, 0x52, 0x3B, 0x38, 0x4F, 0x0C, 0x10, 0x05, 0x05, 0xA4, 0x02, 0xBA, 0xFE, 0xBC,
    0x56, 0x4F, 0x4F, 0x56, 0x01, 0x44, 0xFD, 0xEA, 0x4B, 0x2A, 0x2B, 0x33, 0x2B, 0x07, 0x2F, 0x38,
    0x17, 0x81, 0x00, 0x02, 0x00, 0x3A, 0xFF, 0xF6, 0x02, 0x1D, 0x02, 0xBC, 0x00, 0x18, 0x00, 0x26,
    0x00, 0x00, 0x05, 0x22, 0x26, 0x35, 0x34, 0x36, 0x36, 0x33, 0x32, 0x16, 0x17, 0x33, 0x2E, 0x03,
    0x27, 0x35, 0x1E, 0x03, 0x15, 0x14, 0x06, 0x27, 0x32, 0x36, 0x35, 0x35, 0x34, 0x26, 0x23, 0x22,
    0x06, 0x15, 0x15, 0x14, 0x16, 0x01, 0x30, 0x74, 0x82, 0x34, 0x62, 0x44, 0x3D, 0x59, 0x12, 0x0B,
    0x09, 0x2B, 0x46, 0x62, 0x41, 0x5D, 0x8B, 0x5D, 0x2E, 0x7D, 0x70, 0x57, 0x56, 0x57, 0x5A, 0x59,
    0x57, 0x59, 0x0A, 0x88, 0x79, 0x51, 0x73, 0x3D, 0x2B, 0x19, 0x1D, 0x40, 0x3C, 0x2D, 0x09, 0x39,
    0x0F, 0x4C, 0x74, 0x94, 0x57, 0x81, 0x8B, 0x37, 0x5E, 0x61, 0x16, 0x62, 0x5D, 0x5D, 0x62, 0x16,
    0x61, 0x5E, 0x00, 0x05, 0x00, 0x30, 0xFF, 0xF6, 0x03, 0x1E, 0x02, 0xBC, 0x00, 0x03, 0x00, 0x13,
    0x00, 0x21, 0x00, 0x31, 0x00, 0x3F, 0x00, 0x00, 0x33, 0x01, 0x33, 0x01, 0x13, 0x22, 0x26, 0x26,
    0x35, 0x34, 0x36, 0x36, 0x33, 0x32, 0x16, 0x16, 0x15, 0x14, 0x06, 0x06, 0x27, 0x32, 0x36, 0x35,
    0x35, 0x34, 0x26, 0x23, 0x22, 0x06, 0x15, 0x15, 0x14, 0x16, 0x01, 0x22, 0x26, 0x26, 0x35, 0x34,
    0x36, 0x36, 0x33, 0x32, 0x16, 0x16, 0x15, 0x14, 0x06, 0x06, 0x27, 0x32, 0x36, 0x35, 0x35, 0x34,
    0x26, 0x23, 0x22, 0x06, 0x15, 0x15, 0x14, 0x16, 0x61, 0x02, 0x47, 0x45, 0xFD, 0xB9, 0x3F, 0x3D,
    0x50, 0x28, 0x28, 0x50, 0x3D, 0x3D, 0x50, 0x28, 0x28, 0x50, 0x3D, 0x3E, 0x3C, 0x3C, 0x3E, 0x3E,
    0x3C, 0x3C, 0x01, 0xC2, 0x3D, 0x50, 0x28, 0x28, 0x50, 0x3D, 0x3D, 0x50, 0x28, 0x28, 0x50, 0x3D,
    0x3E, 0x3D, 0x3D, 0x3E, 0x3E, 0x3C, 0x3C, 0x02, 0xB2, 0xFD, 0x4E, 0x01, 0x68, 0x2E, 0x4E, 0x2F,
    0x2E, 0x4D, 0x2E, 0x2E, 0x4D, 0x2E, 0x2F, 0x4E, 0x2E, 0x32, 0x39, 0x35, 0x15, 0x35, 0x38, 0x38,
    0x35, 0x15, 0x35, 0x39, 0xFE, 0x5C, 0x2E, 0x4E, 0x2E, 0x2F, 0x4D, 0x2E, 0x2E, 0x4D, 0x2F, 0x2E,
    0x4E, 0x2E, 0x32, 0x39, 0x35, 0x15, 0x35, 0x38, 0x38, 0x35, 0x15, 0x35, 0x39, 0x00, 0x00, 0x07,
    0x00, 0x30, 0xFF, 0xF6, 0x04, 0xC8, 0x02, 0xBC, 0x00, 0x03, 0x00, 0x13, 0x00, 0x21, 0x00, 0x31,
    0x00, 0x3F, 0x00, 0x4F, 0x00, 0x5D, 0x00, 0x00, 0x33, 0x01, 0x33, 0x01, 0x13, 0x22, 0x26, 0x26,
    0x35, 0x34, 0x36, 0x36, 0x33, 0x32, 0x16, 0x16, 0x15, 0x14, 0x06, 0x06, 0x27, 0x32, 0x36, 0x35,
    0x35, 0x34, 0x26, 0x23, 0x22, 0x06, 0x15, 0x15, 0x14, 0x16, 0x01, 0x22, 0x26, 0x26, 0x35, 0x34,
    0x36, 0x36, 0x33, 0x32, 0x16, 0x16, 0x15, 0x14, 0x06, 0x06, 0x27, 0x32, 0x36, 0x35, 0x35, 0x34,
    0x26, 0x23, 0x22, 0x06, 0x15, 0x15, 0x14, 0x16, 0x05, 0x22, 0x26, 0x26, 0x35, 0x34, 0x36, 0x36,
    0x33, 0x32, 0x16, 0x16, 0x15, 0x14, 0x06, 0x06, 0x27, 0x32, 0x36, 0x35, 0x35, 0x34, 0x26, 0x23,
    0x22, 0x06, 0x15, 0x15, 0x14, 0x16, 0x61, 0x02, 0x47, 0x45, 0xFD, 0xB9, 0x3F, 0x3D, 0x50, 0x28,
    0x28, 0x50, 0x3D, 0x3D, 0x50, 0x28, 0x28, 0x50, 0x3D, 0x3E, 0x3C, 0x3C, 0x3E, 0x3E, 0x3C, 0x3C,
    0x01, 0xC2, 0x3D, 0x50, 0x28, 0x28, 0x50, 0x3D, 0x3D, 0x50, 0x28, 0x28, 0x50, 0x3D, 0x3E, 0x3D,
    0x3D, 0x3E, 0x3E, 0x3C, 0x3C, 0x01, 0xE8, 0x3D, 0x51, 0x28, 0x28, 0x51, 0x3D, 0x3D, 0x50, 0x28,
    0x28, 0x50, 0x3D, 0x3E, 0x3C, 0x3C, 0x3E, 0x3E, 0x3D, 0x3D, 0x02, 0xB2, 0xFD, 0x4E, 0x01, 0x68,
    0x2E, 0x4E, 0x2F, 0x2E, 0x4D, 0x2E, 0x2E, 0x4D, 0x2E, 0x2F, 0x4E, 0x2E, 0x32, 0x39, 0x35, 0x15,
    0x35, 0x38, 0x38, 0x35, 0x15, 0x35, 0x39, 0xFE, 0x5C, 0x2E, 0x4E, 0x2E, 0x2F, 0x4D, 0x2E, 0x2E,
    0x4D, 0x2F, 0x2E, 0x4E, 0x2E, 0x32, 0x39, 0x35, 0x15, 0x35, 0x38, 0x38, 0x35, 0x15, 0x35, 0x39,
    0x32, 0x2E, 0x4E, 0x2E, 0x2F, 0x4D, 0x2E, 0x2E, 0x4D, 0x2F, 0x2E, 0x4E, 0x2E, 0x32, 0x39, 0x35,
    0x15, 0x35, 0x38, 0x38, 0x35, 0x15, 0x35, 0x39, 0x00, 0x02, 0x00, 0x34, 0x00, 0x00, 0x02, 0x82,
    0x02, 0xB2, 0x00, 0x05, 0x00, 0x0B, 0x00, 0x00, 0x21, 0x01, 0x01, 0x33, 0x01, 0x01, 0x27, 0x33,
    0x13, 0x03, 0x23, 0x03, 0x01, 0x37, 0xFE, 0xFD, 0x01, 0x03, 0x49, 0x01, 0x02, 0xFE, 0xFE, 0x2A,
    0x0B, 0xD6, 0xD6, 0x0B, 0xD7, 0x01, 0x59, 0x01, 0x59, 0xFE, 0xA7, 0xFE, 0xA7, 0x37, 0x01, 0x22,
    0x01, 0x23, 0xFE, 0xDD, 0x00, 0x02, 0x00, 0x3C, 0x02, 0x7B, 0x01, 0x54, 0x02, 0xC6, 0x00, 0x03,
    0x00, 0x07, 0x00, 0x00, 0x13, 0x35, 0x33, 0x15, 0x33, 0x35, 0x33, 0x15, 0x3C, 0x51, 0x76, 0x51,
    0x02, 0x7B, 0x4B, 0x4B, 0x4B, 0x4B, 0x00, 0x01, 0x00, 0xA1, 0x02, 0x7B, 0x00, 0xEF, 0x02, 0xC6,
    0x00, 0x03, 0x00, 0x00, 0x13, 0x35, 0x33, 0x15, 0xA1, 0x4E, 0x02, 0x7B, 0x4B, 0x4B, 0x00, 0x01,
    0x00, 0x61, 0x02, 0x52, 0x00, 0xF0, 0x02, 0xE6, 0x00, 0x03, 0x00, 0x00, 0x13, 0x27, 0x33, 0x17,
    0xC2, 0x61, 0x45, 0x4A, 0x02, 0x52, 0x94, 0x94, 0x00, 0x01, 0x00, 0x98, 0x02, 0x52, 0x01, 0x27,
    0x02, 0xE6, 0x00, 0x03, 0x00, 0x00, 0x13, 0x37, 0x33, 0x07, 0x98, 0x4A, 0x45, 0x61, 0x02, 0x52,
    0x94, 0x94, 0x00, 0x02, 0x00, 0x4E, 0x02, 0x52, 0x01, 0x71, 0x02, 0xE6, 0x00, 0x03, 0x00, 0x07,
    0x00, 0x00, 0x13, 0x37, 0x33, 0x07, 0x33, 0x37, 0x33, 0x07, 0x4E, 0x4A, 0x45, 0x61, 0x66, 0x4A,
    0x45, 0x61, 0x02, 0x52, 0x94, 0x94, 0x94, 0x94, 0x00, 0x01, 0x00, 0x44, 0x02, 0x36, 0x00, 0x7C,
    0x02, 0xD2, 0x00, 0x03, 0x00, 0x00, 0x13, 0x35, 0x33, 0x07, 0x44, 0x38, 0x14, 0x02, 0x36, 0x9C,
    0x9C, 0x00, 0x00, 0x01, 0x00, 0x32, 0x02, 0x52, 0x01, 0x5E, 0x02, 0xE6, 0x00, 0x07, 0x00, 0x00,
    0x13, 0x37, 0x33, 0x17, 0x23, 0x27, 0x23, 0x07, 0x32, 0x7A, 0x38, 0x7A, 0x35, 0x5B, 0x0C, 0x5B,
    0x02, 0x52, 0x94, 0x94, 0x62, 0x62, 0x00, 0x01, 0x00, 0x32, 0x02, 0x52, 0x01, 0x5E, 0x02, 0xE6,
    0x00, 0x07, 0x00, 0x00, 0x01, 0x07, 0x23, 0x27, 0x33, 0x17, 0x33, 0x37, 0x01, 0x5E, 0x7A, 0x38,
    0x7A, 0x35, 0x5B, 0x0C, 0x5B, 0x02, 0xE6, 0x94, 0x94, 0x61, 0x61, 0x00, 0x00, 0x01, 0x00, 0x39,
    0x02, 0x4E, 0x01, 0x57, 0x02, 0xE6, 0x00, 0x0F, 0x00, 0x00, 0x13, 0x22, 0x26, 0x27, 0x33, 0x31,
    0x14, 0x16, 0x33, 0x32, 0x36, 0x35, 0x31, 0x33, 0x06, 0x06, 0xC8, 0x40, 0x49, 0x06, 0x35, 0x2F,
    0x2B, 0x2B, 0x2F, 0x35, 0x06, 0x49, 0x02, 0x4E, 0x47, 0x51, 0x39, 0x31, 0x31, 0x39, 0x51, 0x47,
    0x00, 0x02, 0x00, 0x63, 0x02, 0x4A, 0x01, 0x2D, 0x03, 0x0A, 0x00, 0x0B, 0x00, 0x15, 0x00, 0x00,
    0x13, 0x22, 0x26, 0x35, 0x34, 0x36, 0x33, 0x32, 0x16, 0x15, 0x14, 0x06, 0x27, 0x32, 0x35, 0x35,
    0x34, 0x23, 0x22, 0x15, 0x15, 0x14, 0xC8, 0x2D, 0x38, 0x38, 0x2D, 0x2E, 0x37, 0x37, 0x2E, 0x37,
    0x37, 0x37, 0x02, 0x4A, 0x35, 0x2B, 0x2C, 0x34, 0x34, 0x2C, 0x2B, 0x35, 0x26, 0x39, 0x02, 0x39,
    0x39, 0x02, 0x39, 0x00, 0x00, 0x01, 0x00, 0x3D, 0x02, 0x52, 0x01, 0x53, 0x02, 0xE2, 0x00, 0x19,
    0x00, 0x00, 0x01, 0x22, 0x2E, 0x02, 0x23, 0x22, 0x15, 0x15, 0x23, 0x35, 0x34, 0x36, 0x33, 0x32,
    0x1E, 0x02, 0x33, 0x32, 0x35, 0x35, 0x33, 0x15, 0x14, 0x06, 0x01, 0x06, 0x1E, 0x20, 0x15, 0x15,
    0x14, 0x23, 0x2A, 0x29, 0x24, 0x1E, 0x20, 0x15, 0x16, 0x13, 0x23, 0x2A, 0x29, 0x02, 0x52, 0x1E,
    0x28, 0x1E, 0x26, 0x3A, 0x3C, 0x26, 0x2A, 0x1E, 0x28, 0x1E, 0x26, 0x3A, 0x3C, 0x25, 0x2B, 0x00,
    0x00, 0x01, 0x00, 0x00, 0x02, 0x83, 0x01, 0x18, 0x02, 0xB3, 0x00, 0x03, 0x00, 0x00, 0x11, 0x35,
    0x21, 0x15, 0x01, 0x18, 0x02, 0x83, 0x30, 0x30, 0x00, 0x01, 0xFF, 0xD9, 0x02, 0x52, 0x00, 0x2B,
    0x02, 0xFB, 0x00, 0x06, 0x00, 0x00, 0x13, 0x07, 0x33, 0x15, 0x23, 0x35, 0x37, 0x2B, 0x2A, 0x26,
    0x4E, 0x2D, 0x02, 0xFB, 0x5E, 0x4B, 0x4B, 0x5E, 0x00, 0x01, 0x00, 0x13, 0xFF, 0x1B, 0x00, 0x65,
    0xFF, 0xC4, 0x00, 0x06, 0x00, 0x00, 0x17, 0x37, 0x23, 0x35, 0x33, 0x15, 0x07, 0x13, 0x2A, 0x26,
    0x4E, 0x2D, 0xE5, 0x5E, 0x4B, 0x4B, 0x5E, 0x00, 0x00, 0x01, 0x00, 0x7D, 0xFF, 0x52, 0x01, 0x46,
    0x00, 0x0A, 0x00, 0x10, 0x00, 0x00, 0x17, 0x35, 0x33, 0x32, 0x35, 0x34, 0x23, 0x23, 0x35, 0x33,
    0x15, 0x27, 0x33, 0x32, 0x15, 0x14, 0x23, 0x7D, 0x77, 0x1F, 0x1F, 0x44, 0x30, 0x12, 0x29, 0x4F,
    0x4F, 0xAE, 0x2B, 0x19, 0x19, 0x5B, 0x46, 0x10, 0x40, 0x42, 0x00, 0x01, 0x00, 0x2A, 0xFF, 0x60,
    0x00, 0xD6, 0x00, 0x0D, 0x00, 0x0E, 0x00, 0x00, 0x17, 0x22, 0x35, 0x34, 0x36, 0x37, 0x35, 0x17,
    0x06, 0x06, 0x15, 0x14, 0x33, 0x33, 0x15, 0x71, 0x47, 0x23, 0x28, 0x53, 0x40, 0x2F, 0x1F, 0x5E,
    0xA0, 0x38, 0x1A, 0x33, 0x10, 0x18, 0x0D, 0x1C, 0x2F, 0x11, 0x19, 0x2B, 0xFF, 0xFF, 0x00, 0x3C,
    0x02, 0xE7, 0x01, 0x54, 0x03, 0x32, 0x02, 0x06, 0x01, 0x75, 0x00, 0x6C, 0xFF, 0xFF, 0x00, 0xA1,
    0x02, 0xE7, 0x00, 0xEF, 0x03, 0x32, 0x02, 0x06, 0x01, 0x76, 0x00, 0x6C, 0xFF, 0xFF, 0x00, 0x61,
    0x02, 0xBE, 0x00, 0xF0, 0x03, 0x52, 0x02, 0x06, 0x01, 0x77, 0x00, 0x6C, 0xFF, 0xFF, 0x00, 0x98,
    0x02, 0xBE, 0x01, 0x27, 0x03, 0x52, 0x02, 0x06, 0x01, 0x78, 0x00, 0x6C, 0xFF, 0xFF, 0x00, 0x4E,
    0x02, 0xBE, 0x01, 0x71, 0x03, 0x52, 0x02, 0x06, 0x01, 0x79, 0x00, 0x6C, 0x00, 0x01, 0x00, 0x58,
    0x01, 0xEE, 0x00, 0x90, 0x02, 0xB2, 0x00, 0x03, 0x00, 0x00, 0x13, 0x35, 0x33, 0x07, 0x58, 0x38,
    0x14, 0x01, 0xEE, 0xC4, 0xC4, 0x00, 0xFF, 0xFF, 0x00, 0x32, 0x02, 0xBE, 0x01, 0x5E, 0x03, 0x52,
    0x02, 0x06, 0x01, 0x7B, 0x00, 0x6C, 0xFF, 0xFF, 0x00, 0x32, 0x02, 0xBE, 0x01, 0x5E, 0x03, 0x52,
    0x02, 0x06, 0x01, 0x7C, 0x00, 0x6C, 0xFF, 0xFF, 0x00, 0x39, 0x02, 0xBA, 0x01, 0x57, 0x03, 0x52,
    0x02, 0x06, 0x01, 0x7D, 0x00, 0x6C, 0xFF, 0xFF, 0x00, 0x63, 0x02, 0xB6, 0x01, 0x2D, 0x03, 0x76,
    0x02, 0x06, 0x01, 0x7E, 0x00, 0x6C, 0xFF, 0xFF, 0x00, 0x3D, 0x02, 0xC6, 0x01, 0x53, 0x03, 0x56,
    0x02, 0x06, 0x01, 0x7F, 0x00, 0x74, 0xFF, 0xFF, 0x00, 0x3C, 0x02, 0xEF, 0x01, 0x54, 0x03, 0x1F,
    0x00, 0x06, 0x01, 0x80, 0x3C, 0x6C, 0x00, 0x02, 0x00, 0x53, 0x02, 0x7B, 0x01, 0x3D, 0x02, 0xC6,
    0x00, 0x03, 0x00, 0x07, 0x00, 0x00, 0x13, 0x35, 0x33, 0x15, 0x33, 0x35, 0x33, 0x15, 0x53, 0x51,
    0x48, 0x51, 0x02, 0x7B, 0x4B, 0x4B, 0x4B, 0x4B, 0x00, 0x01, 0x00, 0x16, 0x02, 0x83, 0x01, 0x02,
    0x02, 0xB3, 0x00, 0x03, 0x00, 0x00, 0x13, 0x35, 0x33, 0x15, 0x16, 0xEC, 0x02, 0x83, 0x30, 0x30,
    0xFF, 0xFF, 0x00, 0x53, 0x02, 0xE7, 0x01, 0x3D, 0x03, 0x32, 0x02, 0x06, 0x01, 0x91, 0x00, 0x6C,
    0xFF, 0xFF, 0x00, 0x3C, 0x02, 0x7B, 0x01, 0x54, 0x02, 0xC6, 0x00, 0x06, 0x01, 0x75, 0x00, 0x00,
    0xFF, 0xFF, 0x00, 0xA1, 0x02, 0x7B, 0x00, 0xEF, 0x02, 0xC6, 0x00, 0x06, 0x01, 0x76, 0x00, 0x00,
    0xFF, 0xFF, 0x00, 0x61, 0x02, 0x52, 0x00, 0xF0, 0x02, 0xE6, 0x00, 0x06, 0x01, 0x77, 0x00, 0x00,
    0xFF, 0xFF, 0x00, 0x98, 0x02, 0x52, 0x01, 0x27, 0x02, 0xE6, 0x00, 0x06, 0x01, 0x78, 0x00, 0x00,
    0xFF, 0xFF, 0x00, 0x57, 0x02, 0x52, 0x01, 0x68, 0x02, 0xE6, 0x00, 0x26, 0x01, 0x78, 0xBF, 0x00,
    0x00, 0x06, 0x01, 0x78, 0x41, 0x00, 0xFF, 0xFF, 0x00, 0x32, 0x02, 0x52, 0x01, 0x5E, 0x02, 0xE6,
    0x00, 0x06, 0x01, 0x7B, 0x00, 0x00, 0xFF, 0xFF, 0x00, 0x4E, 0x02, 0x85, 0x01, 0x42, 0x02, 0xB4,
    0x02, 0x06, 0x01, 0x9F, 0x00, 0x00, 0xFF, 0xFF, 0x00, 0x32, 0x02, 0x52, 0x01, 0x5E, 0x02, 0xE6,
    0x00, 0x06, 0x01, 0x7C, 0x00, 0x00, 0x00, 0x01, 0x00, 0x39, 0x02, 0x4E, 0x01, 0x57, 0x02, 0xE6,
    0x00, 0x0F, 0x00, 0x00, 0x13, 0x22, 0x26, 0x27, 0x33, 0x31, 0x14, 0x16, 0x33, 0x32, 0x36, 0x35,
    0x31, 0x33, 0x06, 0x06, 0xC8, 0x40, 0x49, 0x06, 0x35, 0x2F, 0x2B, 0x2B, 0x2F, 0x35, 0x06, 0x49,
    0x02, 0x4E, 0x47, 0x51, 0x39, 0x31, 0x31, 0x39, 0x51, 0x47, 0xFF, 0xFF, 0x00, 0x63, 0x02, 0x4A,
    0x01, 0x2D, 0x03, 0x0A, 0x00, 0x06, 0x01, 0x7E, 0x00, 0x00, 0xFF, 0xFF, 0x00, 0x3D, 0x02, 0x52,
    0x01, 0x53, 0x02, 0xE2, 0x00, 0x06, 0x01, 0x7F, 0x00, 0x00, 0x00, 0x01, 0x00, 0x4E, 0x02, 0x85,
    0x01, 0x42, 0x02, 0xB4, 0x00, 0x03, 0x00, 0x00, 0x13, 0x35, 0x33, 0x15, 0x4E, 0xF4, 0x02, 0x85,
    0x2F, 0x2F, 0xFF, 0xFF, 0x00, 0x7D, 0xFF, 0x52, 0x01, 0x46, 0x00, 0x0A, 0x00, 0x06, 0x01, 0x83,
    0x00, 0x00, 0xFF, 0xFF, 0x00, 0x2A, 0xFF, 0x60, 0x00, 0xD6, 0x00, 0x0D, 0x00, 0x06, 0x01, 0x84,
    0x00, 0x00, 0xFF, 0xFF, 0x00, 0x3C, 0xFF, 0xF6, 0x12, 0x88, 0x04, 0x56, 0x00, 0x26, 0x01, 0xA4,
    0x00, 0x00, 0x00, 0x07, 0x01, 0xA3, 0x0E, 0x6C, 0x00, 0x00, 0x00, 0x03, 0x00, 0x68, 0x00, 0x00,
    0x04, 0x1C, 0x04, 0x56, 0x00, 0x03, 0x00, 0x07, 0x00, 0x17, 0x00, 0x00, 0x13, 0x11, 0x23, 0x11,
    0x05, 0x23, 0x35, 0x33, 0x35, 0x21, 0x15, 0x05, 0x15, 0x05, 0x15, 0x21, 0x35, 0x21, 0x35, 0x25,
    0x35, 0x25, 0x35, 0x21, 0xF6, 0x8E, 0x01, 0x82, 0x80, 0x80, 0x02, 0x32, 0xFE, 0xD6, 0x01, 0x2A,
    0xFD, 0x4E, 0x02, 0x32, 0xFE, 0x92, 0x01, 0x6E, 0xFE, 0x4E, 0x04, 0x56, 0xFB, 0xAA, 0x04, 0x56,
    0xFC, 0x80, 0x7C, 0xE2, 0x67, 0x20, 0x67, 0xE2, 0x7C, 0x20, 0x85, 0x70, 0x85, 0x20, 0x00, 0x0A,
    0x00, 0x3C, 0xFF, 0xF6, 0x0D, 0x52, 0x02, 0xB2, 0x00, 0x0F, 0x00, 0x1B, 0x00, 0x29, 0x00, 0x33,
    0x00, 0x39, 0x00, 0x3D, 0x00, 0x43, 0x00, 0x49, 0x00, 0x64, 0x00, 0x72, 0x00, 0x00, 0x13, 0x21,
    0x13, 0x33, 0x13, 0x21, 0x11, 0x23, 0x11, 0x23, 0x03, 0x23, 0x03, 0x23, 0x11, 0x23, 0x05, 0x22,
    0x26, 0x35, 0x34, 0x36, 0x33, 0x32, 0x16, 0x15, 0x14, 0x06, 0x27, 0x14, 0x16, 0x33, 0x32, 0x36,
    0x35, 0x35, 0x34, 0x26, 0x23, 0x22, 0x06, 0x15, 0x05, 0x01, 0x21, 0x35, 0x21, 0x15, 0x01, 0x21,
    0x15, 0x21, 0x01, 0x23, 0x35, 0x33, 0x11, 0x23, 0x11, 0x33, 0x15, 0x23, 0x21, 0x23, 0x35, 0x33,
    0x11, 0x23, 0x01, 0x23, 0x35, 0x33, 0x11, 0x23, 0x05, 0x22, 0x26, 0x26, 0x35, 0x34, 0x36, 0x36,
    0x33, 0x32, 0x16, 0x17, 0x33, 0x35, 0x33, 0x15, 0x23, 0x11, 0x33, 0x15, 0x23, 0x22, 0x35, 0x35,
    0x23, 0x06, 0x06, 0x27, 0x14, 0x16, 0x33, 0x32, 0x36, 0x35, 0x35, 0x34, 0x26, 0x23, 0x22, 0x06,
    0x15, 0x3C, 0x01, 0x04, 0x59, 0x20, 0x59, 0x01, 0x04, 0x8E, 0x20, 0x7C, 0x86, 0x7C, 0x20, 0x8E,
    0x04, 0x33, 0x7B, 0x88, 0x88, 0x7B, 0x7B, 0x88, 0x88, 0xE8, 0x36, 0x37, 0x38, 0x35, 0x35, 0x38,
    0x37, 0x36, 0x01, 0xAA, 0x01, 0x0F, 0xFE, 0xF5, 0x01, 0xB4, 0xFE, 0xF1, 0x01, 0x13, 0xFE, 0x44,
    0x02, 0x40, 0x3A, 0xC8, 0x8E, 0x8E, 0x8E, 0x01, 0x26, 0x3A, 0xC8, 0x8E, 0x01, 0x26, 0x3A, 0xC8,
    0x8E, 0x01, 0xBF, 0x3E, 0x61, 0x36, 0x36, 0x61, 0x3E, 0x3B, 0x4C, 0x0B, 0x20, 0xA9, 0x3A, 0x3A,
    0x51, 0x58, 0x20, 0x0B, 0x4C, 0x7A, 0x33, 0x36, 0x36, 0x33, 0x33, 0x36, 0x36, 0x33, 0x02, 0xB2,
    0xFE, 0x4A, 0x01, 0xB6, 0xFD, 0x4E, 0x02, 0x39, 0xFD, 0xC7, 0x02, 0x39, 0xFD, 0xC7, 0x0A, 0x8F,
    0x86, 0x86, 0x8F, 0x8F, 0x86, 0x86, 0x8F, 0xEE, 0x42, 0x3E, 0x3E, 0x42, 0x4E, 0x42, 0x3E, 0x3E,
    0x42, 0xCB, 0x01, 0x48, 0x67, 0x67, 0xFE, 0xB8, 0x67, 0x01, 0xAF, 0x67, 0xFD, 0xEA, 0x02, 0xB2,
    0x67, 0x67, 0xFD, 0x4E, 0x02, 0x4B, 0x67, 0xFD, 0x4E, 0x0A, 0x43, 0x7D, 0x55, 0x56, 0x7C, 0x43,
    0x38, 0x33, 0x61, 0x67, 0xFE, 0xB8, 0x67, 0x58, 0x09, 0x33, 0x38, 0xEE, 0x42, 0x3E, 0x3E, 0x42,
    0x4E, 0x42, 0x3E, 0x3E, 0x42, 0x00, 0x00, 0x00, 0x00, 0x00, 0x00, 0x2D, 0x02, 0x22, 0x00, 0x01,
    0x00, 0x00, 0x00, 0x00, 0x01, 0x18, 0x00, 0x06, 0x00, 0x00, 0x00, 0x01, 0x00, 0x00, 0x00, 0x00,
    0x01, 0x19, 0x00, 0x0A, 0x00, 0x06, 0x00, 0x01, 0x00, 0x00, 0x00, 0x00, 0x01, 0x1A, 0x00, 0x05,
    0x00, 0x10, 0x00, 0x01, 0x00, 0x00, 0x00, 0x00, 0x01, 0x1B, 0x00, 0x07, 0x00, 0x15, 0x00, 0x01,
    0x00, 0x00, 0x00, 0x00, 0x01, 0x1C, 0x00, 0x06, 0x00, 0x1C, 0x00, 0x01, 0x00, 0x00, 0x00, 0x00,
    0x01, 0x1D, 0x00, 0x08, 0x00, 0x22, 0x00, 0x01, 0x00, 0x00, 0x00, 0x00, 0x01, 0x1E, 0x00, 0x04,
    0x00, 0x2A, 0x00, 0x03, 0x00, 0x01, 0x04, 0x09, 0x00, 0x00, 0x00, 0xC2, 0x00, 0x2E, 0x00, 0x03,
    0x00, 0x01, 0x04, 0x09, 0x00, 0x01, 0x00, 0x2E, 0x00, 0xF0, 0x00, 0x03, 0x00, 0x01, 0x04, 0x09,
    0x00, 0x02, 0x00, 0x0E, 0x01, 0x1E, 0x00, 0x03, 0x00, 0x01, 0x04, 0x09, 0x00, 0x03, 0x00, 0x42,
    0x01, 0x2C, 0x00, 0x03, 0x00, 0x01, 0x04, 0x09, 0x00, 0x04, 0x00, 0x2E, 0x00, 0xF0, 0x00, 0x03,
    0x00, 0x01, 0x04, 0x09, 0x00, 0x05, 0x00, 0x1A, 0x01, 0x6E, 0x00, 0x03, 0x00, 0x01, 0x04, 0x09,
    0x00, 0x06, 0x00, 0x2C, 0x01, 0x88, 0x00, 0x03, 0x00, 0x01, 0x04, 0x09, 0x00, 0x08, 0x00, 0x18,
    0x01, 0xB4, 0x00, 0x03, 0x00, 0x01, 0x04, 0x09, 0x00, 0x09, 0x00, 0x18, 0x01, 0xB4, 0x00, 0x03,
    0x00, 0x01, 0x04, 0x09, 0x00, 0x0A, 0x00, 0xB6, 0x01, 0xCC, 0x00, 0x03, 0x00, 0x01, 0x04, 0x09,
    0x00, 0x0B, 0x00, 0x3A, 0x02, 0x82, 0x00, 0x03, 0x00, 0x01, 0x04, 0x09, 0x00, 0x0C, 0x00, 0x3A,
    0x02, 0x82, 0x00, 0x03, 0x00, 0x01, 0x04, 0x09, 0x00, 0x0D, 0x01, 0x22, 0x02, 0xBC, 0x00, 0x03,
    0x00, 0x01, 0x04, 0x09, 0x00, 0x0E, 0x00, 0x36, 0x03, 0xDE, 0x00, 0x03, 0x00, 0x01, 0x04, 0x09,
    0x00, 0x10, 0x00, 0x18, 0x04, 0x14, 0x00, 0x03, 0x00, 0x01, 0x04, 0x09, 0x00, 0x11, 0x00, 0x14,
    0x04, 0x2C, 0x00, 0x03, 0x00, 0x01, 0x04, 0x09, 0x00, 0x19, 0x00, 0x16, 0x04, 0x40, 0x00, 0x03,
    0x00, 0x01, 0x04, 0x09, 0x01, 0x00, 0x00, 0x0C, 0x04, 0x56, 0x00, 0x03, 0x00, 0x01, 0x04, 0x09,
    0x01, 0x0B, 0x00, 0x22, 0x04, 0x62, 0x00, 0x03, 0x00, 0x01, 0x04, 0x09, 0x01, 0x0C, 0x00, 0x14,
    0x04, 0x2C, 0x00, 0x03, 0x00, 0x01, 0x04, 0x09, 0x01, 0x0D, 0x00, 0x2C, 0x01, 0x88, 0x00, 0x03,
    0x00, 0x01, 0x04, 0x09, 0x01, 0x0E, 0x00, 0x0A, 0x04, 0x84, 0x00, 0x03, 0x00, 0x01, 0x04, 0x09,
    0x01, 0x0F, 0x00, 0x22, 0x04, 0x8E, 0x00, 0x03, 0x00, 0x01, 0x04, 0x09, 0x01, 0x10, 0x00, 0x0E,
    0x01, 0x1E, 0x00, 0x03, 0x00, 0x01, 0x04, 0x09, 0x01, 0x11, 0x00, 0x26, 0x04, 0xB0, 0x00, 0x03,
    0x00, 0x01, 0x04, 0x09, 0x01, 0x12, 0x00, 0x0C, 0x04, 0xD6, 0x00, 0x03, 0x00, 0x01, 0x04, 0x09,
    0x01, 0x13, 0x00, 0x24, 0x04, 0xE2, 0x00, 0x03, 0x00, 0x01, 0x04, 0x09, 0x01, 0x14, 0x00, 0x10,
    0x05, 0x06, 0x00, 0x03, 0x00, 0x01, 0x04, 0x09, 0x01, 0x15, 0x00, 0x28, 0x05, 0x16, 0x00, 0x03,
    0x00, 0x01, 0x04, 0x09, 0x01, 0x16, 0x00, 0x08, 0x05, 0x3E, 0x00, 0x03, 0x00, 0x01, 0x04, 0x09,
    0x01, 0x17, 0x00, 0x20, 0x05, 0x46, 0x00, 0x03, 0x00, 0x01, 0x04, 0x09, 0x01, 0x18, 0x00, 0x0C,
    0x04, 0x56, 0x00, 0x03, 0x00, 0x01, 0x04, 0x09, 0x01, 0x19, 0x00, 0x14, 0x04, 0x2C, 0x00, 0x03,
    0x00, 0x01, 0x04, 0x09, 0x01, 0x1A, 0x00, 0x0A, 0x04, 0x84, 0x00, 0x03, 0x00, 0x01, 0x04, 0x09,
    0x01, 0x1B, 0x00, 0x0E, 0x01, 0x1E, 0x00, 0x03, 0x00, 0x01, 0x04, 0x09, 0x01, 0x1C, 0x00, 0x0C,
    0x04, 0xD6, 0x00, 0x03, 0x00, 0x01, 0x04, 0x09, 0x01, 0x1D, 0x00, 0x10, 0x05, 0x06, 0x00, 0x03,
    0x00, 0x01, 0x04, 0x09, 0x01, 0x1E, 0x00, 0x08, 0x05, 0x3E, 0x57, 0x65, 0x69, 0x67, 0x68, 0x74,
    0x45, 0x78, 0x74, 0x72, 0x61, 0x4C, 0x69, 0x67, 0x68, 0x74, 0x4C, 0x69, 0x67, 0x68, 0x74, 0x52,
    0x65, 0x67, 0x75, 0x6C, 0x61, 0x72, 0x4D, 0x65, 0x64, 0x69, 0x75, 0x6D, 0x53, 0x65, 0x6D, 0x69,
    0x42, 0x6F, 0x6C, 0x64, 0x42, 0x6F, 0x6C, 0x64, 0x00, 0x43, 0x00, 0x6F, 0x00, 0x70, 0x00, 0x79,
    0x00, 0x72, 0x00, 0x69, 0x00, 0x67, 0x00, 0x68, 0x00, 0x74, 0x00, 0x20, 0x00, 0x32, 0x00, 0x30,
    0x00, 0x32, 0x00, 0x35, 0x00, 0x20, 0x00, 0x54, 0x00, 0x68, 0x00, 0x65, 0x00, 0x20, 0x00, 0x4D,
    0x00, 0x6F, 0x00, 0x7A, 0x00, 0x69, 0x00, 0x6C, 0x00, 0x6C, 0x00, 0x61, 0x00, 0x20, 0x00, 0x54,
    0x00, 0x65, 0x00, 0x78, 0x00, 0x74, 0x00, 0x20, 0x00, 0x50, 0x00, 0x72, 0x00, 0x6F, 0x00, 0x6A,
    0x00, 0x65, 0x00, 0x63, 0x00, 0x74, 0x00, 0x20, 0x00, 0x41, 0x00, 0x75, 0x00, 0x74, 0x00, 0x68,
    0x00, 0x6F, 0x00, 0x72, 0x00, 0x73, 0x00, 0x20, 0x00, 0x28, 0x00, 0x68, 0x00, 0x74, 0x00, 0x74,
    0x00, 0x70, 0x00, 0x73, 0x00, 0x3A, 0x00, 0x2F, 0x00, 0x2F, 0x00, 0x67, 0x00, 0x69, 0x00, 0x74,
    0x00, 0x68, 0x00, 0x75, 0x00, 0x62, 0x00, 0x2E, 0x00, 0x63, 0x00, 0x6F, 0x00, 0x6D, 0x00, 0x2F,
    0x00, 0x6D, 0x00, 0x6F, 0x00, 0x7A, 0x00, 0x69, 0x00, 0x6C, 0x00, 0x6C, 0x00, 0x61, 0x00, 0x2F,
    0x00, 0x6D, 0x00, 0x6F, 0x00, 0x7A, 0x00, 0x69, 0x00, 0x6C, 0x00, 0x6C, 0x00, 0x61, 0x00, 0x2D,
    0x00, 0x74, 0x00, 0x79, 0x00, 0x70, 0x00, 0x65, 0x00, 0x2D, 0x00, 0x66, 0x00, 0x61, 0x00, 0x6D,
    0x00, 0x69, 0x00, 0x6C, 0x00, 0x79, 0x00, 0x2F, 0x00, 0x29, 0x00, 0x4D, 0x00, 0x6F, 0x00, 0x7A,
    0x00, 0x69, 0x00, 0x6C, 0x00, 0x6C, 0x00, 0x61, 0x00, 0x20, 0x00, 0x54, 0x00, 0x65, 0x00, 0x78,
    0x00, 0x74, 0x00, 0x20, 0x00, 0x45, 0x00, 0x78, 0x00, 0x74, 0x00, 0x72, 0x00, 0x61, 0x00, 0x4C,
    0x00, 0x69, 0x00, 0x67, 0x00, 0x68, 0x00, 0x74, 0x00, 0x52, 0x00, 0x65, 0x00, 0x67, 0x00, 0x75,
    0x00, 0x6C, 0x00, 0x61, 0x00, 0x72, 0x00, 0x31, 0x00, 0x2E, 0x00, 0x30, 0x00, 0x30, 0x00, 0x30,
    0x00, 0x3B, 0x00, 0x4E, 0x00, 0x4F, 0x00, 0x4E, 0x00, 0x45, 0x00, 0x3B, 0x00, 0x4D, 0x00, 0x6F,
    0x00, 0x7A, 0x00, 0x69, 0x00, 0x6C, 0x00, 0x6C, 0x00, 0x61, 0x00, 0x54, 0x00, 0x65, 0x00, 0x78,
    0x00, 0x74, 0x00, 0x2D, 0x00, 0x45, 0x00, 0x78, 0x00, 0x74, 0x00, 0x72, 0x00, 0x61, 0x00, 0x4C,
    0x00, 0x69, 0x00, 0x67, 0x00, 0x68, 0x00, 0x74, 0x00, 0x56, 0x00, 0x65, 0x00, 0x72, 0x00, 0x73,
    0x00, 0x69, 0x00, 0x6F, 0x00, 0x6E, 0x00, 0x20, 0x00, 0x31, 0x00, 0x2E, 0x00, 0x30, 0x00, 0x30,
    0x00, 0x30, 0x00, 0x4D, 0x00, 0x6F, 0x00, 0x7A, 0x00, 0x69, 0x00, 0x6C, 0x00, 0x6C, 0x00, 0x61,
    0x00, 0x54, 0x00, 0x65, 0x00, 0x78, 0x00, 0x74, 0x00, 0x2D, 0x00, 0x45, 0x00, 0x78, 0x00, 0x74,
    0x00, 0x72, 0x00, 0x61, 0x00, 0x4C, 0x00, 0x69, 0x00, 0x67, 0x00, 0x68, 0x00, 0x74, 0x00, 0x53,
    0x00, 0x74, 0x00, 0x75, 0x00, 0x64, 0x00, 0x69, 0x00, 0x6F, 0x00, 0x20, 0x00, 0x44, 0x00, 0x52,
    0x00, 0x41, 0x00, 0x4D, 0x00, 0x41, 0x00, 0x4D, 0x00, 0x6F, 0x00, 0x7A, 0x00, 0x69, 0x00, 0x6C,
    0x00, 0x6C, 0x00, 0x61, 0x00, 0x20, 0x00, 0x54, 0x00, 0x65, 0x00, 0x78, 0x00, 0x74, 0x00, 0x20,
    0x00, 0x69, 0x00, 0x73, 0x00, 0x20, 0x00, 0x61, 0x00, 0x20, 0x00, 0x73, 0x00, 0x61, 0x00, 0x6E,
    0x00, 0x73, 0x00, 0x20, 0x00, 0x73, 0x00, 0x65, 0x00, 0x72, 0x00, 0x69, 0x00, 0x66, 0x00, 0x20,
    0x00, 0x74, 0x00, 0x65, 0x00, 0x78, 0x00, 0x74, 0x00, 0x20, 0x00, 0x74, 0x00, 0x79, 0x00, 0x70,
    0x00, 0x65, 0x00, 0x66, 0x00, 0x61, 0x00, 0x63, 0x00, 0x65, 0x00, 0x20, 0x00, 0x73, 0x00, 0x70,
    0x00, 0x65, 0x00, 0x63, 0x00, 0x69, 0x00, 0x66, 0x00, 0x69, 0x00, 0x63, 0x00, 0x61, 0x00, 0x6C,
    0x00, 0x6C, 0x00, 0x79, 0x00, 0x20, 0x00, 0x64, 0x00, 0x65, 0x00, 0x73, 0x00, 0x69, 0x00, 0x67,
    0x00, 0x6E, 0x00, 0x65, 0x00, 0x64, 0x00, 0x20, 0x00, 0x66, 0x00, 0x6F, 0x00, 0x72, 0x00, 0x20,
    0x00, 0x54, 0x00, 0x68, 0x00, 0x65, 0x00, 0x20, 0x00, 0x4D, 0x00, 0x6F, 0x00, 0x7A, 0x00, 0x69,
    0x00, 0x6C, 0x00, 0x6C, 0x00, 0x61, 0x00, 0x20, 0x00, 0x46, 0x00, 0x6F, 0x00, 0x75, 0x00, 0x6E,
    0x00, 0x64, 0x00, 0x61, 0x00, 0x74, 0x00, 0x69, 0x00, 0x6F, 0x00, 0x6E, 0x00, 0x68, 0x00, 0x74,
    0x00, 0x74, 0x00, 0x70, 0x00, 0x73, 0x00, 0x3A, 0x00, 0x2F, 0x00, 0x2F, 0x00, 0x77, 0x00, 0x77,
    0x00, 0x77, 0x00, 0x2E, 0x00, 0x73, 0x00, 0x74, 0x00, 0x75, 0x00, 0x64, 0x00, 0x69, 0x00, 0x6F,
    0x00, 0x2D, 0x00, 0x64, 0x00, 0x72, 0x00, 0x61, 0x00, 0x6D, 0x00, 0x61, 0x00, 0x2E, 0x00, 0x63,
    0x00, 0x6F, 0x00, 0x6D, 0x00, 0x2F, 0x00, 0x54, 0x00, 0x68, 0x00, 0x69, 0x00, 0x73, 0x00, 0x20,
    0x00, 0x46, 0x00, 0x6F, 0x00, 0x6E, 0x00, 0x74, 0x00, 0x20, 0x00, 0x53, 0x00, 0x6F, 0x00, 0x66,
    0x00, 0x74, 0x00, 0x77, 0x00, 0x61, 0x00, 0x72, 0x00, 0x65, 0x00, 0x20, 0x00, 0x69, 0x00, 0x73,
    0x00, 0x20, 0x00, 0x6C, 0x00, 0x69, 0x00, 0x63, 0x00, 0x65, 0x00, 0x6E, 0x00, 0x73, 0x00, 0x65,
    0x00, 0x64, 0x00, 0x20, 0x00, 0x75, 0x00, 0x6E, 0x00, 0x64, 0x00, 0x65, 0x00, 0x72, 0x00, 0x20,
    0x00, 0x74, 0x00, 0x68, 0x00, 0x65, 0x00, 0x20, 0x00, 0x53, 0x00, 0x49, 0x00, 0x4C, 0x00, 0x20,
    0x00, 0x4F, 0x00, 0x70, 0x00, 0x65, 0x00, 0x6E, 0x00, 0x20, 0x00, 0x46, 0x00, 0x6F, 0x00, 0x6E,
    0x00, 0x74, 0x00, 0x20, 0x00, 0x4C, 0x00, 0x69, 0x00, 0x63, 0x00, 0x65, 0x00, 0x6E, 0x00, 0x73,
    0x00, 0x65, 0x00, 0x2C, 0x00, 0x20, 0x00, 0x56, 0x00, 0x65, 0x00, 0x72, 0x00, 0x73, 0x00, 0x69,
    0x00, 0x6F, 0x00, 0x6E, 0x00, 0x20, 0x00, 0x31, 0x00, 0x2E, 0x00, 0x31, 0x00, 0x2E, 0x00, 0x20,
    0x00, 0x54, 0x00, 0x68, 0x00, 0x69, 0x00, 0x73, 0x00, 0x20, 0x00, 0x6C, 0x00, 0x69, 0x00, 0x63,
    0x00, 0x65, 0x00, 0x6E, 0x00, 0x73, 0x00, 0x65, 0x00, 0x20, 0x00, 0x69, 0x00, 0x73, 0x00, 0x20,
    0x00, 0x61, 0x00, 0x76, 0x00, 0x61, 0x00, 0x69, 0x00, 0x6C, 0x00, 0x61, 0x00, 0x62, 0x00, 0x6C,
    0x00, 0x65, 0x00, 0x20, 0x00, 0x77, 0x00, 0x69, 0x00, 0x74, 0x00, 0x68, 0x00, 0x20, 0x00, 0x61,
    0x00, 0x20, 0x00, 0x46, 0x00, 0x41, 0x00, 0x51, 0x00, 0x20, 0x00, 0x61, 0x00, 0x74, 0x00, 0x3A,
    0x00, 0x20, 0x00, 0x68, 0x00, 0x74, 0x00, 0x74, 0x00, 0x70, 0x00, 0x73, 0x00, 0x3A, 0x00, 0x2F,
    0x00, 0x2F, 0x00, 0x6F, 0x00, 0x70, 0x00, 0x65, 0x00, 0x6E, 0x00, 0x66, 0x00, 0x6F, 0x00, 0x6E,
    0x00, 0x74, 0x00, 0x6C, 0x00, 0x69, 0x00, 0x63, 0x00, 0x65, 0x00, 0x6E, 0x00, 0x73, 0x00, 0x65,
    0x00, 0x2E, 0x00, 0x6F, 0x00, 0x72, 0x00, 0x67, 0x00, 0x68, 0x00, 0x74, 0x00, 0x74, 0x00, 0x70,
    0x00, 0x73, 0x00, 0x3A, 0x00, 0x2F, 0x00, 0x2F, 0x00, 0x6F, 0x00, 0x70, 0x00, 0x65, 0x00, 0x6E,
    0x00, 0x66, 0x00, 0x6F, 0x00, 0x6E, 0x00, 0x74, 0x00, 0x6C, 0x00, 0x69, 0x00, 0x63, 0x00, 0x65,
    0x00, 0x6E, 0x00, 0x73, 0x00, 0x65, 0x00, 0x2E, 0x00, 0x6F, 0x00, 0x72, 0x00, 0x67, 0x00, 0x4D,
    0x00, 0x6F, 0x00, 0x7A, 0x00, 0x69, 0x00, 0x6C, 0x00, 0x6C, 0x00, 0x61, 0x00, 0x20, 0x00, 0x54,
    0x00, 0x65, 0x00, 0x78, 0x00, 0x74, 0x00, 0x45, 0x00, 0x78, 0x00, 0x74, 0x00, 0x72, 0x00, 0x61,
    0x00, 0x4C, 0x00, 0x69, 0x00, 0x67, 0x00, 0x68, 0x00, 0x74, 0x00, 0x4D, 0x00, 0x6F, 0x00, 0x7A,
    0x00, 0x69, 0x00, 0x6C, 0x00, 0x6C, 0x00, 0x61, 0x00, 0x54, 0x00, 0x65, 0x00, 0x78, 0x00, 0x74,
    0x00, 0x57, 0x00, 0x65, 0x00, 0x69, 0x00, 0x67, 0x00, 0x68, 0x00, 0x74, 0x00, 0x53, 0x00, 0x69,
    0x00, 0x6E, 0x00, 0x67, 0x00, 0x6C, 0x00, 0x65, 0x00, 0x2D, 0x00, 0x73, 0x00, 0x74, 0x00, 0x6F,
    0x00, 0x72, 0x00, 0x65, 0x00, 0x79, 0x00, 0x20, 0x00, 0x2D, 0x00, 0x61, 0x00, 0x2D, 0x00, 0x4C,
    0x00, 0x69, 0x00, 0x67, 0x00, 0x68, 0x00, 0x74, 0x00, 0x4D, 0x00, 0x6F, 0x00, 0x7A, 0x00, 0x69,
    0x00, 0x6C, 0x00, 0x6C, 0x00, 0x61, 0x00, 0x54, 0x00, 0x65, 0x00, 0x78, 0x00, 0x74, 0x00, 0x2D,
    0x00, 0x4C, 0x00, 0x69, 0x00, 0x67, 0x00, 0x68, 0x00, 0x74, 0x00, 0x4D, 0x00, 0x6F, 0x00, 0x7A,
    0x00, 0x69, 0x00, 0x6C, 0x00, 0x6C, 0x00, 0x61, 0x00, 0x54, 0x00, 0x65, 0x00, 0x78, 0x00, 0x74,
    0x00, 0x2D, 0x00, 0x52, 0x00, 0x65, 0x00, 0x67, 0x00, 0x75, 0x00, 0x6C, 0x00, 0x61, 0x00, 0x72,
    0x00, 0x4D, 0x00, 0x65, 0x00, 0x64, 0x00, 0x69, 0x00, 0x75, 0x00, 0x6D, 0x00, 0x4D, 0x00, 0x6F,
    0x00, 0x7A, 0x00, 0x69, 0x00, 0x6C, 0x00, 0x6C, 0x00, 0x61, 0x00, 0x54, 0x00, 0x65, 0x00, 0x78,
    0x00, 0x74, 0x00, 0x2D, 0x00, 0x4D, 0x00, 0x65, 0x00, 0x64, 0x00, 0x69, 0x00, 0x75, 0x00, 0x6D,
    0x00, 0x53, 0x00, 0x65, 0x00, 0x6D, 0x00, 0x69, 0x00, 0x42, 0x00, 0x6F, 0x00, 0x6C, 0x00, 0x64,
    0x00, 0x4D, 0x00, 0x6F, 0x00, 0x7A, 0x00, 0x69, 0x00, 0x6C, 0x00, 0x6C, 0x00, 0x61, 0x00, 0x54,
    0x00, 0x65, 0x00, 0x78, 0x00, 0x74, 0x00, 0x2D, 0x00, 0x53, 0x00, 0x65, 0x00, 0x6D, 0x00, 0x69,
    0x00, 0x42, 0x00, 0x6F, 0x00, 0x6C, 0x00, 0x64, 0x00, 0x42, 0x00, 0x6F, 0x00, 0x6C, 0x00, 0x64,
    0x00, 0x4D, 0x00, 0x6F, 0x00, 0x7A, 0x00, 0x69, 0x00, 0x6C, 0x00, 0x6C, 0x00, 0x61, 0x00, 0x54,
    0x00, 0x65, 0x00, 0x78, 0x00, 0x74, 0x00, 0x2D, 0x00, 0x42, 0x00, 0x6F, 0x00, 0x6C, 0x00, 0x64,
    0x00, 0x02, 0x00, 0x00, 0x00, 0x00, 0x00, 0x00, 0xFF, 0xD8, 0x00, 0x33, 0x00, 0x00, 0x00, 0x00,
    0x00, 0x00, 0x00, 0x00, 0x00, 0x00, 0x00, 0x00, 0x00, 0x00, 0x00, 0x00, 0x00, 0x00, 0x00, 0x00,
    0x01, 0xA5, 0x00, 0x00, 0x00, 0x24, 0x00, 0xC9, 0x01, 0x02, 0x00, 0xC7, 0x00, 0x62, 0x00, 0xAD,
    0x01, 0x03, 0x01, 0x04, 0x00, 0x63, 0x00, 0xAE, 0x00, 0x90, 0x00, 0x25, 0x00, 0x26, 0x00, 0xFD,
    0x00, 0xFF, 0x00, 0x64, 0x01, 0x05, 0x00, 0x27, 0x01, 0x06, 0x01, 0x07, 0x00, 0xE9, 0x00, 0x28,
    0x00, 0x65, 0x01, 0x08, 0x00, 0xC8, 0x00, 0xCA, 0x01, 0x09, 0x00, 0xCB, 0x01, 0x0A, 0x01, 0x0B,
    0x00, 0x29, 0x00, 0x2A, 0x00, 0xF8, 0x01, 0x0C, 0x01, 0x0D, 0x00, 0x2B, 0x01, 0x0E, 0x00, 0x2C,
    0x01, 0x0F, 0x01, 0x10, 0x00, 0xCC, 0x00, 0xCD, 0x00, 0xCE, 0x00, 0xFA, 0x00, 0xCF, 0x01, 0x11,
    0x01, 0x12, 0x00, 0x2D, 0x01, 0x13, 0x00, 0x2E, 0x01, 0x14, 0x00, 0x2F, 0x01, 0x15, 0x01, 0x16,
    0x01, 0x17, 0x01, 0x18, 0x00, 0xE2, 0x00, 0x30, 0x00, 0x31, 0x01, 0x19, 0x01, 0x1A, 0x01, 0x1B,
    0x00, 0x66, 0x01, 0x1C, 0x00, 0x32, 0x00, 0xD0, 0x00, 0xD1, 0x00, 0x67, 0x00, 0xD3, 0x01, 0x1D,
    0x01, 0x1E, 0x00, 0x91, 0x00, 0xAF, 0x00, 0xB0, 0x00, 0x33, 0x00, 0xED, 0x00, 0x34, 0x00, 0x35,
    0x01, 0x1F, 0x01, 0x20, 0x01, 0x21, 0x00, 0x36, 0x01, 0x22, 0x00, 0xE4, 0x00, 0xFB, 0x01, 0x23,
    0x01, 0x24, 0x00, 0x37, 0x01, 0x25, 0x01, 0x26, 0x00, 0x38, 0x00, 0xD4, 0x01, 0x27, 0x00, 0xD5,
    0x00, 0x68, 0x00, 0xD6, 0x01, 0x28, 0x01, 0x29, 0x01, 0x2A, 0x01, 0x2B, 0x00, 0x39, 0x00, 0x3A,
    0x01, 0x2C, 0x01, 0x2D, 0x01, 0x2E, 0x01, 0x2F, 0x00, 0x3B, 0x00, 0x3C, 0x00, 0xEB, 0x01, 0x30,
    0x00, 0xBB, 0x01, 0x31, 0x00, 0x3D, 0x01, 0x32, 0x00, 0xE6, 0x01, 0x33, 0x00, 0x44, 0x00, 0x69,
    0x01, 0x34, 0x00, 0x6B, 0x00, 0x6C, 0x00, 0x6A, 0x01, 0x35, 0x01, 0x36, 0x00, 0x6E, 0x00, 0x6D,
    0x00, 0xA0, 0x00, 0x45, 0x00, 0x46, 0x00, 0xFE, 0x01, 0x00, 0x00, 0x6F, 0x01, 0x37, 0x00, 0x47,
    0x01, 0x38, 0x01, 0x01, 0x00, 0xEA, 0x00, 0x48, 0x00, 0x70, 0x01, 0x39, 0x00, 0x72, 0x00, 0x73,
    0x01, 0x3A, 0x00, 0x71, 0x01, 0x3B, 0x01, 0x3C, 0x00, 0x49, 0x00, 0x4A, 0x00, 0xF9, 0x01, 0x3D,
    0x01, 0x3E, 0x00, 0x4B, 0x01, 0x3F, 0x00, 0x4C, 0x00, 0xD7, 0x00, 0x74, 0x00, 0x76, 0x00, 0x77,
    0x01, 0x40, 0x00, 0x75, 0x01, 0x41, 0x01, 0x42, 0x01, 0x43, 0x01, 0x44, 0x00, 0x4D, 0x01, 0x45,
    0x01, 0x46, 0x00, 0x4E, 0x01, 0x47, 0x00, 0x4F, 0x01, 0x48, 0x01, 0x49, 0x01, 0x4A, 0x01, 0x4B,
    0x00, 0xE3, 0x00, 0x50, 0x00, 0x51, 0x01, 0x4C, 0x01, 0x4D, 0x01, 0x4E, 0x00, 0x78, 0x01, 0x4F,
    0x00, 0x52, 0x00, 0x79, 0x00, 0x7B, 0x00, 0x7C, 0x00, 0x7A, 0x01, 0x50, 0x01, 0x51, 0x00, 0xA1,
    0x00, 0x7D, 0x00, 0xB1, 0x00, 0x53, 0x00, 0xEE, 0x00, 0x54, 0x00, 0x55, 0x01, 0x52, 0x01, 0x53,
    0x01, 0x54, 0x00, 0x56, 0x01, 0x55, 0x00, 0xE5, 0x00, 0xFC, 0x01, 0x56, 0x00, 0x89, 0x00, 0x57,
    0x01, 0x57, 0x01, 0x58, 0x00, 0x58, 0x00, 0x7E, 0x01, 0x59, 0x00, 0x80, 0x00, 0x81, 0x00, 0x7F,
    0x01, 0x5A, 0x01, 0x5B, 0x01, 0x5C, 0x01, 0x5D, 0x00, 0x59, 0x00, 0x5A, 0x01, 0x5E, 0x01, 0x5F,
    0x01, 0x60, 0x01, 0x61, 0x00, 0x5B, 0x00, 0x5C, 0x00, 0xEC, 0x01, 0x62, 0x00, 0xBA, 0x01, 0x63,
    0x00, 0x5D, 0x01, 0x64, 0x00, 0xE7, 0x01, 0x65, 0x01, 0x66, 0x01, 0x67, 0x01, 0x68, 0x01, 0x69,
    0x01, 0x6A, 0x01, 0x6B, 0x01, 0x6C, 0x01, 0x6D, 0x01, 0x6E, 0x01, 0x6F, 0x00, 0xC0, 0x00, 0xC1,
    0x00, 0x9D, 0x00, 0x9E, 0x00, 0x9B, 0x00, 0x13, 0x00, 0x14, 0x00, 0x15, 0x00, 0x16, 0x00, 0x17,
    0x00, 0x18, 0x00, 0x19, 0x00, 0x1A, 0x00, 0x1B, 0x00, 0x1C, 0x01, 0x70, 0x00, 0xBC, 0x00, 0xF4,
    0x01, 0x71, 0x01, 0x72, 0x00, 0xF5, 0x00, 0xF6, 0x01, 0x73, 0x01, 0x74, 0x01, 0x75, 0x01, 0x76,
    0x01, 0x77, 0x01, 0x78, 0x01, 0x79, 0x01, 0x7A, 0x00, 0x03, 0x01, 0x7B, 0x01, 0x7C, 0x00, 0x01,
    0x00, 0x11, 0x00, 0x0F, 0x00, 0x1D, 0x00, 0x1E, 0x00, 0xAB, 0x00, 0x04, 0x00, 0xA3, 0x00, 0x22,
    0x00, 0xA2, 0x00, 0xC3, 0x00, 0x87, 0x00, 0x0D, 0x00, 0x06, 0x00, 0x12, 0x00, 0x3F, 0x01, 0x7D,
    0x01, 0x7E, 0x01, 0x7F, 0x01, 0x80, 0x00, 0x10, 0x00, 0xB2, 0x00, 0xB3, 0x00, 0x42, 0x00, 0x0B,
    0x00, 0x0C, 0x00, 0x5E, 0x00, 0x60, 0x00, 0x3E, 0x00, 0x40, 0x00, 0xC4, 0x00, 0xC5, 0x00, 0xB4,
    0x00, 0xB5, 0x00, 0xB6, 0x00, 0xB7, 0x00, 0xA9, 0x00, 0xAA, 0x00, 0xBE, 0x00, 0xBF, 0x00, 0x05,
    0x00, 0x0A, 0x00, 0xA6, 0x01, 0x81, 0x01, 0x82, 0x01, 0x83, 0x00, 0x23, 0x00, 0x09, 0x00, 0x88,
    0x00, 0x86, 0x00, 0x8B, 0x00, 0x8A, 0x00, 0x8C, 0x00, 0x83, 0x00, 0x5F, 0x00, 0xE8, 0x00, 0x82,
    0x01, 0x84, 0x00, 0xC2, 0x01, 0x85, 0x00, 0x84, 0x00, 0xBD, 0x00, 0x07, 0x01, 0x86, 0x00, 0x85,
    0x00, 0x96, 0x01, 0x87, 0x01, 0x88, 0x00, 0x0E, 0x00, 0xEF, 0x00, 0xF0, 0x00, 0xB8, 0x00, 0x20,
    0x00, 0x8F, 0x00, 0x21, 0x00, 0x1F, 0x00, 0x95, 0x00, 0x94, 0x00, 0x93, 0x00, 0xA7, 0x00, 0x61,
    0x00, 0xA4, 0x00, 0x41, 0x00, 0x92, 0x00, 0x9C, 0x01, 0x89, 0x01, 0x8A, 0x00, 0x9A, 0x00, 0x99,
    0x00, 0xA5, 0x01, 0x8B, 0x00, 0x98, 0x00, 0x08, 0x00, 0xC6, 0x00, 0xB9, 0x01, 0x8C, 0x01, 0x8D,
    0x01, 0x8E, 0x01, 0x8F, 0x01, 0x90, 0x01, 0x91, 0x01, 0x92, 0x01, 0x93, 0x01, 0x94, 0x01, 0x95,
    0x01, 0x96, 0x01, 0x97, 0x01, 0x98, 0x01, 0x99, 0x01, 0x9A, 0x01, 0x9B, 0x01, 0x9C, 0x01, 0x9D,
    0x01, 0x9E, 0x01, 0x9F, 0x01, 0xA0, 0x01, 0xA1, 0x01, 0xA2, 0x01, 0xA3, 0x01, 0xA4, 0x01, 0xA5,
    0x01, 0xA6, 0x01, 0xA7, 0x01, 0xA8, 0x01, 0xA9, 0x01, 0xAA, 0x00, 0x8E, 0x00, 0xDC, 0x00, 0x43,
    0x00, 0x8D, 0x00, 0xDF, 0x00, 0xD8, 0x01, 0xAB, 0x00, 0xE1, 0x00, 0xDB, 0x00, 0xDD, 0x00, 0xD9,
    0x00, 0xDA, 0x00, 0xDE, 0x00, 0xE0, 0x01, 0xAC, 0x01, 0xAD, 0x01, 0xAE, 0x06, 0x41, 0x62, 0x72,
    0x65, 0x76, 0x65, 0x07, 0x41, 0x6D, 0x61, 0x63, 0x72, 0x6F, 0x6E, 0x07, 0x41, 0x6F, 0x67, 0x6F,
    0x6E, 0x65, 0x6B, 0x0A, 0x43, 0x64, 0x6F, 0x74, 0x61, 0x63, 0x63, 0x65, 0x6E, 0x74, 0x06, 0x44,
    0x63, 0x61, 0x72, 0x6F, 0x6E, 0x06, 0x44, 0x63, 0x72, 0x6F, 0x61, 0x74, 0x06, 0x45, 0x63, 0x61,
    0x72, 0x6F, 0x6E, 0x0A, 0x45, 0x64, 0x6F, 0x74, 0x61, 0x63, 0x63, 0x65, 0x6E, 0x74, 0x07, 0x45,
    0x6D, 0x61, 0x63, 0x72, 0x6F, 0x6E, 0x07, 0x45, 0x6F, 0x67, 0x6F, 0x6E, 0x65, 0x6B, 0x07, 0x75,
    0x6E, 0x69, 0x30, 0x31, 0x32, 0x32, 0x0A, 0x47, 0x64, 0x6F, 0x74, 0x61, 0x63, 0x63, 0x65, 0x6E,
    0x74, 0x04, 0x48, 0x62, 0x61, 0x72, 0x02, 0x49, 0x4A, 0x10, 0x49, 0x61, 0x63, 0x75, 0x74, 0x65,
    0x5F, 0x4A, 0x2E, 0x6C, 0x6F, 0x63, 0x6C, 0x4E, 0x4C, 0x44, 0x07, 0x49, 0x6D, 0x61, 0x63, 0x72,
    0x6F, 0x6E, 0x07, 0x49, 0x6F, 0x67, 0x6F, 0x6E, 0x65, 0x6B, 0x0B, 0x75, 0x6E, 0x69, 0x30, 0x30,
    0x34, 0x41, 0x30, 0x33, 0x30, 0x31, 0x07, 0x75, 0x6E, 0x69, 0x30, 0x31, 0x33, 0x36, 0x06, 0x4C,
    0x61, 0x63, 0x75, 0x74, 0x65, 0x06, 0x4C, 0x63, 0x61, 0x72, 0x6F, 0x6E, 0x07, 0x75, 0x6E, 0x69,
    0x30, 0x31, 0x33, 0x42, 0x04, 0x4C, 0x64, 0x6F, 0x74, 0x06, 0x4E, 0x61, 0x63, 0x75, 0x74, 0x65,
    0x06, 0x4E, 0x63, 0x61, 0x72, 0x6F, 0x6E, 0x07, 0x75, 0x6E, 0x69, 0x30, 0x31, 0x34, 0x35, 0x03,
    0x45, 0x6E, 0x67, 0x0D, 0x4F, 0x68, 0x75, 0x6E, 0x67, 0x61, 0x72, 0x75, 0x6D, 0x6C, 0x61, 0x75,
    0x74, 0x07, 0x4F, 0x6D, 0x61, 0x63, 0x72, 0x6F, 0x6E, 0x06, 0x52, 0x61, 0x63, 0x75, 0x74, 0x65,
    0x06, 0x52, 0x63, 0x61, 0x72, 0x6F, 0x6E, 0x07, 0x75, 0x6E, 0x69, 0x30, 0x31, 0x35, 0x36, 0x06,
    0x53, 0x61, 0x63, 0x75, 0x74, 0x65, 0x07, 0x75, 0x6E, 0x69, 0x30, 0x32, 0x31, 0x38, 0x07, 0x75,
    0x6E, 0x69, 0x31, 0x45, 0x39, 0x45, 0x06, 0x54, 0x63, 0x61, 0x72, 0x6F, 0x6E, 0x07, 0x75, 0x6E,
    0x69, 0x30, 0x32, 0x31, 0x41, 0x06, 0x55, 0x62, 0x72, 0x65, 0x76, 0x65, 0x0D, 0x55, 0x68, 0x75,
    0x6E, 0x67, 0x61, 0x72, 0x75, 0x6D, 0x6C, 0x61, 0x75, 0x74, 0x07, 0x55, 0x6D, 0x61, 0x63, 0x72,
    0x6F, 0x6E, 0x07, 0x55, 0x6F, 0x67, 0x6F, 0x6E, 0x65, 0x6B, 0x05, 0x55, 0x72, 0x69, 0x6E, 0x67,
    0x06, 0x57, 0x61, 0x63, 0x75, 0x74, 0x65, 0x0B, 0x57, 0x63, 0x69, 0x72, 0x63, 0x75, 0x6D, 0x66,
    0x6C, 0x65, 0x78, 0x09, 0x57, 0x64, 0x69, 0x65, 0x72, 0x65, 0x73, 0x69, 0x73, 0x06, 0x57, 0x67,
    0x72, 0x61, 0x76, 0x65, 0x0B, 0x59, 0x63, 0x69, 0x72, 0x63, 0x75, 0x6D, 0x66, 0x6C, 0x65, 0x78,
    0x06, 0x59, 0x67, 0x72, 0x61, 0x76, 0x65, 0x06, 0x5A, 0x61, 0x63, 0x75, 0x74, 0x65, 0x0A, 0x5A,
    0x64, 0x6F, 0x74, 0x61, 0x63, 0x63, 0x65, 0x6E, 0x74, 0x06, 0x61, 0x62, 0x72, 0x65, 0x76, 0x65,
    0x07, 0x61, 0x6D, 0x61, 0x63, 0x72, 0x6F, 0x6E, 0x07, 0x61, 0x6F, 0x67, 0x6F, 0x6E, 0x65, 0x6B,
    0x0A, 0x63, 0x64, 0x6F, 0x74, 0x61, 0x63, 0x63, 0x65, 0x6E, 0x74, 0x06, 0x64, 0x63, 0x61, 0x72,
    0x6F, 0x6E, 0x06, 0x65, 0x63, 0x61, 0x72, 0x6F, 0x6E, 0x0A, 0x65, 0x64, 0x6F, 0x74, 0x61, 0x63,
    0x63, 0x65, 0x6E, 0x74, 0x07, 0x65, 0x6D, 0x61, 0x63, 0x72, 0x6F, 0x6E, 0x07, 0x65, 0x6F, 0x67,
    0x6F, 0x6E, 0x65, 0x6B, 0x07, 0x75, 0x6E, 0x69, 0x30, 0x31, 0x32, 0x33, 0x0A, 0x67, 0x64, 0x6F,
    0x74, 0x61, 0x63, 0x63, 0x65, 0x6E, 0x74, 0x04, 0x68, 0x62, 0x61, 0x72, 0x09, 0x69, 0x2E, 0x6C,
    0x6F, 0x63, 0x6C, 0x54, 0x52, 0x4B, 0x07, 0x69, 0x6D, 0x61, 0x63, 0x72, 0x6F, 0x6E, 0x07, 0x69,
    0x6F, 0x67, 0x6F, 0x6E, 0x65, 0x6B, 0x02, 0x69, 0x6A, 0x10, 0x69, 0x61, 0x63, 0x75, 0x74, 0x65,
    0x5F, 0x6A, 0x2E, 0x6C, 0x6F, 0x63, 0x6C, 0x4E, 0x4C, 0x44, 0x07, 0x75, 0x6E, 0x69, 0x30, 0x32,
    0x33, 0x37, 0x0B, 0x75, 0x6E, 0x69, 0x30, 0x30, 0x36, 0x41, 0x30, 0x33, 0x30, 0x31, 0x07, 0x75,
    0x6E, 0x69, 0x30, 0x31, 0x33, 0x37, 0x06, 0x6C, 0x61, 0x63, 0x75, 0x74, 0x65, 0x06, 0x6C, 0x63,
    0x61, 0x72, 0x6F, 0x6E, 0x07, 0x75, 0x6E, 0x69, 0x30, 0x31, 0x33, 0x43, 0x04, 0x6C, 0x64, 0x6F,
    0x74, 0x06, 0x6E, 0x61, 0x63, 0x75, 0x74, 0x65, 0x06, 0x6E, 0x63, 0x61, 0x72, 0x6F, 0x6E, 0x07,
    0x75, 0x6E, 0x69, 0x30, 0x31, 0x34, 0x36, 0x03, 0x65, 0x6E, 0x67, 0x0D, 0x6F, 0x68, 0x75, 0x6E,
    0x67, 0x61, 0x72, 0x75, 0x6D, 0x6C, 0x61, 0x75, 0x74, 0x07, 0x6F, 0x6D, 0x61, 0x63, 0x72, 0x6F,
    0x6E, 0x06, 0x72, 0x61, 0x63, 0x75, 0x74, 0x65, 0x06, 0x72, 0x63, 0x61, 0x72, 0x6F, 0x6E, 0x07,
    0x75, 0x6E, 0x69, 0x30, 0x31, 0x35, 0x37, 0x06, 0x73, 0x61, 0x63, 0x75, 0x74, 0x65, 0x07, 0x75,
    0x6E, 0x69, 0x30, 0x32, 0x31, 0x39, 0x06, 0x74, 0x63, 0x61, 0x72, 0x6F, 0x6E, 0x07, 0x75, 0x6E,
    0x69, 0x30, 0x32, 0x31, 0x42, 0x06, 0x75, 0x62, 0x72, 0x65, 0x76, 0x65, 0x0D, 0x75, 0x68, 0x75,
    0x6E, 0x67, 0x61, 0x72, 0x75, 0x6D, 0x6C, 0x61, 0x75, 0x74, 0x07, 0x75, 0x6D, 0x61, 0x63, 0x72,
    0x6F, 0x6E, 0x07, 0x75, 0x6F, 0x67, 0x6F, 0x6E, 0x65, 0x6B, 0x05, 0x75, 0x72, 0x69, 0x6E, 0x67,
    0x06, 0x77, 0x61, 0x63, 0x75, 0x74, 0x65, 0x0B, 0x77, 0x63, 0x69, 0x72, 0x63, 0x75, 0x6D, 0x66,
    0x6C, 0x65, 0x78, 0x09, 0x77, 0x64, 0x69, 0x65, 0x72, 0x65, 0x73, 0x69, 0x73, 0x06, 0x77, 0x67,
    0x72, 0x61, 0x76, 0x65, 0x0B, 0x79, 0x63, 0x69, 0x72, 0x63, 0x75, 0x6D, 0x66, 0x6C, 0x65, 0x78,
    0x06, 0x79, 0x67, 0x72, 0x61, 0x76, 0x65, 0x06, 0x7A, 0x61, 0x63, 0x75, 0x74, 0x65, 0x0A, 0x7A,
    0x64, 0x6F, 0x74, 0x61, 0x63, 0x63, 0x65, 0x6E, 0x74, 0x06, 0x61, 0x2E, 0x73, 0x73, 0x30, 0x31,
    0x0B, 0x61, 0x61, 0x63, 0x75, 0x74, 0x65, 0x2E, 0x73, 0x73, 0x30, 0x31, 0x0B, 0x61, 0x62, 0x72,
    0x65, 0x76, 0x65, 0x2E, 0x73, 0x73, 0x30, 0x31, 0x10, 0x61, 0x63, 0x69, 0x72, 0x63, 0x75, 0x6D,
    0x66, 0x6C, 0x65, 0x78, 0x2E, 0x73, 0x73, 0x30, 0x31, 0x0E, 0x61, 0x64, 0x69, 0x65, 0x72, 0x65,
    0x73, 0x69, 0x73, 0x2E, 0x73, 0x73, 0x30, 0x31, 0x0B, 0x61, 0x67, 0x72, 0x61, 0x76, 0x65, 0x2E,
    0x73, 0x73, 0x30, 0x31, 0x0C, 0x61, 0x6D, 0x61, 0x63, 0x72, 0x6F, 0x6E, 0x2E, 0x73, 0x73, 0x30,
    0x31, 0x0C, 0x61, 0x6F, 0x67, 0x6F, 0x6E, 0x65, 0x6B, 0x2E, 0x73, 0x73, 0x30, 0x31, 0x0A, 0x61,
    0x72, 0x69, 0x6E, 0x67, 0x2E, 0x73, 0x73, 0x30, 0x31, 0x0B, 0x61, 0x74, 0x69, 0x6C, 0x64, 0x65,
    0x2E, 0x73, 0x73, 0x30, 0x31, 0x09, 0x7A, 0x65, 0x72, 0x6F, 0x2E, 0x7A, 0x65, 0x72, 0x6F, 0x07,
    0x75, 0x6E, 0x69, 0x32, 0x31, 0x35, 0x33, 0x07, 0x75, 0x6E, 0x69, 0x32, 0x31, 0x35, 0x34, 0x07,
    0x75, 0x6E, 0x69, 0x32, 0x30, 0x38, 0x31, 0x07, 0x75, 0x6E, 0x69, 0x32, 0x30, 0x38, 0x32, 0x07,
    0x75, 0x6E, 0x69, 0x32, 0x30, 0x38, 0x33, 0x07, 0x75, 0x6E, 0x69, 0x32, 0x30, 0x38, 0x34, 0x07,
    0x75, 0x6E, 0x69, 0x30, 0x30, 0x42, 0x39, 0x07, 0x75, 0x6E, 0x69, 0x30, 0x30, 0x42, 0x32, 0x07,
    0x75, 0x6E, 0x69, 0x30, 0x30, 0x42, 0x33, 0x07, 0x75, 0x6E, 0x69, 0x32, 0x30, 0x37, 0x34, 0x07,
    0x75, 0x6E, 0x69, 0x30, 0x30, 0x41, 0x30, 0x02, 0x43, 0x52, 0x0F, 0x65, 0x78, 0x63, 0x6C, 0x61,
    0x6D, 0x64, 0x6F, 0x77, 0x6E, 0x2E, 0x63, 0x61, 0x73, 0x65, 0x11, 0x71, 0x75, 0x65, 0x73, 0x74,
    0x69, 0x6F, 0x6E, 0x64, 0x6F, 0x77, 0x6E, 0x2E, 0x63, 0x61, 0x73, 0x65, 0x16, 0x70, 0x65, 0x72,
    0x69, 0x6F, 0x64, 0x63, 0x65, 0x6E, 0x74, 0x65, 0x72, 0x65, 0x64, 0x2E, 0x6C, 0x6F, 0x63, 0x6C,
    0x43, 0x41, 0x54, 0x1B, 0x70, 0x65, 0x72, 0x69, 0x6F, 0x64, 0x63, 0x65, 0x6E, 0x74, 0x65, 0x72,
    0x65, 0x64, 0x2E, 0x6C, 0x6F, 0x63, 0x6C, 0x43, 0x41, 0x54, 0x2E, 0x63, 0x61, 0x73, 0x65, 0x06,
    0x75, 0x31, 0x46, 0x34, 0x30, 0x39, 0x06, 0x75, 0x31, 0x46, 0x34, 0x33, 0x32, 0x06, 0x75, 0x31,
    0x46, 0x34, 0x42, 0x42, 0x07, 0x75, 0x6E, 0x69, 0x32, 0x31, 0x31, 0x33, 0x09, 0x65, 0x73, 0x74,
    0x69, 0x6D, 0x61, 0x74, 0x65, 0x64, 0x04, 0x45, 0x75, 0x72, 0x6F, 0x07, 0x75, 0x6E, 0x69, 0x32,
    0x32, 0x31, 0x39, 0x07, 0x75, 0x6E, 0x69, 0x32, 0x32, 0x31, 0x35, 0x07, 0x75, 0x6E, 0x69, 0x32,
    0x31, 0x32, 0x36, 0x07, 0x75, 0x6E, 0x69, 0x32, 0x32, 0x30, 0x36, 0x07, 0x75, 0x6E, 0x69, 0x30,
    0x30, 0x42, 0x35, 0x07, 0x75, 0x6E, 0x69, 0x30, 0x33, 0x30, 0x38, 0x07, 0x75, 0x6E, 0x69, 0x30,
    0x33, 0x30, 0x37, 0x09, 0x67, 0x72, 0x61, 0x76, 0x65, 0x63, 0x6F, 0x6D, 0x62, 0x09, 0x61, 0x63,
    0x75, 0x74, 0x65, 0x63, 0x6F, 0x6D, 0x62, 0x07, 0x75, 0x6E, 0x69, 0x30, 0x33, 0x30, 0x42, 0x0B,
    0x75, 0x6E, 0x69, 0x30, 0x33, 0x30, 0x43, 0x2E, 0x61, 0x6C, 0x74, 0x07, 0x75, 0x6E, 0x69, 0x30,
    0x33, 0x30, 0x32, 0x07, 0x75, 0x6E, 0x69, 0x30, 0x33, 0x30, 0x43, 0x07, 0x75, 0x6E, 0x69, 0x30,
    0x33, 0x30, 0x36, 0x07, 0x75, 0x6E, 0x69, 0x30, 0x33, 0x30, 0x41, 0x09, 0x74, 0x69, 0x6C, 0x64,
    0x65, 0x63, 0x6F, 0x6D, 0x62, 0x07, 0x75, 0x6E, 0x69, 0x30, 0x33, 0x30, 0x34, 0x07, 0x75, 0x6E,
    0x69, 0x30, 0x33, 0x31, 0x32, 0x07, 0x75, 0x6E, 0x69, 0x30, 0x33, 0x32, 0x36, 0x07, 0x75, 0x6E,
    0x69, 0x30, 0x33, 0x32, 0x37, 0x07, 0x75, 0x6E, 0x69, 0x30, 0x33, 0x32, 0x38, 0x0C, 0x75, 0x6E,
    0x69, 0x30, 0x33, 0x30, 0x38, 0x2E, 0x63, 0x61, 0x73, 0x65, 0x0C, 0x75, 0x6E, 0x69, 0x30, 0x33,
    0x30, 0x37, 0x2E, 0x63, 0x61, 0x73, 0x65, 0x0E, 0x67, 0x72, 0x61, 0x76, 0x65, 0x63, 0x6F, 0x6D,
    0x62, 0x2E, 0x63, 0x61, 0x73, 0x65, 0x0E, 0x61, 0x63, 0x75, 0x74, 0x65, 0x63, 0x6F, 0x6D, 0x62,
    0x2E, 0x63, 0x61, 0x73, 0x65, 0x0C, 0x75, 0x6E, 0x69, 0x30, 0x33, 0x30, 0x42, 0x2E, 0x63, 0x61,
    0x73, 0x65, 0x10, 0x75, 0x6E, 0x69, 0x30, 0x33, 0x30, 0x43, 0x2E, 0x61, 0x6C, 0x74, 0x2E, 0x63,
    0x61, 0x73, 0x65, 0x0C, 0x75, 0x6E, 0x69, 0x30, 0x33, 0x30, 0x32, 0x2E, 0x63, 0x61, 0x73, 0x65,
    0x0C, 0x75, 0x6E, 0x69, 0x30, 0x33, 0x30, 0x43, 0x2E, 0x63, 0x61, 0x73, 0x65, 0x0C, 0x75, 0x6E,
    0x69, 0x30, 0x33, 0x30, 0x36, 0x2E, 0x63, 0x61, 0x73, 0x65, 0x0C, 0x75, 0x6E, 0x69, 0x30, 0x33,
    0x30, 0x41, 0x2E, 0x63, 0x61, 0x73, 0x65, 0x0E, 0x74, 0x69, 0x6C, 0x64, 0x65, 0x63, 0x6F, 0x6D,
    0x62, 0x2E, 0x63, 0x61, 0x73, 0x65, 0x0C, 0x75, 0x6E, 0x69, 0x30, 0x33, 0x30, 0x34, 0x2E, 0x63,
    0x61, 0x73, 0x65, 0x0E, 0x75, 0x6E, 0x69, 0x30, 0x33, 0x30, 0x38, 0x2E, 0x6E, 0x61, 0x72, 0x72,
    0x6F, 0x77, 0x0E, 0x75, 0x6E, 0x69, 0x30, 0x33, 0x30, 0x34, 0x2E, 0x6E, 0x61, 0x72, 0x72, 0x6F,
    0x77, 0x13, 0x75, 0x6E, 0x69, 0x30, 0x33, 0x30, 0x38, 0x2E, 0x63, 0x61, 0x73, 0x65, 0x2E, 0x6E,
    0x61, 0x72, 0x72, 0x6F, 0x77, 0x07, 0x75, 0x6E, 0x69, 0x30, 0x32, 0x43, 0x39, 0x0C, 0x6D, 0x6F,
    0x7A, 0x69, 0x6C, 0x6C, 0x61, 0x5F, 0x6C, 0x6F, 0x67, 0x6F, 0x0E, 0x6D, 0x6F, 0x7A, 0x69, 0x6C,
    0x6C, 0x61, 0x5F, 0x73, 0x79, 0x6D, 0x62, 0x6F, 0x6C, 0x10, 0x6D, 0x6F, 0x7A, 0x69, 0x6C, 0x6C,
    0x61, 0x5F, 0x77, 0x6F, 0x72, 0x64, 0x6D, 0x61, 0x72, 0x6B, 0x00, 0x00, 0x00, 0x01, 0x00, 0x01,
    0xFF, 0xFF, 0x00, 0x0F, 0x00, 0x01, 0x00, 0x03, 0x00, 0x12, 0x00, 0x00, 0x00, 0x00, 0x00, 0x00,
    0x00, 0xB2, 0x00, 0x00, 0x00, 0xCA, 0x00, 0x02, 0x00, 0x1A, 0x00, 0x01, 0x00, 0x0B, 0x00, 0x01,
    0x00, 0x0D, 0x00, 0x13, 0x00, 0x01, 0x00, 0x16, 0x00, 0x1E, 0x00, 0x01, 0x00, 0x20, 0x00, 0x23,
    0x00, 0x01, 0x00, 0x26, 0x00, 0x26, 0x00, 0x01, 0x00, 0x29, 0x00, 0x31, 0x00, 0x01, 0x00, 0x34,
    0x00, 0x38, 0x00, 0x01, 0x00, 0x3B, 0x00, 0x4A, 0x00, 0x01, 0x00, 0x4D, 0x00, 0x56, 0x00, 0x01,
    0x00, 0x58, 0x00, 0x64, 0x00, 0x01, 0x00, 0x66, 0x00, 0x6A, 0x00, 0x01, 0x00, 0x6C, 0x00, 0x7F,
    0x00, 0x01, 0x00, 0x81, 0x00, 0x88, 0x00, 0x01, 0x00, 0x8A, 0x00, 0x92, 0x00, 0x01, 0x00, 0x94,
    0x00, 0x97, 0x00, 0x01, 0x00, 0x9B, 0x00, 0xA1, 0x00, 0x01, 0x00, 0xA4, 0x00, 0xA4, 0x00, 0x01,
    0x00, 0xA6, 0x00, 0xA7, 0x00, 0x01, 0x00, 0xAA, 0x00, 0xAE, 0x00, 0x01, 0x00, 0xB1, 0x00, 0xBF,
    0x00, 0x01, 0x00, 0xC4, 0x00, 0xCC, 0x00, 0x01, 0x00, 0xCE, 0x00, 0xDA, 0x00, 0x01, 0x00, 0xDC,
    0x00, 0xE0, 0x00, 0x01, 0x00, 0xE2, 0x00, 0xF4, 0x00, 0x01, 0x00, 0xF7, 0x00, 0xF8, 0x00, 0x01,
    0x01, 0x75, 0x01, 0x93, 0x00, 0x03, 0x00, 0x01, 0x00, 0x01, 0x00, 0x00, 0x00, 0x08, 0x00, 0x02,
    0x00, 0x02, 0x01, 0x75, 0x01, 0x79, 0x00, 0x00, 0x01, 0x7B, 0x01, 0x81, 0x00, 0x05, 0x00, 0x01,
    0x00, 0x00, 0x00, 0x0C, 0x00, 0x01, 0x00, 0x00, 0x00, 0x16, 0x00, 0x01, 0x00, 0x01, 0x00, 0x00,
    0x40, 0x00, 0x40, 0x00, 0x00, 0x13, 0x00, 0x00, 0x00, 0x01, 0x00, 0x00, 0xF6, 0xF7, 0xF8, 0xFF,
    0x01, 0x02, 0x03, 0x04, 0x05, 0x0B, 0x0F, 0x12, 0x14, 0x1A, 0x1B, 0x20, 0x24, 0x30, 0x3B, 0x00,
    0x00, 0x01, 0x00, 0x00, 0x00, 0x26, 0x00, 0x0A, 0x00, 0x18, 0x00, 0x02, 0x6B, 0x65, 0x72, 0x6E,
    0x00, 0x30, 0x6D, 0x61, 0x72, 0x6B, 0x00, 0x6A, 0x00, 0x06, 0x00, 0x68, 0x00, 0x4A, 0x00, 0x2A,
    0x00, 0x32, 0x00, 0x3A, 0x00, 0x42, 0x00, 0x03, 0x44, 0x46, 0x4C, 0x54, 0x00, 0x46, 0x67, 0x72,
    0x65, 0x6B, 0x00, 0x4A, 0x6C, 0x61, 0x74, 0x6E, 0x00, 0x66, 0x00, 0x00, 0x00, 0x02, 0x00, 0x01,
    0x00, 0x00, 0x00, 0x04, 0x00, 0x00, 0x00, 0x01, 0x00, 0x8C, 0x00, 0x04, 0x00, 0x00, 0x00, 0x01,
    0x00, 0x90, 0x00, 0x04, 0x00, 0x00, 0x00, 0x01, 0x00, 0x94, 0x00, 0x04, 0x00, 0x00, 0x00, 0x01,
    0x00, 0x98, 0x00, 0x02, 0x00, 0x08, 0x00, 0x02, 0x00, 0xBC, 0x01, 0x3E, 0x00, 0x92, 0x00, 0x00,
    0x00, 0x56, 0x00, 0x00, 0x00, 0x00, 0x00, 0x04, 0x00, 0x02, 0x00, 0x03, 0x00, 0x04, 0x00, 0x05,
    0x00, 0x02, 0x00, 0x08, 0x00, 0x03, 0x02, 0x68, 0x00, 0x88, 0x04, 0xBE, 0x00, 0x72, 0x00, 0x09,
    0x41, 0x5A, 0x45, 0x20, 0x00, 0x72, 0x43, 0x41, 0x54, 0x20, 0x00, 0x72, 0x43, 0x52, 0x54, 0x20,
    0x00, 0x72, 0x4B, 0x41, 0x5A, 0x20, 0x00, 0x72, 0x4D, 0x4F, 0x4C, 0x20, 0x00, 0x72, 0x4E, 0x4C,
    0x44, 0x20, 0x00, 0x72, 0x52, 0x4F, 0x4D, 0x20, 0x00, 0x72, 0x54, 0x41, 0x54, 0x20, 0x00, 0x72,
    0x54, 0x52, 0x4B, 0x20, 0x00, 0x72, 0x00, 0x00, 0xFF, 0xFF, 0x00, 0x01, 0x00, 0x00, 0x00, 0x01,
    0x22, 0x68, 0x22, 0xFC, 0x00, 0x01, 0x22, 0x78, 0x23, 0x8A, 0x00, 0x01, 0x22, 0x50, 0x23, 0x38,
    0x00, 0x01, 0x22, 0x56, 0x26, 0x70, 0x00, 0x01, 0x22, 0xAA, 0x25, 0x42, 0x00, 0x01, 0x23, 0xBA,
    0x2F, 0x66, 0x00, 0x01, 0x22, 0x4C, 0x22, 0x68, 0x00, 0x01, 0x22, 0x5E, 0x22, 0x86, 0x00, 0x00,
    0xFF, 0xFF, 0x00, 0x02, 0x00, 0x00, 0x00, 0x01, 0x00, 0x01, 0x22, 0xB2, 0x00, 0x44, 0x00, 0x00,
    0x00, 0x06, 0x22, 0xEA, 0x22, 0x68, 0x22, 0x68, 0x22, 0x68, 0x22, 0xA4, 0x22, 0x68, 0x00, 0x01,
    0x2B, 0x96, 0x00, 0x04, 0x00, 0x00, 0x00, 0x3C, 0x24, 0x02, 0x25, 0xA4, 0x26, 0xC8, 0x2B, 0xF4,
    0x24, 0xB0, 0x28, 0xD6, 0x2D, 0x22, 0x25, 0xC6, 0x29, 0xD2, 0x2D, 0x90, 0x29, 0x14, 0x2A, 0x5E,
    0x26, 0xC8, 0x24, 0x62, 0x24, 0x62, 0x29, 0x90, 0x29, 0x90, 0x24, 0x3A, 0x24, 0x3A, 0x29, 0x90,
    0x23, 0xF8, 0x24, 0x7C, 0x25, 0xE8, 0x2B, 0x44, 0x2D, 0xFE, 0x2A, 0xA8, 0x28, 0x62, 0x26, 0xEE,
    0x27, 0x18, 0x27, 0x18, 0x27, 0x18, 0x27, 0x46, 0x2E, 0x6C, 0x28, 0x2C, 0x2C, 0x56, 0x2A, 0xF6,
    0x2C, 0xBC, 0x24, 0x96, 0x2A, 0x18, 0x2A, 0x18, 0x24, 0xCE, 0x27, 0x74, 0x24, 0xCE, 0x27, 0x74,
    0x24, 0xEC, 0x28, 0x9C, 0x24, 0xEC, 0x28, 0x9C, 0x27, 0xA2, 0x27, 0xA2, 0x26, 0x0A, 0x27, 0xD0,
    0x29, 0x52, 0x27, 0xFE, 0x24, 0x10, 0x24, 0x1E, 0x24, 0x2C, 0x23, 0xEC, 0x23, 0xF2, 0x24, 0x4C,
    0x00, 0x02, 0x2E, 0x78, 0x00, 0x04, 0x00, 0x00, 0x30, 0x44, 0x30, 0xA8, 0x00, 0x0C, 0x00, 0x0D,
    0x00, 0x00, 0x00, 0x00, 0xFF, 0xBC, 0x00, 0x00, 0xFF, 0xC9, 0x00, 0x00, 0xFF, 0xEB, 0xFF, 0x93,
    0xFF, 0x85, 0xFF, 0x89, 0xFF, 0xDB, 0xFF, 0xF2, 0xFF, 0xEF, 0x00, 0x00, 0xFF, 0xBC, 0x00, 0x00,
    0xFF, 0xC3, 0x00, 0x00, 0xFF, 0xD1, 0x00, 0x00, 0xFF, 0x9F, 0xFF, 0x9F, 0xFF, 0x9E, 0x00, 0x00,
    0x00, 0x00, 0xFF, 0xED, 0x00, 0x00, 0x00, 0x00, 0xFF, 0xC3, 0x00, 0x00, 0xFF, 0xDE, 0x00, 0x00,
    0x00, 0x00, 0x00, 0x00, 0x00, 0x00, 0x00, 0x00, 0x00, 0x00, 0xFF, 0xEE, 0x00, 0x00, 0x00, 0x00,
    0x00, 0x00, 0xFF, 0xD1, 0x00, 0x00, 0xFF, 0xDD, 0x00, 0x00, 0x00, 0x00, 0xFF, 0xFA, 0xFF, 0xFD,
    0xFF, 0xFC, 0x00, 0x00, 0xFF, 0xF5, 0x00, 0x00, 0x00, 0x00, 0xFF, 0xC9, 0x00, 0x00, 0xFF, 0xDE,
    0x00, 0x00, 0xFF, 0xDD, 0x00, 0x00, 0xFF, 0xB7, 0xFF, 0xC0, 0xFF, 0xBD, 0x00, 0x00, 0x00, 0x00,
    0xFF, 0xEF, 0x00, 0x00, 0xFF, 0xEB, 0x00, 0x00, 0x00, 0x00, 0x00, 0x00, 0x00, 0x00, 0x00, 0x00,
    0xFF, 0xEB, 0xFF, 0xEB, 0xFF, 0xEB, 0x00, 0x00, 0xFF, 0xEA, 0x00, 0x00, 0x00, 0x00, 0xFF, 0x93,
    0xFF, 0x9F, 0x00, 0x00, 0xFF, 0xB7, 0xFF, 0xFA, 0xFF, 0xEB, 0x00, 0x00, 0x00, 0x00, 0x00, 0x00,
    0xFF, 0xEF, 0xFF, 0x96, 0x00, 0x00, 0x00, 0x00, 0xFF, 0x85, 0xFF, 0x9E, 0x00, 0x00, 0xFF, 0xBF,
    0xFF, 0xFC, 0xFF, 0xEB, 0x00, 0x00, 0x00, 0x00, 0x00, 0x00, 0x00, 0x00, 0xFF, 0x96, 0x00, 0x00,
    0x00, 0x00, 0xFF, 0x89, 0xFF, 0x94, 0xFF, 0xFE, 0xFF, 0xAF, 0xFF, 0xEC, 0xFF, 0xEB, 0x00, 0x00,
    0x00, 0x00, 0x00, 0x00, 0xFF, 0xED, 0xFF, 0x8A, 0x00, 0x00, 0x00, 0x00, 0xFF, 0xDB, 0x00, 0x00,
    0x00, 0x00, 0x00, 0x00, 0x00, 0x00, 0x00, 0x00, 0xFF, 0xEF, 0x00, 0x00, 0xFF, 0xFE, 0x00, 0x00,
    0x00, 0x00, 0x00, 0x00, 0x00, 0x00, 0xFF, 0xDF, 0xFF, 0xF4, 0x00, 0x00, 0x00, 0x00, 0x00, 0x00,
    0x00, 0x00, 0x00, 0x00, 0x00, 0x00, 0x00, 0x00, 0x00, 0x00, 0x00, 0x00, 0x00, 0x00, 0x00, 0x00,
    0x00, 0x00, 0xFF, 0xFE, 0x00, 0x00, 0x00, 0x00, 0x00, 0x00, 0x00, 0x00, 0x00, 0x00, 0x00, 0x00,
    0x00, 0x00, 0x00, 0x00, 0x00, 0x00, 0x00, 0x00, 0x00, 0x01, 0x45, 0x48, 0x00, 0x04, 0x00, 0x00,
    0x01, 0x26, 0x3F, 0xF6, 0x3F, 0xF6, 0x3F, 0xF6, 0x3F, 0xF6, 0x3F, 0xF6, 0x3F, 0xF6, 0x3F, 0xF6,
    0x42, 0xC0, 0x3F, 0xF6, 0x3F, 0xF6, 0x36, 0x8E, 0x4F, 0x1C, 0x36, 0x4C, 0x36, 0x4C, 0x36, 0x4C,
    0x36, 0x4C, 0x36, 0x4C, 0x39, 0xC6, 0x39, 0xC6, 0x39, 0xC6, 0x39, 0xC6, 0x36, 0x8E, 0x36, 0x8E,
    0x36, 0x8E, 0x37, 0x96, 0x37, 0xDC, 0x36, 0x8E, 0x36, 0x8E, 0x36, 0x8E, 0x38, 0x22, 0x78, 0xF4,
    0x33, 0x1E, 0x33, 0x1E, 0x33, 0x1E, 0x33, 0x1E, 0x31, 0xA4, 0x31, 0xA4, 0x30, 0x9C, 0x30, 0xF6,
    0x30, 0xF6, 0x31, 0x7E, 0x33, 0x50, 0x34, 0x18, 0x30, 0x9C, 0x30, 0x9C, 0x30, 0x9C, 0x30, 0x9C,
    0x30, 0xF6, 0x30, 0x2A, 0x46, 0x2A, 0x46, 0x2A, 0x43, 0x2A, 0x43, 0x2A, 0x43, 0x2A, 0x43, 0x2A,
    0x43, 0x2A, 0x43, 0x2A, 0x31, 0xA4, 0x31, 0xA4, 0x31, 0xA4, 0x31, 0xA4, 0x31, 0xA4, 0x31, 0xA4,
    0x31, 0xA4, 0x3A, 0x10, 0x3A, 0x10, 0x3A, 0x10, 0x3A, 0x10, 0x3A, 0x10, 0x3A, 0x10, 0x3A, 0x10,
    0x3A, 0x10, 0x3A, 0x10, 0x36, 0x8E, 0x58, 0x50, 0x70, 0x86, 0x3A, 0x10, 0x34, 0x4E, 0x34, 0x4E,
    0x34, 0x4E, 0x34, 0x4E, 0x3A, 0x5A, 0x3A, 0x5A, 0x3A, 0x5A, 0x3A, 0x5A, 0x3A, 0x5A, 0x4D, 0x34,
    0x4C, 0x72, 0x4C, 0x72, 0x4C, 0x72, 0x31, 0x18, 0x31, 0x18, 0x31, 0x18, 0x31, 0x18, 0x31, 0x18,
    0x31, 0x18, 0x31, 0x18, 0x31, 0x18, 0x31, 0x18, 0x31, 0x18, 0x76, 0x0E, 0x43, 0xFE, 0x43, 0xFE,
    0x43, 0xFE, 0x43, 0xFE, 0x43, 0xFE, 0x6D, 0xE0, 0x4B, 0x22, 0x4B, 0x22, 0x4B, 0x22, 0x4B, 0x22,
    0x4B, 0x22, 0x36, 0x0E, 0x36, 0x0E, 0x36, 0x0E, 0x36, 0x0E, 0x35, 0x26, 0x35, 0x26, 0x35, 0x26,
    0x3A, 0xA4, 0x3A, 0xEE, 0x35, 0x26, 0x35, 0x26, 0x35, 0x26, 0x35, 0x26, 0x3B, 0x38, 0x3D, 0xE6,
    0x3E, 0x38, 0x3D, 0x94, 0x3D, 0x94, 0x3D, 0x94, 0x3D, 0x94, 0x3D, 0x94, 0x31, 0xCA, 0x32, 0x66,
    0x56, 0x5A, 0x3D, 0xE6, 0x3D, 0xE6, 0x3D, 0xE6, 0x40, 0x5C, 0x46, 0xA0, 0x3D, 0xE6, 0x3D, 0xE6,
    0x3D, 0xE6, 0x3D, 0xE6, 0x38, 0x68, 0x32, 0x3C, 0x31, 0xF0, 0x31, 0xF0, 0x31, 0xF0, 0x35, 0x9A,
    0x35, 0x9A, 0x30, 0x40, 0x4A, 0x88, 0x49, 0x84, 0x69, 0x24, 0x6B, 0x72, 0x30, 0x40, 0x40, 0xC2,
    0x34, 0x84, 0x30, 0x40, 0x30, 0x40, 0x33, 0x82, 0x30, 0x40, 0x33, 0xB4, 0x30, 0x06, 0x35, 0x60,
    0x35, 0x60, 0x43, 0x94, 0x43, 0x94, 0x43, 0x94, 0x60, 0x58, 0x35, 0x9A, 0x35, 0x9A, 0x35, 0x9A,
    0x35, 0x9A, 0x35, 0x9A, 0x3B, 0x82, 0x35, 0x9A, 0x3E, 0x8A, 0x3E, 0x8A, 0x41, 0x28, 0x41, 0x8E,
    0x3E, 0x8A, 0x3E, 0x8A, 0x3E, 0x8A, 0x3F, 0x36, 0x3F, 0x94, 0x3D, 0xE6, 0x3E, 0x38, 0x3E, 0x38,
    0x38, 0xAE, 0x3C, 0xAA, 0x3C, 0xAA, 0x3C, 0xAA, 0x3C, 0xAA, 0x38, 0xF4, 0x38, 0xF4, 0x41, 0xF4,
    0x38, 0xF4, 0x38, 0xF4, 0x51, 0x58, 0x32, 0x94, 0x32, 0x94, 0x32, 0x94, 0x34, 0xBA, 0x34, 0xBA,
    0x34, 0xBA, 0x39, 0x3A, 0x39, 0x80, 0x34, 0xBA, 0x34, 0xBA, 0x34, 0xBA, 0x34, 0xBA, 0x34, 0xBA,
    0x81, 0xDA, 0x3C, 0xF8, 0x3C, 0xF8, 0x3C, 0xF8, 0x3C, 0xF8, 0x3C, 0xF8, 0x52, 0xAA, 0x3E, 0xE0,
    0x42, 0x5A, 0x3E, 0xE0, 0x45, 0xB8, 0x3E, 0xE0, 0x32, 0xC2, 0x35, 0xD4, 0x3D, 0x46, 0x32, 0xC2,
    0x33, 0xE6, 0x33, 0xE6, 0x33, 0xE6, 0x33, 0xE6, 0x36, 0xD0, 0x33, 0xE6, 0x33, 0xE6, 0x33, 0xE6,
    0x33, 0xE6, 0x37, 0x12, 0x30, 0x40, 0x43, 0x94, 0x2F, 0xDC, 0x2F, 0xEA, 0x2F, 0xF8, 0x62, 0x86,
    0x47, 0x1A, 0x44, 0x6C, 0x4E, 0x22, 0x48, 0x88, 0x49, 0x06, 0x5C, 0x44, 0x44, 0xDA, 0x4B, 0xC4,
    0x2F, 0xF8, 0x30, 0x18, 0x30, 0x18, 0x30, 0xD8, 0x31, 0x3A, 0x30, 0xBA, 0x31, 0x5C, 0x30, 0xD8,
    0x3B, 0xCC, 0x54, 0x6C, 0x73, 0x30, 0x5A, 0x4A, 0x7B, 0xE2, 0x84, 0xE0, 0x37, 0x54, 0x30, 0x82,
    0x30, 0x82, 0x30, 0x82, 0x64, 0xB4, 0x7E, 0xDC, 0x5E, 0x4A, 0x66, 0xE6, 0x32, 0x16, 0x32, 0x16,
    0x32, 0xF0, 0x3C, 0x16, 0x32, 0xF0, 0x3C, 0x60, 0x30, 0x56, 0x30, 0x6C, 0x30, 0x56, 0x30, 0x6C,
    0x34, 0xF0, 0x34, 0xF0, 0x2F, 0xD6, 0x47, 0x94, 0x4A, 0x06, 0x48, 0x0E, 0x50, 0x36, 0x00, 0x02,
    0x85, 0xD0, 0x00, 0x44, 0x00, 0x00, 0x86, 0x52, 0x87, 0xEE, 0x00, 0x31, 0x00, 0x27, 0x00, 0x00,
    0x00, 0x00, 0x00, 0x00, 0x00, 0x00, 0x00, 0x00, 0x00, 0x00, 0x00, 0x00, 0x00, 0x00, 0x00, 0x00,
    0x00, 0x00, 0x00, 0x00, 0x00, 0x00, 0x00, 0x00, 0x00, 0x00, 0x00, 0x00, 0x00, 0x00, 0x00, 0x00,
    0x00, 0x00, 0x00, 0x00, 0x00, 0x00, 0x00, 0x00, 0x00, 0x00, 0x00, 0x00, 0x00, 0x00, 0x00, 0x00,
    0x00, 0x00, 0x00, 0x00, 0x00, 0x00, 0x00, 0x00, 0x00, 0x00, 0x00, 0x00, 0x00, 0x00, 0x00, 0x00,
    0x00, 0x00, 0x00, 0x00, 0x00, 0x00, 0x00, 0x00, 0x00, 0x00, 0x00, 0x00, 0x00, 0x00, 0x00, 0x00,
    0x00, 0x00, 0x00, 0x00, 0x00, 0x00, 0x00, 0x00, 0x00, 0x00, 0x00, 0x00, 0x00, 0x00, 0x00, 0x00,
    0x00, 0x00, 0xFF, 0xFE, 0x00, 0x00, 0x00, 0x00, 0x00, 0x00, 0x00, 0x00, 0x00, 0x00, 0x00, 0x00,
    0x00, 0x00, 0x00, 0x00, 0x00, 0x00, 0x00, 0x00, 0x00, 0x00, 0x00, 0x00, 0x00, 0x00, 0x00, 0x00,
    0x00, 0x00, 0x00, 0x00, 0x00, 0x00, 0x00, 0x00, 0x00, 0x00, 0x00, 0x00, 0x00, 0x00, 0x00, 0x00,
    0x00, 0x00, 0x00, 0x00, 0x00, 0x00, 0x00, 0x00, 0x00, 0x00, 0x00, 0x00, 0x00, 0x00, 0x00, 0x00,
    0x00, 0x00, 0xFF, 0xEF, 0x00, 0x00, 0xFF, 0xED, 0x00, 0x00, 0xFF, 0xF1, 0x00, 0x00, 0x00, 0x00,
    0x00, 0x00, 0x00, 0x00, 0x00, 0x00, 0xFF, 0xFC, 0x00, 0x00, 0xFF, 0xFF, 0x00, 0x00, 0x00, 0x00,
    0x00, 0x00, 0xFF, 0xF3, 0x00, 0x00, 0x00, 0x00, 0x00, 0x00, 0x00, 0x00, 0x00, 0x00, 0xFF, 0xFD,
    0x00, 0x00, 0x00, 0x00, 0x00, 0x00, 0x00, 0x00, 0x00, 0x00, 0x00, 0x00, 0x00, 0x00, 0x00, 0x00,
    0x00, 0x00, 0xFF, 0xFA, 0x00, 0x00, 0xFF, 0xF1, 0x00, 0x00, 0xFF, 0xF0, 0x00, 0x00, 0x00, 0x00,
    0x00, 0x00, 0xFF, 0xF0, 0x00, 0x00, 0x00, 0x00, 0x00, 0x00, 0x00, 0x00, 0x00, 0x00, 0xFF, 0xD9,
    0x00, 0x00, 0xFF, 0xF4, 0x00, 0x00, 0xFF, 0xF6, 0x00, 0x00, 0x00, 0x00, 0x00, 0x00, 0xFF, 0xED,
    0x00, 0x00, 0x00, 0x00, 0x00, 0x00, 0x00, 0x00, 0x00, 0x00, 0x00, 0x00, 0x00, 0x00, 0x00, 0x00,
    0x00, 0x00, 0x00, 0x00, 0x00, 0x00, 0xFF, 0xF8, 0x00, 0x00, 0xFF, 0xFC, 0x00, 0x00, 0xFF, 0xFC,
    0x00, 0x00, 0x00, 0x00, 0x00, 0x00, 0x00, 0x00, 0x00, 0x00, 0xFF, 0xFF, 0x00, 0x00, 0x00, 0x00,
    0x00, 0x00, 0x00, 0x00, 0x00, 0x00, 0x00, 0x00, 0x00, 0x00, 0x00, 0x00, 0x00, 0x00, 0xFF, 0xFF,
    0x00, 0x00, 0x00, 0x00, 0x00, 0x00, 0x00, 0x00, 0x00, 0x00, 0xFF, 0xF2, 0x00, 0x00, 0x00, 0x00,
    0x00, 0x00, 0xFF, 0xF0, 0x00, 0x00, 0x00, 0x00, 0x00, 0x00, 0x00, 0x00, 0x00, 0x00, 0xFF, 0xE0,
    0x00, 0x00, 0xFF, 0xAE, 0x00, 0x00, 0xFF, 0xEC, 0x00, 0x00, 0x00, 0x00, 0x00, 0x00, 0x00, 0x00,
    0x00, 0x00, 0xFF, 0xF6, 0x00, 0x00, 0xFF, 0xF1, 0x00, 0x00, 0xFF, 0xF0, 0x00, 0x00, 0x00, 0x00,
    0x00, 0x00, 0xFF, 0xF5, 0x00, 0x00, 0xFF, 0xAB, 0x00, 0x00, 0x00, 0x00, 0x00, 0x00, 0xFF, 0xF2,
    0x00, 0x00, 0xFF, 0xF5, 0x00, 0x00, 0xFF, 0xFE, 0x00, 0x00, 0x00, 0x00, 0x00, 0x00, 0x00, 0x00,
    0x00, 0x00, 0x00, 0x00, 0x00, 0x00, 0xFF, 0xD0, 0x00, 0x00, 0xFF, 0xDB, 0x00, 0x00, 0xFF, 0xD6,
    0x00, 0x00, 0x00, 0x00, 0x00, 0x00, 0x00, 0x00, 0x00, 0x00, 0x00, 0x00, 0x00, 0x00, 0x00, 0x00,
    0x00, 0x00, 0x00, 0x00, 0x00, 0x00, 0x00, 0x00, 0x00, 0x00, 0xFF, 0xF1, 0x00, 0x00, 0xFF, 0xE8,
    0x00, 0x00, 0xFF, 0xF2, 0x00, 0x00, 0xFF, 0xFA, 0x00, 0x00, 0xFF, 0xE8, 0x00, 0x00, 0x00, 0x00,
    0x00, 0x00, 0xFF, 0xF6, 0x00, 0x00, 0x00, 0x00, 0x00, 0x00, 0xFF, 0xF0, 0x00, 0x00, 0x00, 0x00,
    0x00, 0x00, 0x00, 0x00, 0x00, 0x00, 0xFF, 0xEF, 0x00, 0x00, 0xFF, 0xD3, 0x00, 0x00, 0xFF, 0xA4,
    0x00, 0x00, 0x00, 0x00, 0x00, 0x00, 0x00, 0x00, 0x00, 0x00, 0xFF, 0xF4, 0x00, 0x00, 0xFF, 0xE7,
    0x00, 0x00, 0xFF, 0xDB, 0x00, 0x00, 0x00, 0x00, 0x00, 0x00, 0xFF, 0xF1, 0x00, 0x00, 0x00, 0x00,
    0x00, 0x00, 0xFF, 0xAC, 0x00, 0x00, 0xFF, 0xD7, 0x00, 0x00, 0xFF, 0xE3, 0x00, 0x00, 0xFF, 0xE2,
    0x00, 0x00, 0x00, 0x00, 0x00, 0x00, 0xFF, 0xDE, 0x00, 0x00, 0x00, 0x00, 0x00, 0x00, 0xFF, 0xE7,
    0x00, 0x00, 0xFF, 0xAD, 0x00, 0x00, 0xFF, 0xB4, 0x00, 0x00, 0xFF, 0xB1, 0x00, 0x00, 0xFF, 0xEB,
    0x00, 0x00, 0xFF, 0xF4, 0x00, 0x00, 0xFF, 0xF4, 0x00, 0x00, 0xFF, 0xFA, 0x00, 0x00, 0x00, 0x00,
    0x00, 0x00, 0x00, 0x00, 0x00, 0x00, 0x00, 0x00, 0x00, 0x00, 0x00, 0x00, 0x00, 0x00, 0x00, 0x00,
    0x00, 0x00, 0x00, 0x00, 0x00, 0x00, 0x00, 0x00, 0x00, 0x00, 0x00, 0x00, 0x00, 0x00, 0x00, 0x00,
    0x00, 0x00, 0xFF, 0xE8, 0x00, 0x00, 0x00, 0x00, 0x00, 0x00, 0xFF, 0xF1, 0x00, 0x00, 0x00, 0x00,
    0x00, 0x00, 0x00, 0x00, 0x00, 0x00, 0xFF, 0xF1, 0x00, 0x00, 0xFF, 0xD8, 0x00, 0x00, 0xFF, 0xD8,
    0x00, 0x00, 0x00, 0x00, 0x00, 0x00, 0x00, 0x00, 0x00, 0x00, 0xFF, 0xFC, 0x00, 0x00, 0xFF, 0xF9,
    0x00, 0x00, 0xFF, 0xEE, 0x00, 0x00, 0x00, 0x00, 0x00, 0x00, 0xFF, 0xFA, 0x00, 0x00, 0xFF, 0xDD,
    0x00, 0x00, 0x00, 0x00, 0x00, 0x00, 0x00, 0x00, 0x00, 0x00, 0x00, 0x00, 0x00, 0x00, 0x00, 0x00,
    0x00, 0x00, 0x00, 0x00, 0x00, 0x00, 0x00, 0x00, 0x00, 0x00, 0x00, 0x00, 0x00, 0x00, 0xFF, 0xEE,
    0x00, 0x00, 0x00, 0x00, 0x00, 0x00, 0xFF, 0xF2, 0x00, 0x00, 0x00, 0x00, 0x00, 0x00, 0x00, 0x00,
    0x00, 0x00, 0x00, 0x00, 0x00, 0x00, 0x00, 0x00, 0x00, 0x00, 0x00, 0x00, 0x00, 0x00, 0x00, 0x00,
    0x00, 0x00, 0xFF, 0xFC, 0x00, 0x00, 0x00, 0x00, 0x00, 0x00, 0xFF, 0xFC, 0x00, 0x00, 0x00, 0x00,
    0x00, 0x00, 0x00, 0x00, 0x00, 0x00, 0xFF, 0xFF, 0x00, 0x00, 0xFF, 0xFD, 0x00, 0x00, 0xFF, 0xE8,
    0x00, 0x00, 0xFF, 0xFC, 0x00, 0x00, 0x00, 0x00, 0x00, 0x00, 0x00, 0x00, 0x00, 0x00, 0x00, 0x00,
    0x00, 0x00, 0x00, 0x00, 0x00, 0x00, 0x00, 0x00, 0x00, 0x00, 0xFF, 0xDD, 0x00, 0x00, 0x00, 0x00,
    0x00, 0x00, 0x00, 0x00, 0x00, 0x00, 0x00, 0x00, 0x00, 0x00, 0x00, 0x00, 0x00, 0x00, 0x00, 0x00,
    0x00, 0x00, 0x00, 0x00, 0x00, 0x00, 0x00, 0x00, 0x00, 0x00, 0x00, 0x00, 0x00, 0x00, 0xFF, 0xF4,
    0x00, 0x00, 0x00, 0x00, 0x00, 0x00, 0x00, 0x00, 0x00, 0x00, 0x00, 0x00, 0x00, 0x00, 0x00, 0x00,
    0x00, 0x00, 0x00, 0x00, 0x00, 0x00, 0x00, 0x00, 0x00, 0x00, 0x00, 0x00, 0x00, 0x00, 0x00, 0x00,
    0x00, 0x00, 0x00, 0x00, 0x00, 0x00, 0x00, 0x00, 0x00, 0x00, 0x00, 0x00, 0x00, 0x00, 0x00, 0x00,
    0x00, 0x00, 0x00, 0x00, 0x00, 0x00, 0x00, 0x00, 0x00, 0x00, 0xFF, 0xFF, 0x00, 0x00, 0x00, 0x00,
    0x00, 0x00, 0x00, 0x00, 0x00, 0x00, 0x00, 0x00, 0x00, 0x00, 0x00, 0x00, 0x00, 0x00, 0xFF, 0xFB,
    0x00, 0x00, 0x00, 0x00, 0x00, 0x00, 0x00, 0x00, 0x00, 0x00, 0x00, 0x00, 0x00, 0x00, 0x00, 0x00,
    0x00, 0x00, 0x00, 0x00, 0x00, 0x00, 0x00, 0x00, 0x00, 0x00, 0x00, 0x00, 0x00, 0x00, 0xFF, 0xE3,
    0x00, 0x00, 0xFF, 0xAB, 0x00, 0x00, 0x00, 0x00, 0x00, 0x00, 0x00, 0x00, 0x00, 0x00, 0x00, 0x00,
    0x00, 0x00, 0xFF, 0xF7, 0x00, 0x00, 0xFF, 0xEF, 0x00, 0x00, 0xFF, 0xFC, 0x00, 0x00, 0x00, 0x00,
    0x00, 0x00, 0x00, 0x00, 0x00, 0x00, 0xFF, 0xA7, 0x00, 0x00, 0xFF, 0xFE, 0x00, 0x00, 0xFF, 0xF4,
    0x00, 0x00, 0xFF, 0xF6, 0x00, 0x00, 0x00, 0x00, 0x00, 0x00, 0x00, 0x00, 0x00, 0x00, 0x00, 0x00,
    0x00, 0x00, 0x00, 0x00, 0x00, 0x00, 0xFF, 0xD5, 0x00, 0x00, 0xFF, 0xE0, 0x00, 0x00, 0xFF, 0xDB,
    0x00, 0x00, 0x00, 0x00, 0x00, 0x00, 0x00, 0x00, 0x00, 0x00, 0x00, 0x00, 0x00, 0x00, 0x00, 0x00,
    0x00, 0x00, 0x00, 0x00, 0x00, 0x00, 0x00, 0x00, 0x00, 0x00, 0x00, 0x00, 0x00, 0x00, 0x00, 0x00,
    0x00, 0x00, 0x00, 0x00, 0x00, 0x00, 0x00, 0x00, 0x00, 0x00, 0xFF, 0xFF, 0x00, 0x00, 0x00, 0x00,
    0x00, 0x00, 0x00, 0x00, 0x00, 0x00, 0x00, 0x00, 0x00, 0x00, 0x00, 0x00, 0x00, 0x00, 0x00, 0x00,
    0x00, 0x00, 0x00, 0x00, 0x00, 0x00, 0x00, 0x00, 0x00, 0x00, 0xFF, 0xEC, 0x00, 0x00, 0xFF, 0xBF,
    0x00, 0x00, 0x00, 0x00, 0x00, 0x00, 0x00, 0x00, 0x00, 0x00, 0x00, 0x00, 0x00, 0x00, 0x00, 0x00,
    0x00, 0x00, 0x00, 0x00, 0x00, 0x00, 0xFF, 0xFB, 0x00, 0x00, 0x00, 0x00, 0x00, 0x00, 0x00, 0x00,
    0x00, 0x00, 0xFF, 0xB6, 0x00, 0x00, 0xFF, 0xFE, 0x00, 0x00, 0x00, 0x00, 0x00, 0x00, 0x00, 0x00,
    0x00, 0x00, 0x00, 0x00, 0x00, 0x00, 0x00, 0x00, 0x00, 0x00, 0x00, 0x00, 0x00, 0x00, 0x00, 0x00,
    0x00, 0x00, 0xFF, 0xEE, 0x00, 0x00, 0xFF, 0xFE, 0x00, 0x00, 0xFF, 0xF2, 0x00, 0x00, 0x00, 0x00,
    0x00, 0x00, 0x00, 0x00, 0x00, 0x00, 0x00, 0x00, 0x00, 0x00, 0x00, 0x00, 0x00, 0x00, 0x00, 0x00,
    0x00, 0x00, 0xFF, 0xFF, 0x00, 0x00, 0x00, 0x00, 0x00, 0x00, 0x00, 0x00, 0x00, 0x00, 0x00, 0x00,
    0x00, 0x00, 0x00, 0x00, 0x00, 0x00, 0xFF, 0xFC, 0x00, 0x00, 0x00, 0x00, 0x00, 0x00, 0x00, 0x00,
    0x00, 0x00, 0xFF, 0xF0, 0x00, 0x00, 0x00, 0x00, 0x00, 0x00, 0x00, 0x00, 0x00, 0x00, 0x00, 0x00,
    0x00, 0x00, 0x00, 0x00, 0x00, 0x00, 0xFF, 0xEE, 0x00, 0x00, 0xFF, 0xC2, 0x00, 0x00, 0xFF, 0xE8,
    0x00, 0x00, 0x00, 0x00, 0x00, 0x00, 0x00, 0x00, 0x00, 0x00, 0x00, 0x00, 0x00, 0x00, 0x00, 0x00,
    0x00, 0x00, 0xFF, 0xF0, 0x00, 0x00, 0x00, 0x00, 0x00, 0x00, 0x00, 0x00, 0x00, 0x00, 0xFF, 0xB7,
    0x00, 0x00, 0xFF, 0xFE, 0x00, 0x00, 0x00, 0x00, 0x00, 0x00, 0x00, 0x00, 0x00, 0x00, 0x00, 0x00,
    0x00, 0x00, 0x00, 0x00, 0x00, 0x00, 0x00, 0x00, 0x00, 0x00, 0x00, 0x00, 0x00, 0x00, 0xFF, 0xF3,
    0x00, 0x00, 0x00, 0x00, 0x00, 0x00, 0xFF, 0xFD, 0x00, 0x00, 0x00, 0x00, 0x00, 0x00, 0x00, 0x00,
    0x00, 0x00, 0x00, 0x00, 0x00, 0x00, 0x00, 0x00, 0x00, 0x00, 0x00, 0x00, 0x00, 0x00, 0x00, 0x00,
    0x00, 0x00, 0xFF, 0xFC, 0x00, 0x00, 0x00, 0x00, 0x00, 0x00, 0xFF, 0xFF, 0x00, 0x00, 0x00, 0x00,
    0x00, 0x00, 0x00, 0x00, 0x00, 0x00, 0x00, 0x00, 0x00, 0x00, 0x00, 0x00, 0x00, 0x00, 0x00, 0x00,
    0x00, 0x00, 0xFF, 0xFF, 0x00, 0x00, 0x00, 0x00, 0x00, 0x00, 0x00, 0x00, 0x00, 0x00, 0x00, 0x00,
    0x00, 0x00, 0x00, 0x00, 0x00, 0x00, 0x00, 0x00, 0x00, 0x00, 0x00, 0x00, 0x00, 0x00, 0x00, 0x00,
    0x00, 0x00, 0x00, 0x00, 0x00, 0x00, 0x00, 0x00, 0x00, 0x00, 0x00, 0x00, 0x00, 0x00, 0x00, 0x00,
    0x00, 0x00, 0xFF, 0xFF, 0x00, 0x00, 0x00, 0x00, 0x00, 0x00, 0x00, 0x00, 0x00, 0x00, 0xFF, 0xF2,
    0x00, 0x00, 0x00, 0x00, 0x00, 0x00, 0x00, 0x00, 0x00, 0x00, 0x00, 0x00, 0x00, 0x00, 0x00, 0x00,
    0x00, 0x00, 0x00, 0x00, 0x00, 0x00, 0x00, 0x00, 0x00, 0x00, 0x00, 0x00, 0x00, 0x00, 0x00, 0x00,
    0x00, 0x00, 0x00, 0x00, 0x00, 0x00, 0x00, 0x00, 0x00, 0x00, 0x00, 0x00, 0x00, 0x00, 0x00, 0x00,
    0x00, 0x00, 0x00, 0x00, 0x00, 0x00, 0x00, 0x00, 0x00, 0x00, 0xFF, 0xFF, 0x00, 0x00, 0x00, 0x00,
    0x00, 0x00, 0x00, 0x00, 0x00, 0x00, 0x00, 0x00, 0x00, 0x00, 0x00, 0x00, 0x00, 0x00, 0xFF, 0xFC,
    0x00, 0x00, 0x00, 0x00, 0x00, 0x00, 0x00, 0x00, 0x00, 0x00, 0x00, 0x00, 0x00, 0x00, 0x00, 0x00,
    0x00, 0x00, 0x00, 0x00, 0x00, 0x00, 0x00, 0x00, 0x00, 0x00, 0x00, 0x00, 0x00, 0x00, 0xFF, 0xE4,
    0x00, 0x00, 0xFF, 0xAE, 0x00, 0x00, 0x00, 0x00, 0x00, 0x00, 0x00, 0x00, 0x00, 0x00, 0x00, 0x00,
    0x00, 0x00, 0xFF, 0xF8, 0x00, 0x00, 0xFF, 0xF0, 0x00, 0x00, 0xFF, 0xFC, 0x00, 0x00, 0x00, 0x00,
    0x00, 0x00, 0x00, 0x00, 0x00, 0x00, 0xFF, 0xAA, 0x00, 0x00, 0xFF, 0xFE, 0x00, 0x00, 0xFF, 0xF4,
    0x00, 0x00, 0xFF, 0xF7, 0x00, 0x00, 0x00, 0x00, 0x00, 0x00, 0x00, 0x00, 0x00, 0x00, 0x00, 0x00,
    0x00, 0x00, 0x00, 0x00, 0x00, 0x00, 0xFF, 0xD8, 0x00, 0x00, 0xFF, 0xE1, 0x00, 0x00, 0xFF, 0xDD,
    0x00, 0x00, 0x00, 0x00, 0x00, 0x00, 0x00, 0x00, 0x00, 0x00, 0x00, 0x00, 0x00, 0x00, 0x00, 0x00,
    0x00, 0x00, 0x00, 0x00, 0x00, 0x00, 0xFF, 0xFC, 0x00, 0x00, 0x00, 0x00, 0x00, 0x00, 0x00, 0x00,
    0x00, 0x00, 0x00, 0x00, 0x00, 0x00, 0x00, 0x00, 0x00, 0x00, 0xFF, 0xFC, 0x00, 0x00, 0x00, 0x00,
    0x00, 0x00, 0x00, 0x00, 0x00, 0x00, 0xFF, 0xF1, 0x00, 0x00, 0x00, 0x00, 0x00, 0x00, 0xFF, 0xED,
    0x00, 0x00, 0x00, 0x00, 0x00, 0x00, 0x00, 0x00, 0x00, 0x00, 0xFF, 0xDF, 0x00, 0x00, 0xFF, 0xA9,
    0x00, 0x00, 0xFF, 0xEA, 0x00, 0x00, 0x00, 0x00, 0x00, 0x00, 0x00, 0x00, 0x00, 0x00, 0xFF, 0xF4,
    0x00, 0x00, 0xFF, 0xED, 0x00, 0x00, 0xFF, 0xEC, 0x00, 0x00, 0x00, 0x00, 0x00, 0x00, 0xFF, 0xF2,
    0x00, 0x00, 0xFF, 0xAA, 0x00, 0x00, 0x00, 0x00, 0x00, 0x00, 0xFF, 0xEE, 0x00, 0x00, 0xFF, 0xF2,
    0x00, 0x00, 0xFF, 0xFE, 0x00, 0x00, 0x00, 0x00, 0x00, 0x00, 0xFF, 0xF5, 0x00, 0x00, 0x00, 0x00,
    0x00, 0x00, 0xFF, 0xCD, 0x8B, 0xF4, 0xFF, 0xD6, 0x00, 0x00, 0xFF, 0xD2, 0x00, 0x00, 0x00, 0x00,
    0x00, 0x00, 0x00, 0x00, 0x00, 0x00, 0x00, 0x00, 0x00, 0x00, 0x00, 0x00, 0x00, 0x00, 0x00, 0x00,
    0x00, 0x00, 0x00, 0x00, 0x00, 0x00, 0xFF, 0xED, 0x00, 0x00, 0xFF, 0xF1, 0x00, 0x00, 0xFF, 0xEE,
    0x00, 0x00, 0x00, 0x00, 0x00, 0x00, 0x00, 0x00, 0x00, 0x00, 0xFF, 0xFF, 0x00, 0x00, 0xFF, 0xFF,
    0x00, 0x00, 0x00, 0x00, 0x00, 0x00, 0xFF, 0xFA, 0x00, 0x00, 0x00, 0x00, 0x00, 0x00, 0x00, 0x00,
    0x00, 0x00, 0xFF, 0xFB, 0x00, 0x00, 0x00, 0x00, 0x00, 0x00, 0x00, 0x00, 0x00, 0x00, 0x00, 0x00,
    0x00, 0x00, 0x00, 0x00, 0x00, 0x00, 0xFF, 0xF7, 0x00, 0x00, 0xFF, 0xEB, 0x00, 0x00, 0xFF, 0xE8,
    0x00, 0x00, 0x00, 0x00, 0x00, 0x00, 0xFF, 0xEF, 0x00, 0x00, 0x00, 0x00, 0x00, 0x00, 0x00, 0x00,
    0x00, 0x00, 0xFF, 0xD4, 0x00, 0x00, 0x00, 0x00, 0x00, 0x00, 0xFF, 0xF9, 0x00, 0x00, 0x00, 0x00,
    0x00, 0x00, 0xFF, 0xE1, 0x00, 0x00, 0x00, 0x00, 0x00, 0x00, 0x00, 0x00, 0x00, 0x00, 0x00, 0x00,
    0x00, 0x00, 0x00, 0x00, 0x00, 0x00, 0x00, 0x00, 0x00, 0x00, 0xFF, 0xF5, 0x00, 0x00, 0xFF, 0xF9,
    0x00, 0x00, 0xFF, 0xF9, 0x00, 0x00, 0x00, 0x00, 0x00, 0x00, 0x00, 0x00, 0x00, 0x00, 0x00, 0x00,
    0x00, 0x00, 0xFF, 0xE9, 0x00, 0x00, 0xFF, 0xDA, 0x00, 0x00, 0xFF, 0xEC, 0x00, 0x00, 0xFF, 0xF8,
    0x00, 0x00, 0xFF, 0xE0, 0x00, 0x00, 0x00, 0x00, 0x00, 0x00, 0xFF, 0xFE, 0x00, 0x00, 0x00, 0x00,
    0x00, 0x00, 0xFF, 0xE9, 0x00, 0x00, 0x00, 0x00, 0x00, 0x00, 0x00, 0x00, 0x00, 0x00, 0xFF, 0xE1,
    0x00, 0x00, 0xFF, 0xB8, 0x00, 0x00, 0xFF, 0x97, 0x00, 0x00, 0x00, 0x00, 0x00, 0x00, 0x00, 0x00,
    0x00, 0x00, 0xFF, 0xF4, 0x00, 0x00, 0xFF, 0xC4, 0x00, 0x00, 0xFF, 0xB4, 0x00, 0x00, 0x00, 0x00,
    0x00, 0x00, 0xFF, 0xDD, 0x00, 0x00, 0x00, 0x00, 0x00, 0x00, 0xFF, 0x81, 0x00, 0x00, 0xFF, 0xA0,
    0x00, 0x00, 0xFF, 0xD3, 0x00, 0x00, 0xFF, 0xD1, 0x00, 0x00, 0x00, 0x00, 0x00, 0x00, 0xFF, 0xBC,
    0x00, 0x00, 0xFF, 0xF0, 0x00, 0x00, 0xFF, 0xE8, 0x00, 0x00, 0xFF, 0x93, 0x00, 0x00, 0xFF, 0x87,
    0x00, 0x00, 0xFF, 0x8A, 0x00, 0x00, 0xFF, 0xE6, 0x00, 0x00, 0xFF, 0xF8, 0x00, 0x00, 0xFF, 0xF8,
    0x00, 0x00, 0xFF, 0xF8, 0x00, 0x00, 0x00, 0x00, 0x00, 0x00, 0x00, 0x00, 0x00, 0x00, 0x00, 0x00,
    0x00, 0x00, 0x00, 0x00, 0x00, 0x00, 0x00, 0x00, 0x00, 0x00, 0x00, 0x00, 0x00, 0x00, 0x00, 0x00,
    0x00, 0x00, 0x00, 0x00, 0x00, 0x00, 0x00, 0x00, 0x00, 0x00, 0xFF, 0xEC, 0x00, 0x00, 0x00, 0x00,
    0x00, 0x00, 0xFF, 0xF6, 0x00, 0x00, 0x00, 0x00, 0x00, 0x00, 0x00, 0x00, 0x00, 0x00, 0xFF, 0xF4,
    0x00, 0x00, 0xFF, 0xDA, 0x00, 0x00, 0xFF, 0xDD, 0x00, 0x00, 0x00, 0x00, 0x00, 0x00, 0x00, 0x00,
    0x00, 0x00, 0xFF, 0xFF, 0x00, 0x00, 0xFF, 0xFC, 0x00, 0x00, 0xFF, 0xF2, 0x00, 0x00, 0x00, 0x00,
    0x00, 0x00, 0xFF, 0xFA, 0x00, 0x00, 0xFF, 0xE3, 0x00, 0x00, 0x00, 0x00, 0x00, 0x00, 0x00, 0x00,
    0x00, 0x00, 0x00, 0x00, 0x00, 0x00, 0x00, 0x00, 0x00, 0x00, 0x00, 0x00, 0x00, 0x00, 0x00, 0x00,
    0x00, 0x00, 0x00, 0x00, 0x00, 0x00, 0xFF, 0xF2, 0x00, 0x00, 0x00, 0x00, 0x00, 0x00, 0xFF, 0xF5,
    0x00, 0x00, 0x00, 0x00, 0x00, 0x00, 0x00, 0x00, 0x00, 0x00, 0x00, 0x00, 0x00, 0x00, 0x00, 0x00,
    0x00, 0x00, 0x00, 0x00, 0x00, 0x00, 0x00, 0x00, 0x00, 0x00, 0x00, 0x00, 0x00, 0x00, 0x00, 0x00,
    0x00, 0x00, 0x00, 0x00, 0x00, 0x00, 0x00, 0x00, 0x00, 0x00, 0x00, 0x00, 0x00, 0x00, 0x00, 0x00,
    0x00, 0x00, 0x00, 0x00, 0x00, 0x00, 0xFF, 0xF1, 0x00, 0x00, 0x00, 0x00, 0x00, 0x00, 0xFF, 0xFB,
    0x00, 0x00, 0x00, 0x00, 0x00, 0x00, 0x00, 0x00, 0x00, 0x00, 0xFF, 0xF4, 0x00, 0x00, 0xFF, 0xE0,
    0x00, 0x00, 0xFF, 0xF0, 0x00, 0x00, 0x00, 0x00, 0x00, 0x00, 0x00, 0x00, 0x00, 0x00, 0xFF, 0xFF,
    0x00, 0x00, 0xFF, 0xFB, 0x00, 0x00, 0xFF, 0xFA, 0x00, 0x00, 0x00, 0x00, 0x00, 0x00, 0x00, 0x00,
    0x00, 0x00, 0xFF, 0xE6, 0x00, 0x00, 0xFF, 0xFD, 0x00, 0x00, 0x00, 0x00, 0x00, 0x00, 0x00, 0x00,
    0x00, 0x00, 0x00, 0x00, 0x00, 0x00, 0x00, 0x00, 0x00, 0x00, 0x00, 0x00, 0x00, 0x00, 0x00, 0x00,
    0x00, 0x00, 0xFF, 0xF7, 0x00, 0x00, 0x00, 0x00, 0x00, 0x00, 0x00, 0x00, 0x00, 0x00, 0x00, 0x00,
    0x00, 0x00, 0x00, 0x00, 0x00, 0x00, 0x00, 0x00, 0x00, 0x00, 0x00, 0x00, 0x00, 0x00, 0x00, 0x00,
    0x00, 0x00, 0x00, 0x00, 0x00, 0x00, 0xFF, 0xDF, 0x00, 0x00, 0xFF, 0xF1, 0x00, 0x00, 0xFF, 0xDF,
    0x00, 0x00, 0x00, 0x00, 0x00, 0x00, 0x00, 0x00, 0x00, 0x00, 0xFF, 0xEB, 0x00, 0x00, 0xFF, 0xDF,
    0x00, 0x00, 0xFF, 0xD3, 0x00, 0x00, 0xFF, 0xEE, 0x00, 0x00, 0x00, 0x00, 0x00, 0x00, 0x00, 0x00,
    0x00, 0x00, 0xFF, 0xF5, 0x00, 0x00, 0x00, 0x00, 0x00, 0x00, 0x00, 0x00, 0x00, 0x00, 0xFF, 0xB5,
    0x00, 0x00, 0x00, 0x00, 0x00, 0x00, 0xFF, 0xE6, 0x00, 0x00, 0xFF, 0xFF, 0x00, 0x00, 0xFF, 0xFC,
    0x00, 0x00, 0x00, 0x00, 0x00, 0x00, 0xFF, 0xE1, 0x00, 0x00, 0xFF, 0xF8, 0x00, 0x00, 0x00, 0x00,
    0x00, 0x00, 0xFF, 0xD1, 0x00, 0x00, 0xFF, 0xFF, 0x00, 0x00, 0xFF, 0xFF, 0x00, 0x00, 0xFF, 0xF0,
    0x00, 0x00, 0xFF, 0xD7, 0x00, 0x00, 0xFF, 0xEF, 0x00, 0x00, 0xFF, 0xEB, 0x00, 0x00, 0x00, 0x00,
    0x00, 0x00, 0x00, 0x00, 0x00, 0x00, 0x00, 0x00, 0x00, 0x00, 0xFF, 0xF3, 0x00, 0x00, 0xFF, 0xDF,
    0x00, 0x00, 0xFF, 0xDF, 0x00, 0x00, 0x00, 0x00, 0x00, 0x00, 0x00, 0x00, 0x00, 0x00, 0x00, 0x00,
    0x00, 0x00, 0xFF, 0xA9, 0x00, 0x00, 0xFF, 0xD8, 0x00, 0x00, 0xFF, 0xAD, 0x00, 0x00, 0xFF, 0xFD,
    0x00, 0x00, 0x00, 0x00, 0x00, 0x00, 0xFF, 0xBF, 0x00, 0x00, 0xFF, 0xAC, 0x00, 0x00, 0xFF, 0xA4,
    0x00, 0x00, 0xFF, 0xC2, 0x00, 0x00, 0x00, 0x00, 0x00, 0x00, 0x00, 0x00, 0x00, 0x00, 0xFF, 0xE8,
    0x00, 0x00, 0x00, 0x00, 0x00, 0x00, 0x00, 0x00, 0x00, 0x00, 0xFF, 0x90, 0x00, 0x00, 0x00, 0x00,
    0x00, 0x00, 0xFF, 0xAF, 0x00, 0x00, 0xFF, 0xDD, 0x00, 0x00, 0xFF, 0xDF, 0x00, 0x00, 0x00, 0x00,
    0x00, 0x00, 0xFF, 0xAD, 0x00, 0x00, 0xFF, 0xCE, 0x00, 0x00, 0x00, 0x00, 0x00, 0x00, 0xFF, 0x98,
    0x00, 0x00, 0xFF, 0xE2, 0x00, 0x00, 0xFF, 0xE5, 0x00, 0x00, 0xFF, 0xCF, 0x00, 0x00, 0xFF, 0xA3,
    0x00, 0x00, 0xFF, 0xC8, 0x00, 0x00, 0xFF, 0xE4, 0x00, 0x00, 0x00, 0x00, 0x00, 0x00, 0x00, 0x00,
    0x00, 0x00, 0x00, 0x00, 0x00, 0x00, 0xFF, 0xD9, 0x00, 0x00, 0xFF, 0x9E, 0x00, 0x00, 0xFF, 0x9E,
    0x00, 0x00, 0xFF, 0xFD, 0x00, 0x00, 0x00, 0x00, 0x00, 0x00, 0x00, 0x00, 0x00, 0x00, 0x00, 0x00,
    0x00, 0x00, 0x00, 0x00, 0x00, 0x00, 0x00, 0x00, 0x00, 0x00, 0x00, 0x00, 0x00, 0x00, 0x00, 0x00,
    0x00, 0x00, 0x00, 0x00, 0x00, 0x00, 0x00, 0x00, 0x00, 0x00, 0xFF, 0xF4, 0x00, 0x00, 0x00, 0x00,
    0x00, 0x00, 0xFF, 0xF2, 0x00, 0x00, 0x00, 0x00, 0x00, 0x00, 0x00, 0x00, 0x00, 0x00, 0xFF, 0xE1,
    0x00, 0x00, 0xFF, 0xAE, 0x00, 0x00, 0xFF, 0xEE, 0x00, 0x00, 0x00, 0x00, 0x00, 0x00, 0x00, 0x00,
    0x00, 0x00, 0xFF, 0xF7, 0x00, 0x00, 0xFF, 0xF2, 0x00, 0x00, 0xFF, 0xF1, 0x00, 0x00, 0x00, 0x00,
    0x00, 0x00, 0xFF, 0xF6, 0x00, 0x00, 0xFF, 0xAD, 0x00, 0x00, 0x00, 0x00, 0x00, 0x00, 0xFF, 0xF4,
    0x00, 0x00, 0xFF, 0xF7, 0x00, 0x00, 0x00, 0x00, 0x00, 0x00, 0x00, 0x00, 0x00, 0x00, 0x00, 0x00,
    0x00, 0x00, 0x00, 0x00, 0x00, 0x00, 0xFF, 0xD1, 0x00, 0x00, 0xFF, 0xDC, 0x00, 0x00, 0xFF, 0xD7,
    0x00, 0x00, 0x00, 0x00, 0x00, 0x00, 0x00, 0x00, 0x00, 0x00, 0x00, 0x00, 0x00, 0x00, 0x00, 0x00,
    0x00, 0x00, 0x00, 0x00, 0x00, 0x00, 0x00, 0x00, 0x00, 0x00, 0xFF, 0xEA, 0x00, 0x00, 0xFF, 0xD8,
    0x00, 0x00, 0xFF, 0xEB, 0x00, 0x00, 0xFF, 0xEF, 0x00, 0x00, 0xFF, 0xDD, 0x00, 0x00, 0x00, 0x00,
    0x00, 0x00, 0x00, 0x00, 0x00, 0x00, 0x00, 0x00, 0x00, 0x00, 0xFF, 0xE8, 0x00, 0x00, 0x00, 0x00,
    0x00, 0x00, 0x00, 0x00, 0x00, 0x00, 0xFF, 0xE7, 0x00, 0x00, 0xFF, 0xB5, 0x00, 0x00, 0xFF, 0x90,
    0x00, 0x00, 0x00, 0x00, 0x00, 0x00, 0xFF, 0xFE, 0x00, 0x00, 0xFF, 0xF4, 0x00, 0x00, 0xFF, 0xC5,
    0x00, 0x00, 0xFF, 0xB3, 0x00, 0x00, 0x00, 0x00, 0x00, 0x00, 0xFF, 0xE4, 0x00, 0x00, 0x00, 0x00,
    0x00, 0x00, 0xFF, 0x9C, 0x00, 0x00, 0x00, 0x00, 0x00, 0x00, 0xFF, 0xD3, 0x00, 0x00, 0xFF, 0xD2,
    0x00, 0x00, 0x00, 0x00, 0x00, 0x00, 0x00, 0x00, 0x00, 0x00, 0x00, 0x00, 0x00, 0x00, 0x00, 0x00,
    0x00, 0x00, 0x00, 0x00, 0x00, 0x00, 0x00, 0x00, 0x00, 0x00, 0x00, 0x00, 0x00, 0x00, 0x00, 0x00,
    0x00, 0x00, 0xFF, 0xF2, 0x00, 0x00, 0x00, 0x00, 0x00, 0x00, 0x00, 0x00, 0x00, 0x00, 0x00, 0x00,
    0x00, 0x00, 0x00, 0x00, 0x00, 0x00, 0x00, 0x00, 0x00, 0x00, 0x00, 0x00, 0x00, 0x00, 0x00, 0x00,
    0x00, 0x00, 0x00, 0x00, 0x00, 0x00, 0xFF, 0xFF, 0x00, 0x00, 0x00, 0x00, 0x00, 0x00, 0x00, 0x00,
    0x00, 0x00, 0x00, 0x00, 0x00, 0x00, 0x00, 0x00, 0x00, 0x00, 0x00, 0x00, 0x00, 0x00, 0x00, 0x00,
    0x00, 0x00, 0x00, 0x00, 0x00, 0x00, 0xFF, 0xEC, 0x00, 0x00, 0xFF, 0xBF, 0x00, 0x00, 0x00, 0x00,
    0x00, 0x00, 0x00, 0x00, 0x00, 0x00, 0x00, 0x00, 0x00, 0x00, 0x00, 0x00, 0x00, 0x00, 0x00, 0x00,
    0x00, 0x00, 0xFF, 0xFA, 0x00, 0x00, 0x00, 0x00, 0x00, 0x00, 0x00, 0x00, 0x00, 0x00, 0xFF, 0xB6,
    0x00, 0x00, 0xFF, 0xFE, 0x00, 0x00, 0x00, 0x00, 0x00, 0x00, 0x00, 0x00, 0x00, 0x00, 0x00, 0x00,
    0x00, 0x00, 0x00, 0x00, 0x00, 0x00, 0x00, 0x00, 0x00, 0x00, 0x00, 0x00, 0x00, 0x00, 0xFF, 0xF0,
    0x00, 0x00, 0xFF, 0xFE, 0x00, 0x00, 0xFF, 0xF2, 0x00, 0x00, 0x00, 0x00, 0x00, 0x00, 0x00, 0x00,
    0x00, 0x00, 0x00, 0x00, 0x00, 0x00, 0x00, 0x00, 0x00, 0x00, 0x00, 0x00, 0x00, 0x00, 0x00, 0x00,
    0x00, 0x00, 0x00, 0x00, 0x00, 0x00, 0x00, 0x00, 0x00, 0x00, 0x00, 0x00, 0x00, 0x00, 0x00, 0x00,
    0x00, 0x00, 0x00, 0x00, 0x00, 0x00, 0x00, 0x00, 0x00, 0x00, 0x00, 0x00, 0x00, 0x00, 0xFF, 0xF5,
    0x00, 0x00, 0x00, 0x00, 0x00, 0x00, 0xFF, 0xF9, 0x00, 0x00, 0x00, 0x00, 0x00, 0x00, 0x00, 0x00,
    0x00, 0x00, 0xFF, 0xE2, 0x00, 0x00, 0xFF, 0xAD, 0x00, 0x00, 0x00, 0x00, 0x00, 0x00, 0x00, 0x00,
    0x00, 0x00, 0x00, 0x00, 0x00, 0x00, 0xFF, 0xF7, 0x00, 0x00, 0xFF, 0xF4, 0x00, 0x00, 0xFF, 0xF9,
    0x00, 0x00, 0x00, 0x00, 0x00, 0x00, 0xFF, 0xFD, 0x00, 0x00, 0xFF, 0xAD, 0x00, 0x00, 0xFF, 0xFD,
    0x00, 0x00, 0xFF, 0xF7, 0x00, 0x00, 0xFF, 0xFA, 0x00, 0x00, 0x00, 0x00, 0x00, 0x00, 0x00, 0x00,
    0x00, 0x00, 0x00, 0x00, 0x00, 0x00, 0x00, 0x00, 0x00, 0x00, 0xFF, 0xD6, 0x00, 0x00, 0xFF, 0xE3,
    0x00, 0x00, 0xFF, 0xDC, 0x00, 0x00, 0x00, 0x00, 0x00, 0x00, 0x00, 0x00, 0x00, 0x00, 0x00, 0x00,
    0x00, 0x00, 0x00, 0x00, 0x00, 0x00, 0x00, 0x00, 0x00, 0x00, 0x00, 0x00, 0x00, 0x00, 0xFF, 0xF4,
    0x00, 0x00, 0xFF, 0xFC, 0x00, 0x00, 0xFF, 0xF5, 0x00, 0x00, 0x00, 0x00, 0x00, 0x00, 0x00, 0x00,
    0x00, 0x00, 0x00, 0x00, 0x00, 0x00, 0xFF, 0xF5, 0x00, 0x00, 0xFF, 0xE7, 0x00, 0x00, 0x00, 0x00,
    0x00, 0x00, 0xFF, 0xEB, 0x00, 0x00, 0x00, 0x00, 0x00, 0x00, 0xFF, 0xFF, 0x00, 0x00, 0xFF, 0xFF,
    0x00, 0x00, 0xFF, 0xDC, 0x00, 0x00, 0xFF, 0xC5, 0x00, 0x00, 0x00, 0x00, 0x00, 0x00, 0xFF, 0xF7,
    0x00, 0x00, 0x00, 0x00, 0x00, 0x00, 0x00, 0x00, 0x00, 0x00, 0xFF, 0xEF, 0x00, 0x00, 0xFF, 0xF7,
    0x00, 0x00, 0x00, 0x00, 0x00, 0x00, 0xFF, 0xBD, 0x00, 0x00, 0xFF, 0xE7, 0x00, 0x00, 0x00, 0x00,
    0x00, 0x00, 0x00, 0x00, 0x00, 0x00, 0x00, 0x00, 0x00, 0x00, 0xFF, 0xED, 0x00, 0x00, 0x00, 0x00,
    0x00, 0x00, 0xFF, 0xEE, 0x00, 0x00, 0x00, 0x00, 0x00, 0x00, 0x00, 0x00, 0x00, 0x00, 0x00, 0x00,
    0x00, 0x00, 0x00, 0x00, 0x00, 0x00, 0xFF, 0xF1, 0x00, 0x00, 0xFF, 0xF1, 0x00, 0x00, 0x00, 0x00,
    0x00, 0x00, 0x00, 0x00, 0x00, 0x00, 0x00, 0x00, 0x00, 0x00, 0xFF, 0xED, 0x00, 0x00, 0xFF, 0xF9,
    0x00, 0x00, 0xFF, 0xEF, 0x00, 0x00, 0x00, 0x00, 0x00, 0x00, 0x00, 0x00, 0x00, 0x00, 0x00, 0x00,
    0x00, 0x00, 0xFF, 0xF1, 0x00, 0x00, 0xFF, 0xDB, 0x00, 0x00, 0x00, 0x00, 0x00, 0x00, 0xFF, 0xEA,
    0x00, 0x00, 0x00, 0x00, 0x00, 0x00, 0xFF, 0xFF, 0x00, 0x00, 0xFF, 0xFC, 0x00, 0x00, 0xFF, 0xDF,
    0x00, 0x00, 0xFF, 0xB3, 0x00, 0x00, 0x00, 0x00, 0x00, 0x00, 0xFF, 0xF5, 0x00, 0x00, 0x00, 0x00,
    0x00, 0x00, 0x00, 0x00, 0x00, 0x00, 0xFF, 0xF4, 0x00, 0x00, 0xFF, 0xF2, 0x00, 0x00, 0x00, 0x00,
    0x00, 0x00, 0xFF, 0xB7, 0x00, 0x00, 0xFF, 0xDC, 0x00, 0x00, 0x00, 0x00, 0x00, 0x00, 0x00, 0x00,
    0x00, 0x00, 0x00, 0x00, 0x00, 0x00, 0xFF, 0xE3, 0x00, 0x00, 0x00, 0x00, 0x00, 0x00, 0xFF, 0xE9,
    0x8B, 0xF4, 0x00, 0x00, 0x00, 0x00, 0x00, 0x00, 0x00, 0x00, 0x00, 0x00, 0x00, 0x00, 0xFF, 0xFB,
    0x00, 0x00, 0xFF, 0xDE, 0x00, 0x00, 0xFF, 0xDE, 0x00, 0x00, 0x00, 0x00, 0x00, 0x00, 0x00, 0x00,
    0x00, 0x00, 0x00, 0x00, 0x00, 0x00, 0x00, 0x00, 0x00, 0x00, 0x00, 0x00, 0x00, 0x00, 0x00, 0x00,
    0x00, 0x00, 0x00, 0x00, 0x00, 0x00, 0x00, 0x00, 0x00, 0x00, 0x00, 0x00, 0x00, 0x00, 0x00, 0x00,
    0x00, 0x00, 0xFF, 0xE9, 0x00, 0x00, 0x00, 0x00, 0x00, 0x00, 0xFF, 0xF2, 0x8B, 0xF4, 0x00, 0x00,
    0x00, 0x00, 0x00, 0x00, 0x00, 0x00, 0xFF, 0xF1, 0x00, 0x00, 0xFF, 0xD8, 0x00, 0x00, 0xFF, 0xD9,
    0x00, 0x00, 0x00, 0x00, 0x00, 0x00, 0x00, 0x00, 0x00, 0x00, 0xFF, 0xFC, 0x00, 0x00, 0xFF, 0xF9,
    0x00, 0x00, 0xFF, 0xEE, 0x00, 0x00, 0x00, 0x00, 0x00, 0x00, 0xFF, 0xFA, 0x00, 0x00, 0xFF, 0xDE,
    0x00, 0x00, 0x00, 0x00, 0x00, 0x00, 0x00, 0x00, 0x00, 0x00, 0x00, 0x00, 0x00, 0x00, 0x00, 0x00,
    0x00, 0x00, 0x00, 0x00, 0x00, 0x00, 0x00, 0x00, 0x00, 0x00, 0x00, 0x00, 0x00, 0x00, 0xFF, 0xEF,
    0x00, 0x00, 0x00, 0x00, 0x00, 0x00, 0xFF, 0xF3, 0x00, 0x00, 0x00, 0x00, 0x00, 0x00, 0x00, 0x00,
    0x00, 0x00, 0x00, 0x00, 0x00, 0x00, 0x00, 0x00, 0x00, 0x00, 0x00, 0x00, 0x00, 0x00, 0x00, 0x00,
    0x00, 0x00, 0x00, 0x00, 0x00, 0x00, 0x00, 0x00, 0x00, 0x00, 0x00, 0x00, 0x00, 0x00, 0x00, 0x00,
    0x00, 0x00, 0x00, 0x00, 0x00, 0x00, 0x00, 0x00, 0x00, 0x00, 0x00, 0x00, 0x00, 0x00, 0x00, 0x00,
    0x00, 0x00, 0x00, 0x00, 0x00, 0x00, 0x00, 0x00, 0x00, 0x00, 0x00, 0x00, 0x00, 0x00, 0x00, 0x00,
    0x00, 0x00, 0xFF, 0xF2, 0x00, 0x00, 0xFF, 0xD8, 0x00, 0x00, 0x00, 0x00, 0x00, 0x00, 0x00, 0x00,
    0x00, 0x00, 0x00, 0x00, 0x00, 0x00, 0xFF, 0xFC, 0x00, 0x00, 0x00, 0x00, 0x00, 0x00, 0x00, 0x00,
    0x00, 0x00, 0x00, 0x00, 0x00, 0x00, 0x00, 0x00, 0x00, 0x00, 0xFF, 0xE0, 0x00, 0x00, 0x00, 0x00,
    0x00, 0x00, 0x00, 0x00, 0x00, 0x00, 0x00, 0x00, 0x00, 0x00, 0x00, 0x00, 0x00, 0x00, 0x00, 0x00,
    0x00, 0x00, 0x00, 0x00, 0x00, 0x00, 0x00, 0x00, 0x00, 0x00, 0xFF, 0xEF, 0x00, 0x00, 0x00, 0x00,
    0x00, 0x00, 0xFF, 0xF2, 0x00, 0x00, 0x00, 0x00, 0x00, 0x00, 0x00, 0x00, 0x00, 0x00, 0x00, 0x00,
    0x00, 0x00, 0x00, 0x00, 0x00, 0x00, 0x00, 0x00, 0x00, 0x00, 0x00, 0x00, 0x00, 0x00, 0xFF, 0xF4,
    0x00, 0x00, 0xFF, 0xFA, 0x00, 0x00, 0xFF, 0xF5, 0x00, 0x00, 0x00, 0x00, 0x00, 0x00, 0x00, 0x00,
    0x00, 0x00, 0x00, 0x00, 0x00, 0x00, 0xFF, 0xFC, 0x00, 0x00, 0x00, 0x00, 0x00, 0x00, 0x00, 0x00,
    0x00, 0x00, 0x00, 0x00, 0x00, 0x00, 0x00, 0x00, 0x00, 0x00, 0xFF, 0xFD, 0x00, 0x00, 0xFF, 0xF6,
    0x00, 0x00, 0xFF, 0xEA, 0x00, 0x00, 0x00, 0x00, 0x00, 0x00, 0x00, 0x00, 0x00, 0x00, 0xFF, 0xFD,
    0x00, 0x00, 0x00, 0x00, 0x00, 0x00, 0x00, 0x00, 0x00, 0x00, 0x00, 0x00, 0x00, 0x00, 0xFF, 0xF8,
    0x00, 0x00, 0x00, 0x00, 0x00, 0x00, 0xFF, 0xED, 0x00, 0x00, 0xFF, 0xD4, 0x00, 0x00, 0x00, 0x00,
    0x00, 0x00, 0x00, 0x00, 0x00, 0x00, 0x00, 0x00, 0x00, 0x00, 0xFF, 0xE1, 0x00, 0x00, 0x00, 0x00,
    0x00, 0x00, 0x00, 0x00, 0x00, 0x00, 0x00, 0x00, 0x00, 0x00, 0x00, 0x00, 0x00, 0x00, 0x00, 0x00,
    0x00, 0x00, 0x00, 0x00, 0x00, 0x00, 0xFF, 0xEB, 0x00, 0x00, 0xFF, 0xEB, 0x00, 0x00, 0x00, 0x00,
    0x00, 0x00, 0x00, 0x00, 0x00, 0x00, 0x00, 0x00, 0x00, 0x00, 0xFF, 0xEB, 0x00, 0x00, 0xFF, 0xEE,
    0x00, 0x00, 0xFF, 0xED, 0x00, 0x00, 0x00, 0x00, 0x00, 0x00, 0x00, 0x00, 0x00, 0x00, 0xFF, 0xFC,
    0x00, 0x00, 0xFF, 0xFC, 0x00, 0x00, 0x00, 0x00, 0x00, 0x00, 0xFF, 0xEF, 0x00, 0x00, 0x00, 0x00,
    0x00, 0x00, 0x00, 0x00, 0x00, 0x00, 0xFF, 0xFA, 0x00, 0x00, 0x00, 0x00, 0x00, 0x00, 0x00, 0x00,
    0x00, 0x00, 0x00, 0x00, 0x00, 0x00, 0x00, 0x00, 0x00, 0x00, 0xFF, 0xF6, 0x00, 0x00, 0xFF, 0xF3,
    0x00, 0x00, 0xFF, 0xF0, 0x00, 0x00, 0x00, 0x00, 0x00, 0x00, 0xFF, 0xEC, 0x00, 0x00, 0x00, 0x00,
    0x00, 0x00, 0x00, 0x00, 0x00, 0x00, 0xFF, 0xD3, 0x00, 0x00, 0xFF, 0xF5, 0x00, 0x00, 0xFF, 0xF7,
    0x00, 0x00, 0x00, 0x00, 0x00, 0x00, 0xFF, 0xEA, 0x00, 0x00, 0x00, 0x00, 0x00, 0x00, 0x00, 0x00,
    0x00, 0x00, 0x00, 0x00, 0x00, 0x00, 0x00, 0x00, 0x00, 0x00, 0x00, 0x00, 0x00, 0x00, 0xFF, 0xF4,
    0x00, 0x00, 0xFF, 0xF8, 0x00, 0x00, 0xFF, 0xF8, 0x00, 0x00, 0x00, 0x00, 0x00, 0x00, 0x00, 0x00,
    0x00, 0x00, 0x00, 0x00, 0x00, 0x00, 0xFF, 0xF3, 0x00, 0x00, 0xFF, 0xEF, 0x00, 0x00, 0xFF, 0xF5,
    0x00, 0x00, 0xFF, 0xF6, 0x00, 0x00, 0xFF, 0xEB, 0x00, 0x00, 0x00, 0x00, 0x00, 0x00, 0x00, 0x00,
    0x00, 0x00, 0x00, 0x00, 0x00, 0x00, 0xFF, 0xF7, 0x00, 0x00, 0x00, 0x00, 0x00, 0x00, 0x00, 0x00,
    0x00, 0x00, 0xFF, 0xF9, 0x00, 0x00, 0xFF, 0xE1, 0x00, 0x00, 0xFF, 0xCF, 0x00, 0x00, 0x00, 0x00,
    0x00, 0x00, 0x00, 0x00, 0x00, 0x00, 0xFF, 0xFB, 0x00, 0x00, 0xFF, 0xEB, 0x00, 0x00, 0xFF, 0xE3,
    0x00, 0x00, 0x00, 0x00, 0x00, 0x00, 0xFF, 0xF2, 0x00, 0x00, 0x00, 0x00, 0x00, 0x00, 0xFF, 0xD5,
    0x00, 0x00, 0xFF, 0xCF, 0x00, 0x00, 0xFF, 0xE8, 0x00, 0x00, 0xFF, 0xE9, 0x00, 0x00, 0x00, 0x00,
    0x00, 0x00, 0xFF, 0xD8, 0x00, 0x00, 0xFF, 0xFE, 0x00, 0x00, 0xFF, 0xF1, 0x00, 0x00, 0xFF, 0xD2,
    0x00, 0x00, 0xFF, 0xD2, 0x00, 0x00, 0xFF, 0xD2, 0x00, 0x00, 0xFF, 0xE9, 0x00, 0x00, 0xFF, 0xFF,
    0x00, 0x00, 0xFF, 0xFF, 0x00, 0x00, 0xFF, 0xF6, 0x00, 0x00, 0x00, 0x00, 0x00, 0x00, 0x00, 0x00,
    0x00, 0x00, 0xFF, 0xDD, 0x00, 0x00, 0xFF, 0xFC, 0x00, 0x00, 0xFF, 0xE1, 0x00, 0x00, 0x00, 0x0A,
    0x00, 0x00, 0x00, 0x00, 0x00, 0x00, 0x00, 0x00, 0x00, 0x00, 0xFF, 0xD9, 0x00, 0x00, 0xFF, 0xC2,
    0x00, 0x00, 0x00, 0x00, 0x00, 0x00, 0xFF, 0xE4, 0x00, 0x00, 0x00, 0x00, 0x00, 0x00, 0xFF, 0xFF,
    0x00, 0x00, 0xFF, 0xFF, 0x00, 0x00, 0xFF, 0xDE, 0x00, 0x00, 0xFF, 0x99, 0x00, 0x00, 0x00, 0x00,
    0x00, 0x00, 0xFF, 0xF5, 0x00, 0x00, 0x00, 0x00, 0x00, 0x00, 0x00, 0x00, 0x00, 0x00, 0xFF, 0xFD,
    0x00, 0x00, 0xFF, 0xEC, 0x00, 0x00, 0x00, 0x00, 0x00, 0x00, 0xFF, 0xAE, 0x00, 0x00, 0xFF, 0xAE,
    0x00, 0x00, 0x00, 0x00, 0x00, 0x00, 0x00, 0x00, 0x00, 0x00, 0x00, 0x00, 0x00, 0x00, 0xFF, 0xCE,
    0x00, 0x00, 0x00, 0x00, 0x00, 0x00, 0xFF, 0xEA, 0x00, 0x00, 0x00, 0x00, 0x00, 0x00, 0x00, 0x00,
    0x00, 0x00, 0x00, 0x00, 0x00, 0x00, 0x00, 0x00, 0x00, 0x00, 0xFF, 0xAF, 0x00, 0x00, 0xFF, 0xAF,
    0x00, 0x00, 0x00, 0x0A, 0x00, 0x00, 0x00, 0x00, 0x00, 0x00, 0x00, 0x00, 0x00, 0x00, 0xFF, 0xF2,
    0x00, 0x00, 0xFF, 0xFA, 0x00, 0x00, 0xFF, 0xF4, 0x00, 0x00, 0x00, 0x00, 0x00, 0x00, 0xFF, 0xFC,
    0x00, 0x00, 0x00, 0x00, 0x00, 0x00, 0xFF, 0xFD, 0x00, 0x00, 0x00, 0x00, 0x00, 0x00, 0x00, 0x00,
    0x00, 0x00, 0x00, 0x00, 0x00, 0x00, 0x00, 0x00, 0x00, 0x00, 0x00, 0x00, 0x00, 0x00, 0xFF, 0xF7,
    0x00, 0x00, 0xFF, 0xCE, 0x00, 0x00, 0x00, 0x00, 0x00, 0x00, 0x00, 0x00, 0x00, 0x00, 0xFF, 0xFD,
    0x00, 0x00, 0x00, 0x00, 0x00, 0x00, 0x00, 0x00, 0x00, 0x00, 0x00, 0x00, 0x00, 0x00, 0xFF, 0xF6,
    0x00, 0x00, 0x00, 0x00, 0x00, 0x00, 0xFF, 0xB2, 0x00, 0x00, 0xFF, 0xCF, 0x00, 0x00, 0x00, 0x00,
    0x00, 0x00, 0x00, 0x00, 0x00, 0x00, 0x00, 0x00, 0x00, 0x00, 0xFF, 0xDE, 0x00, 0x00, 0x00, 0x00,
    0x00, 0x00, 0x00, 0x00, 0x00, 0x00, 0x00, 0x00, 0x00, 0x00, 0x00, 0x00, 0x00, 0x00, 0x00, 0x00,
    0x00, 0x00, 0x00, 0x00, 0x00, 0x00, 0xFF, 0xF1, 0x00, 0x00, 0xFF, 0xF1, 0x00, 0x00, 0x00, 0x00,
    0x00, 0x00, 0x00, 0x00, 0x00, 0x00, 0x00, 0x00, 0x00, 0x00, 0xFF, 0xFC, 0x00, 0x00, 0x00, 0x00,
    0x00, 0x00, 0xFF, 0xFF, 0x00, 0x00, 0x00, 0x00, 0x00, 0x00, 0x00, 0x00, 0x00, 0x00, 0xFF, 0xFF,
    0x00, 0x00, 0xFF, 0xFC, 0x00, 0x00, 0xFF, 0xEA, 0x00, 0x00, 0xFF, 0xFC, 0x00, 0x00, 0x00, 0x00,
    0x00, 0x00, 0x00, 0x00, 0x00, 0x00, 0x00, 0x00, 0x00, 0x00, 0x00, 0x00, 0x00, 0x00, 0x00, 0x00,
    0x00, 0x00, 0xFF, 0xDF, 0x00, 0x00, 0x00, 0x00, 0x00, 0x00, 0x00, 0x00, 0x00, 0x00, 0x00, 0x00,
    0x00, 0x00, 0x00, 0x00, 0x00, 0x00, 0x00, 0x00, 0x00, 0x00, 0x00, 0x00, 0x00, 0x00, 0xFF, 0xFF,
    0x00, 0x00, 0x00, 0x00, 0x00, 0x00, 0xFF, 0xF4, 0x00, 0x00, 0x00, 0x00, 0x00, 0x00, 0x00, 0x00,
    0x00, 0x00, 0x00, 0x00, 0x00, 0x00, 0x00, 0x00, 0x00, 0x00, 0x00, 0x00, 0x00, 0x00, 0x00, 0x00,
    0x00, 0x00, 0x00, 0x00, 0x00, 0x00, 0x00, 0x00, 0x00, 0x00, 0x00, 0x00, 0x00, 0x00, 0x00, 0x00,
    0x00, 0x00, 0x00, 0x00, 0x00, 0x00, 0x00, 0x00, 0x00, 0x00, 0x00, 0x00, 0x00, 0x00, 0x00, 0x00,
    0x00, 0x00, 0x00, 0x00, 0x00, 0x00, 0xFF, 0xAA, 0x00, 0x00, 0xFF, 0xDD, 0x00, 0x00, 0xFF, 0xAD,
    0x00, 0x00, 0x00, 0x00, 0x00, 0x00, 0x00, 0x00, 0x00, 0x00, 0xFF, 0xB6, 0x00, 0x00, 0xFF, 0xAD,
    0x00, 0x00, 0xFF, 0xAC, 0x00, 0x00, 0xFF, 0xB7, 0x00, 0x00, 0x00, 0x00, 0x00, 0x00, 0x00, 0x00,
    0x00, 0x00, 0xFF, 0xEC, 0x00, 0x00, 0x00, 0x00, 0x00, 0x00, 0x00, 0x00, 0x00, 0x00, 0xFF, 0x9C,
    0x00, 0x00, 0x00, 0x00, 0x00, 0x00, 0xFF, 0xAE, 0x00, 0x00, 0xFF, 0xBD, 0x00, 0x00, 0xFF, 0xB6,
    0x00, 0x00, 0x00, 0x00, 0x00, 0x00, 0xFF, 0xAB, 0x00, 0x00, 0xFF, 0xB2, 0x00, 0x00, 0x00, 0x00,
    0x00, 0x00, 0xFF, 0x9C, 0x00, 0x00, 0xFF, 0xD7, 0x00, 0x00, 0xFF, 0xD9, 0x00, 0x00, 0xFF, 0xC2,
    0x00, 0x00, 0xFF, 0xA0, 0x00, 0x00, 0xFF, 0xB6, 0x00, 0x00, 0xFF, 0xE8, 0x00, 0x00, 0x00, 0x00,
    0x00, 0x00, 0x00, 0x00, 0x00, 0x00, 0x00, 0x00, 0x00, 0x00, 0xFF, 0xE6, 0x00, 0x00, 0xFF, 0x90,
    0x00, 0x00, 0xFF, 0x90, 0x00, 0x00, 0x00, 0x00, 0x00, 0x00, 0x00, 0x00, 0x00, 0x00, 0xFF, 0xFF,
    0x00, 0x00, 0x00, 0x00, 0x00, 0x00, 0x00, 0x00, 0x00, 0x00, 0x00, 0x00, 0x00, 0x00, 0x00, 0x00,
    0x00, 0x00, 0xFF, 0xFC, 0x00, 0x00, 0x00, 0x00, 0x00, 0x00, 0x00, 0x00, 0x00, 0x00, 0xFF, 0xF2,
    0x00, 0x00, 0x00, 0x00, 0x00, 0x00, 0xFF, 0xEE, 0x00, 0x00, 0x00, 0x00, 0x00, 0x00, 0x00, 0x00,
    0x00, 0x00, 0xFF, 0xE0, 0x00, 0x00, 0xFF, 0xAD, 0x00, 0x00, 0xFF, 0xEB, 0x00, 0x00, 0x00, 0x00,
    0x00, 0x00, 0x00, 0x00, 0x00, 0x00, 0xFF, 0xF5, 0x00, 0x00, 0xFF, 0xEF, 0x00, 0x00, 0xFF, 0xEE,
    0x00, 0x00, 0x00, 0x00, 0x00, 0x00, 0xFF, 0xF4, 0x00, 0x00, 0xFF, 0xAD, 0x00, 0x00, 0x00, 0x00,
    0x00, 0x00, 0xFF, 0xF1, 0x00, 0x00, 0xFF, 0xF4, 0x00, 0x00, 0xFF, 0xFE, 0x00, 0x00, 0x00, 0x00,
    0x00, 0x00, 0x00, 0x00, 0x00, 0x00, 0x00, 0x00, 0x00, 0x00, 0xFF, 0xCC, 0x00, 0x00, 0xFF, 0xD6,
    0x00, 0x00, 0xFF, 0xD2, 0x00, 0x00, 0x00, 0x00, 0x00, 0x00, 0x00, 0x00, 0x00, 0x00, 0x00, 0x00,
    0x00, 0x00, 0x00, 0x00, 0x00, 0x00, 0x00, 0x00, 0x00, 0x00, 0xFF, 0xF2, 0x00, 0x00, 0x00, 0x00,
    0x00, 0x00, 0x00, 0x00, 0x00, 0x00, 0x00, 0x00, 0x00, 0x00, 0xFF, 0xED, 0x00, 0x00, 0xFF, 0xF4,
    0x00, 0x00, 0xFF, 0xFE, 0x00, 0x00, 0xFF, 0xF1, 0x00, 0x00, 0xFF, 0xD7, 0x00, 0x00, 0xFF, 0xFE,
    0x00, 0x00, 0xFF, 0xD4, 0x00, 0x00, 0xFF, 0xFE, 0x00, 0x00, 0x00, 0x00, 0x00, 0x00, 0xFF, 0xD1,
    0x00, 0x00, 0xFF, 0x98, 0x00, 0x00, 0x00, 0x00, 0x00, 0x00, 0xFF, 0xFE, 0x00, 0x00, 0xFF, 0xFD,
    0x00, 0x00, 0xFF, 0xE7, 0x00, 0x00, 0xFF, 0xDB, 0x00, 0x00, 0xFF, 0xD3, 0x00, 0x00, 0x00, 0x00,
    0x00, 0x00, 0xFF, 0xCC, 0x00, 0x00, 0xFF, 0x9C, 0x00, 0x00, 0x00, 0x00, 0x00, 0x00, 0xFF, 0xD4,
    0x00, 0x00, 0xFF, 0xD4, 0x00, 0x00, 0x00, 0x00, 0x00, 0x00, 0x00, 0x00, 0x00, 0x00, 0x00, 0x00,
    0x00, 0x00, 0x00, 0x00, 0x00, 0x00, 0x00, 0x00, 0x00, 0x00, 0x00, 0x00, 0x00, 0x00, 0x00, 0x00,
    0x00, 0x00, 0x00, 0x00, 0x00, 0x00, 0x00, 0x00, 0x00, 0x00, 0x00, 0x00, 0x00, 0x00, 0x00, 0x00,
    0x00, 0x00, 0x00, 0x00, 0x00, 0x00, 0x00, 0x00, 0x00, 0x00, 0xFF, 0xF0, 0x00, 0x00, 0x00, 0x00,
    0x00, 0x00, 0xFF, 0xF3, 0x00, 0x00, 0x00, 0x00, 0x00, 0x00, 0x00, 0x00, 0x00, 0x00, 0x00, 0x00,
    0x00, 0x00, 0x00, 0x00, 0x00, 0x00, 0x00, 0x00, 0x00, 0x00, 0x00, 0x00, 0x00, 0x00, 0x00, 0x00,
    0x00, 0x00, 0x00, 0x00, 0x00, 0x00, 0x00, 0x00, 0x00, 0x00, 0xFF, 0xFC, 0x00, 0x00, 0xFF, 0xD0,
    0x00, 0x00, 0x00, 0x00, 0x00, 0x00, 0x00, 0x00, 0x00, 0x00, 0x00, 0x00, 0x00, 0x00, 0x00, 0x00,
    0x00, 0x00, 0x00, 0x00, 0x00, 0x00, 0x00, 0x00, 0x00, 0x00, 0xFF, 0xF2, 0x00, 0x00, 0x00, 0x00,
    0x00, 0x00, 0xFF, 0xC3, 0x00, 0x00, 0xFF, 0xC0, 0x00, 0x00, 0x00, 0x00, 0x00, 0x00, 0x00, 0x00,
    0x00, 0x00, 0x00, 0x00, 0x00, 0x00, 0xFF, 0xD6, 0x00, 0x00, 0x00, 0x00, 0x00, 0x00, 0x00, 0x00,
    0x00, 0x00, 0xFF, 0xFE, 0x00, 0x00, 0x00, 0x00, 0x00, 0x00, 0x00, 0x00, 0x00, 0x00, 0x00, 0x00,
    0x00, 0x00, 0xFF, 0xF1, 0x00, 0x00, 0xFF, 0xF1, 0x00, 0x00, 0x00, 0x00, 0x00, 0x00, 0x00, 0x00,
    0x00, 0x00, 0x00, 0x00, 0x00, 0x00, 0xFF, 0xDA, 0x00, 0x00, 0xFF, 0xD1, 0x00, 0x00, 0xFF, 0xDE,
    0x00, 0x00, 0x00, 0x00, 0x00, 0x00, 0x00, 0x00, 0x00, 0x00, 0x00, 0x00, 0x00, 0x00, 0xFF, 0xF2,
    0x00, 0x00, 0x00, 0x00, 0x00, 0x00, 0xFF, 0xE4, 0x00, 0x00, 0x00, 0x00, 0x00, 0x00, 0x00, 0x00,
    0x00, 0x00, 0xFF, 0xDC, 0x00, 0x00, 0x00, 0x00, 0x00, 0x00, 0x00, 0x00, 0x00, 0x00, 0x00, 0x00,
    0x00, 0x00, 0x00, 0x00, 0x00, 0x00, 0xFF, 0xE5, 0x00, 0x00, 0xFF, 0xDB, 0x00, 0x00, 0xFF, 0xD3,
    0x00, 0x00, 0x00, 0x00, 0x00, 0x00, 0xFF, 0xE1, 0x00, 0x00, 0x00, 0x00, 0x00, 0x00, 0x00, 0x00,
    0x00, 0x00, 0xFF, 0xB8, 0x00, 0x00, 0xFF, 0xE9, 0x00, 0x00, 0xFF, 0xE5, 0x00, 0x00, 0x00, 0x00,
    0x00, 0x00, 0xFF, 0xCC, 0x00, 0x00, 0x00, 0x00, 0x00, 0x00, 0xFF, 0xED, 0x00, 0x00, 0x00, 0x00,
    0x00, 0x00, 0xFF, 0xF2, 0x00, 0x00, 0x00, 0x00, 0x00, 0x00, 0xFF, 0xE1, 0x00, 0x00, 0xFF, 0xDC,
    0x00, 0x00, 0xFF, 0xDC, 0x00, 0x00, 0x00, 0x00, 0x00, 0x00, 0x00, 0x00, 0x00, 0x00, 0x00, 0x00,
    0x00, 0x00, 0xFF, 0xFE, 0x00, 0x00, 0x00, 0x00, 0x00, 0x00, 0xFF, 0xFE, 0x00, 0x00, 0x00, 0x00,
    0x00, 0x00, 0x00, 0x00, 0x00, 0x00, 0x00, 0x00, 0x00, 0x00, 0x00, 0x00, 0x00, 0x00, 0x00, 0x00,
    0x00, 0x00, 0x00, 0x00, 0x00, 0x00, 0x00, 0x00, 0x00, 0x00, 0x00, 0x00, 0x00, 0x00, 0x00, 0x00,
    0x00, 0x00, 0xFF, 0xF0, 0x00, 0x00, 0xFF, 0xCF, 0x00, 0x00, 0x00, 0x00, 0x00, 0x00, 0x00, 0x00,
    0x00, 0x00, 0x00, 0x00, 0x00, 0x00, 0x00, 0x00, 0x00, 0x00, 0x00, 0x00, 0x00, 0x00, 0x00, 0x00,
    0x00, 0x00, 0xFF, 0xF5, 0x00, 0x00, 0x00, 0x00, 0x00, 0x00, 0xFF, 0xC2, 0x00, 0x00, 0x00, 0x00,
    0x00, 0x00, 0x00, 0x00, 0x00, 0x00, 0x00, 0x00, 0x00, 0x00, 0x00, 0x00, 0x00, 0x00, 0x00, 0x00,
    0x00, 0x00, 0x00, 0x00, 0x00, 0x00, 0x00, 0x00, 0x00, 0x00, 0x00, 0x00, 0x00, 0x00, 0x00, 0x00,
    0x00, 0x00, 0x00, 0x00, 0x00, 0x00, 0x00, 0x00, 0x00, 0x00, 0xFF, 0xEE, 0x00, 0x00, 0x00, 0x00,
    0x00, 0x00, 0x00, 0x00, 0x00, 0x00, 0x00, 0x00, 0x00, 0x00, 0x00, 0x00, 0x00, 0x00, 0xFF, 0xF5,
    0x00, 0x00, 0x00, 0x00, 0x00, 0x00, 0x00, 0x00, 0x00, 0x00, 0x00, 0x00, 0x00, 0x00, 0x00, 0x00,
    0x00, 0x00, 0x00, 0x00, 0x00, 0x00, 0x00, 0x00, 0x00, 0x00, 0x00, 0x00, 0x00, 0x00, 0x00, 0x00,
    0x00, 0x00, 0x00, 0x00, 0x00, 0x00, 0x00, 0x00, 0x00, 0x00, 0x00, 0x00, 0x00, 0x00, 0xFF, 0xEF,
    0x00, 0x00, 0xFF, 0xC8, 0x00, 0x00, 0x00, 0x00, 0x00, 0x00, 0x00, 0x00, 0x00, 0x00, 0x00, 0x00,
    0x00, 0x00, 0x00, 0x00, 0x00, 0x00, 0x00, 0x00, 0x00, 0x00, 0x00, 0x00, 0x00, 0x00, 0xFF, 0xF4,
    0x00, 0x00, 0x00, 0x00, 0x00, 0x00, 0xFF, 0xB6, 0x00, 0x00, 0x00, 0x00, 0x00, 0x00, 0x00, 0x00,
    0x00, 0x00, 0x00, 0x00, 0x00, 0x00, 0x00, 0x00, 0x00, 0x00, 0x00, 0x00, 0x00, 0x00, 0x00, 0x00,
    0x00, 0x00, 0x00, 0x00, 0x00, 0x00, 0x00, 0x00, 0x00, 0x00, 0x00, 0x00, 0x00, 0x00, 0x00, 0x00,
    0x00, 0x00, 0x00, 0x00, 0x00, 0x00, 0xFF, 0xF5, 0x00, 0x00, 0x00, 0x00, 0x00, 0x00, 0x00, 0x00,
    0x00, 0x00, 0x00, 0x00, 0x00, 0x00, 0x00, 0x00, 0x00, 0x00, 0x00, 0x00, 0x00, 0x00, 0x00, 0x00,
    0x00, 0x00, 0x00, 0x00, 0x00, 0x00, 0xFF, 0xEF, 0x00, 0x00, 0x00, 0x00, 0x00, 0x00, 0x00, 0x00,
    0x00, 0x00, 0x00, 0x00, 0x00, 0x00, 0xFF, 0xDE, 0x00, 0x00, 0x00, 0x00, 0x00, 0x00, 0xFF, 0xE1,
    0x00, 0x00, 0x00, 0x00, 0x00, 0x00, 0x00, 0x00, 0x00, 0x00, 0xFF, 0xD7, 0x00, 0x00, 0xFF, 0xA3,
    0x00, 0x00, 0x00, 0x00, 0x00, 0x00, 0x00, 0x00, 0x00, 0x00, 0x00, 0x00, 0x00, 0x00, 0xFF, 0xED,
    0x00, 0x00, 0xFF, 0xE3, 0x00, 0x00, 0xFF, 0xEA, 0x00, 0x00, 0x00, 0x00, 0x00, 0x00, 0xFF, 0xDE,
    0x00, 0x00, 0xFF, 0xA0, 0x00, 0x00, 0x00, 0x00, 0x00, 0x00, 0xFF, 0xDE, 0x00, 0x00, 0xFF, 0xDF,
    0x00, 0x00, 0x00, 0x00, 0x00, 0x00, 0x00, 0x00, 0x00, 0x00, 0x00, 0x00, 0x00, 0x00, 0x00, 0x00,
    0x00, 0x00, 0x00, 0x00, 0x00, 0x00, 0x00, 0x00, 0x00, 0x00, 0x00, 0x00, 0x00, 0x00, 0x00, 0x00,
    0x00, 0x00, 0x00, 0x00, 0x00, 0x00, 0x00, 0x00, 0x00, 0x00, 0x00, 0x00, 0x00, 0x00, 0x00, 0x00,
    0x00, 0x00, 0x00, 0x00, 0x00, 0x00, 0xFF, 0xE3, 0x00, 0x00, 0xFF, 0xF3, 0x00, 0x00, 0xFF, 0xE3,
    0x00, 0x00, 0x00, 0x00, 0x00, 0x00, 0x00, 0x00, 0x00, 0x00, 0x00, 0x00, 0x00, 0x00, 0xFF, 0xF2,
    0x00, 0x00, 0x00, 0x00, 0x00, 0x00, 0x00, 0x00, 0x00, 0x00, 0x00, 0x00, 0x00, 0x00, 0x00, 0x00,
    0x00, 0x00, 0xFF, 0xFC, 0x00, 0x00, 0x00, 0x00, 0x00, 0x00, 0xFF, 0xE5, 0x00, 0x00, 0x00, 0x00,
    0x00, 0x00, 0x00, 0x00, 0x00, 0x00, 0xFF, 0xED, 0x00, 0x00, 0x00, 0x00, 0x00, 0x00, 0x00, 0x00,
    0x00, 0x00, 0x00, 0x00, 0x00, 0x00, 0xFF, 0xED, 0x00, 0x00, 0x00, 0x00, 0x00, 0x00, 0xFF, 0xC2,
    0x00, 0x00, 0xFF, 0xB0, 0x00, 0x00, 0x00, 0x00, 0x00, 0x00, 0x00, 0x00, 0x00, 0x00, 0x00, 0x00,
    0x00, 0x00, 0xFF, 0xC8, 0x00, 0x00, 0x00, 0x00, 0x00, 0x00, 0xFF, 0xEF, 0x00, 0x00, 0xFF, 0xFE,
    0x00, 0x00, 0x00, 0x00, 0x00, 0x00, 0x00, 0x00, 0x00, 0x00, 0xFF, 0xFA, 0x00, 0x00, 0xFF, 0xE0,
    0x00, 0x00, 0xFF, 0xE0, 0x00, 0x00, 0x00, 0x00, 0x00, 0x00, 0x00, 0x00, 0x00, 0x00, 0x00, 0x00,
    0x00, 0x00, 0x00, 0x00, 0x00, 0x00, 0x00, 0x00, 0x00, 0x00, 0x00, 0x00, 0x00, 0x00, 0x00, 0x00,
    0x00, 0x00, 0x00, 0x00, 0x00, 0x00, 0x00, 0x00, 0x00, 0x00, 0x00, 0x00, 0x00, 0x00, 0xFF, 0xE7,
    0x00, 0x00, 0x00, 0x00, 0x00, 0x00, 0x00, 0x00, 0x00, 0x00, 0x00, 0x00, 0x00, 0x00, 0x00, 0x00,
    0x00, 0x00, 0xFF, 0xEB, 0x00, 0x00, 0xFF, 0xE4, 0x00, 0x00, 0x00, 0x00, 0x00, 0x00, 0x00, 0x00,
    0x00, 0x00, 0x00, 0x00, 0x00, 0x00, 0xFF, 0xEE, 0x00, 0x00, 0xFF, 0xE9, 0x8B, 0xF4, 0x00, 0x00,
    0x00, 0x00, 0x00, 0x00, 0x00, 0x00, 0x00, 0x00, 0x00, 0x00, 0xFF, 0xE8, 0x00, 0x00, 0x00, 0x00,
    0x00, 0x00, 0xFF, 0xFE, 0x00, 0x00, 0xFF, 0xF0, 0x00, 0x00, 0x00, 0x00, 0x00, 0x00, 0x00, 0x00,
    0x00, 0x00, 0x00, 0x00, 0x00, 0x00, 0x00, 0x00, 0x00, 0x00, 0x00, 0x00, 0x00, 0x00, 0x00, 0x00,
    0x00, 0x00, 0x00, 0x00, 0x00, 0x00, 0x00, 0x00, 0x00, 0x00, 0xFF, 0xEA, 0x00, 0x00, 0x00, 0x00,
    0x00, 0x00, 0x00, 0x00, 0x00, 0x00, 0x00, 0x00, 0x00, 0x00, 0x00, 0x00, 0x00, 0x00, 0xFF, 0xCD,
    0x8B, 0xF4, 0xFF, 0xEC, 0x00, 0x00, 0xFF, 0xCC, 0x00, 0x00, 0x00, 0x00, 0x00, 0x00, 0x00, 0x00,
    0x00, 0x00, 0xFF, 0xF0, 0x00, 0x00, 0xFF, 0xD3, 0x00, 0x00, 0xFF, 0xAD, 0x00, 0x00, 0xFF, 0xF3,
    0x00, 0x00, 0x00, 0x00, 0x00, 0x00, 0x00, 0x00, 0x00, 0x00, 0x00, 0x00, 0x00, 0x00, 0x00, 0x00,
    0x00, 0x00, 0x00, 0x00, 0x00, 0x00, 0x00, 0x00, 0x00, 0x00, 0x00, 0x00, 0x00, 0x00, 0xFF, 0xDD,
    0x00, 0x00, 0x00, 0x00, 0x00, 0x00, 0x00, 0x00, 0x00, 0x00, 0x00, 0x00, 0x00, 0x00, 0xFF, 0xD3,
    0x00, 0x00, 0xFF, 0xFE, 0x00, 0x00, 0x00, 0x00, 0x00, 0x00, 0x00, 0x00, 0x00, 0x00, 0x00, 0x00,
    0x00, 0x00, 0x00, 0x00, 0x00, 0x00, 0x00, 0x00, 0x00, 0x00, 0x00, 0x00, 0x00, 0x00, 0x00, 0x00,
    0x00, 0x00, 0x00, 0x00, 0x00, 0x00, 0x00, 0x00, 0x00, 0x00, 0x00, 0x00, 0x00, 0x00, 0x00, 0x00,
    0x00, 0x00, 0x00, 0x00, 0x00, 0x00, 0xFF, 0x96, 0x00, 0x00, 0x00, 0x00, 0x00, 0x00, 0x00, 0x00,
    0x00, 0x00, 0x00, 0x00, 0x00, 0x00, 0x00, 0x00, 0x00, 0x00, 0xFF, 0xD5, 0x00, 0x00, 0xFF, 0xF3,
    0x00, 0x00, 0xFF, 0xD4, 0x00, 0x00, 0x00, 0x00, 0x00, 0x00, 0x00, 0x00, 0x00, 0x00, 0xFF, 0xF4,
    0x00, 0x00, 0xFF, 0xDB, 0x00, 0x00, 0xFF, 0xB2, 0x00, 0x00, 0xFF, 0xFE, 0x00, 0x00, 0x00, 0x00,
    0x00, 0x00, 0x00, 0x00, 0x00, 0x00, 0x00, 0x00, 0x00, 0x00, 0x00, 0x00, 0x00, 0x00, 0x00, 0x00,
    0x00, 0x00, 0x00, 0x00, 0x00, 0x00, 0x00, 0x00, 0x00, 0x00, 0xFF, 0xE8, 0x00, 0x00, 0x00, 0x00,
    0x00, 0x00, 0x00, 0x00, 0x00, 0x00, 0x00, 0x00, 0x00, 0x00, 0xFF, 0xDC, 0x00, 0x00, 0x00, 0x00,
    0x00, 0x00, 0x00, 0x00, 0x00, 0x00, 0x00, 0x00, 0x00, 0x00, 0x00, 0x00, 0x00, 0x00, 0x00, 0x00,
    0x00, 0x00, 0x00, 0x00, 0x00, 0x00, 0x00, 0x00, 0x00, 0x00, 0x00, 0x00, 0x00, 0x00, 0x00, 0x00,
    0x00, 0x00, 0x00, 0x00, 0x00, 0x00, 0x00, 0x00, 0x00, 0x00, 0x00, 0x00, 0x00, 0x00, 0x00, 0x00,
    0x00, 0x00, 0xFF, 0x96, 0x00, 0x00, 0x00, 0x00, 0x00, 0x00, 0x00, 0x00, 0x00, 0x00, 0x00, 0x00,
    0x00, 0x00, 0x00, 0x00, 0x00, 0x00, 0xFF, 0xC5, 0x00, 0x00, 0xFF, 0xEA, 0x00, 0x00, 0xFF, 0xC5,
    0x00, 0x00, 0x00, 0x00, 0x00, 0x00, 0x00, 0x00, 0x00, 0x00, 0xFF, 0xED, 0x00, 0x00, 0xFF, 0xCC,
    0x00, 0x00, 0xFF, 0xAC, 0x00, 0x00, 0xFF, 0xF0, 0x00, 0x00, 0x00, 0x00, 0x00, 0x00, 0x00, 0x00,
    0x00, 0x00, 0x00, 0x00, 0x00, 0x00, 0x00, 0x00, 0x00, 0x00, 0x00, 0x00, 0x00, 0x00, 0x00, 0x00,
    0x00, 0x00, 0x00, 0x00, 0x00, 0x00, 0xFF, 0xD5, 0x00, 0x00, 0xFF, 0xFD, 0x00, 0x00, 0xFF, 0xFE,
    0x00, 0x00, 0x00, 0x00, 0x00, 0x00, 0xFF, 0xCC, 0x00, 0x00, 0xFF, 0xFC, 0x00, 0x00, 0x00, 0x00,
    0x00, 0x00, 0x00, 0x00, 0x00, 0x00, 0xFF, 0xFE, 0x00, 0x00, 0xFF, 0xFE, 0x00, 0x00, 0x00, 0x00,
    0x00, 0x00, 0x00, 0x00, 0x00, 0x00, 0x00, 0x00, 0x00, 0x00, 0x00, 0x00, 0x00, 0x00, 0x00, 0x00,
    0x00, 0x00, 0x00, 0x00, 0x00, 0x00, 0x00, 0x00, 0x00, 0x00, 0x00, 0x00, 0x00, 0x00, 0xFF, 0x8A,
    0x00, 0x00, 0x00, 0x00, 0x00, 0x00, 0x00, 0x00, 0x00, 0x00, 0x00, 0x00, 0x00, 0x00, 0x00, 0x00,
    0x00, 0x00, 0x00, 0x00, 0x00, 0x00, 0x00, 0x00, 0x00, 0x00, 0x00, 0x00, 0x00, 0x00, 0x00, 0x00,
    0x00, 0x00, 0x00, 0x00, 0x00, 0x00, 0x00, 0x00, 0x00, 0x00, 0x00, 0x00, 0x00, 0x00, 0xFF, 0xE9,
    0x00, 0x00, 0x00, 0x00, 0x00, 0x00, 0xFF, 0xF4, 0x00, 0x00, 0x00, 0x00, 0x00, 0x00, 0x00, 0x00,
    0x00, 0x00, 0xFF, 0xF3, 0x00, 0x00, 0xFF, 0xD8, 0x00, 0x00, 0x00, 0x00, 0x00, 0x00, 0x00, 0x00,
    0x00, 0x00, 0x00, 0x00, 0x00, 0x00, 0x00, 0x00, 0x00, 0x00, 0xFF, 0xFB, 0x00, 0x00, 0xFF, 0xF3,
    0x00, 0x00, 0x00, 0x00, 0x00, 0x00, 0x00, 0x00, 0x00, 0x00, 0xFF, 0xE5, 0x00, 0x00, 0x00, 0x00,
    0x00, 0x00, 0x00, 0x00, 0x00, 0x00, 0x00, 0x00, 0x00, 0x00, 0x00, 0x00, 0x00, 0x00, 0x00, 0x00,
    0x00, 0x00, 0x00, 0x00, 0x00, 0x00, 0x00, 0x00, 0x00, 0x00, 0x00, 0x00, 0x00, 0x00, 0x00, 0x00,
    0x00, 0x00, 0x00, 0x00, 0x00, 0x00, 0x00, 0x00, 0x00, 0x00, 0x00, 0x00, 0x00, 0x00, 0x00, 0x00,
    0x00, 0x00, 0x00, 0x00, 0x00, 0x00, 0x00, 0x00, 0x00, 0x00, 0x00, 0x00, 0x00, 0x00, 0xFF, 0xFC,
    0x00, 0x00, 0x00, 0x00, 0x00, 0x00, 0xFF, 0xFF, 0x00, 0x00, 0x00, 0x00, 0x00, 0x00, 0x00, 0x00,
    0x00, 0x00, 0xFF, 0xFF, 0x00, 0x00, 0xFF, 0xFC, 0x00, 0x00, 0xFF, 0xEA, 0x00, 0x00, 0xFF, 0xFC,
    0x00, 0x00, 0x00, 0x00, 0x00, 0x00, 0x00, 0x00, 0x00, 0x00, 0x00, 0x00, 0x00, 0x00, 0x00, 0x00,
    0x00, 0x00, 0x00, 0x00, 0x00, 0x00, 0x00, 0x00, 0x00, 0x00, 0x00, 0x00, 0x00, 0x00, 0x00, 0x00,
    0x00, 0x00, 0x00, 0x00, 0x00, 0x00, 0x00, 0x00, 0x00, 0x00, 0x00, 0x00, 0x00, 0x00, 0x00, 0x00,
    0x00, 0x00, 0xFF, 0xFF, 0x00, 0x00, 0x00, 0x00, 0x00, 0x00, 0x00, 0x00, 0x00, 0x00, 0x00, 0x00,
    0x00, 0x00, 0x00, 0x00, 0x00, 0x00, 0x00, 0x00, 0x00, 0x00, 0x00, 0x00, 0x00, 0x00, 0x00, 0x00,
    0x00, 0x00, 0x00, 0x00, 0x00, 0x00, 0x00, 0x00, 0x00, 0x00, 0x00, 0x00, 0x00, 0x00, 0x00, 0x00,
    0x00, 0x00, 0x00, 0x00, 0x00, 0x00, 0x00, 0x00, 0x00, 0x00, 0x00, 0x00, 0x00, 0x00, 0x00, 0x00,
    0x00, 0x00, 0x00, 0x00, 0x00, 0x00, 0x00, 0x00, 0x00, 0x00, 0x00, 0x00, 0x00, 0x00, 0x00, 0x00,
    0x00, 0x00, 0x00, 0x00, 0x00, 0x00, 0x00, 0x32, 0x00, 0x00, 0x00, 0x00, 0x00, 0x00, 0x00, 0x0A,
    0x00, 0x00, 0x00, 0x00, 0x00, 0x00, 0x00, 0x00, 0x00, 0x00, 0x00, 0x0A, 0x00, 0x00, 0x00, 0x00,
    0x00, 0x00, 0x00, 0x39, 0x00, 0x00, 0x00, 0x00, 0x00, 0x00, 0x00, 0x00, 0x00, 0x00, 0x00, 0x00,
    0x00, 0x00, 0x00, 0x00, 0x00, 0x00, 0x00, 0x39, 0x00, 0x00, 0x00, 0x00, 0x00, 0x00, 0x00, 0x14,
    0x00, 0x00, 0x00, 0x14, 0x00, 0x00, 0x00, 0x00, 0x00, 0x00, 0x00, 0x00, 0x00, 0x00, 0x00, 0x14,
    0x00, 0x00, 0x00, 0x00, 0x00, 0x00, 0x00, 0x00, 0x00, 0x00, 0x00, 0x14, 0x00, 0x00, 0x00, 0x00,
    0x00, 0x00, 0x00, 0x00, 0x00, 0x00, 0x00, 0x00, 0x00, 0x00, 0x00, 0x00, 0x00, 0x00, 0x00, 0x14,
    0x00, 0x00, 0x00, 0x3C, 0x00, 0x00, 0x00, 0x00, 0x00, 0x00, 0x00, 0x3C, 0x00, 0x00, 0x00, 0x00,
    0x00, 0x00, 0x00, 0x00, 0x00, 0x00, 0x00, 0x00, 0x00, 0x00, 0x00, 0x32, 0x00, 0x00, 0x00, 0x00,
    0x00, 0x00, 0x00, 0x00, 0x00, 0x00, 0xFF, 0xE8, 0x00, 0x00, 0xFF, 0xFC, 0x00, 0x00, 0xFF, 0xEA,
    0x00, 0x00, 0x00, 0x00, 0x00, 0x00, 0x00, 0x00, 0x00, 0x00, 0x00, 0x00, 0x00, 0x00, 0xFF, 0xEC,
    0x00, 0x00, 0xFF, 0xD1, 0x00, 0x00, 0x00, 0x00, 0x00, 0x00, 0x00, 0x00, 0x00, 0x00, 0x00, 0x00,
    0x00, 0x00, 0x00, 0x00, 0x00, 0x00, 0x00, 0x00, 0x00, 0x00, 0x00, 0x00, 0x00, 0x00, 0xFF, 0xBB,
    0x00, 0x00, 0x00, 0x00, 0x00, 0x00, 0xFF, 0xF4, 0x00, 0x00, 0x00, 0x00, 0x00, 0x00, 0x00, 0x00,
    0x00, 0x00, 0x00, 0x00, 0x00, 0x00, 0xFF, 0xED, 0x00, 0x00, 0x00, 0x00, 0x00, 0x00, 0x00, 0x00,
    0x00, 0x00, 0xFF, 0xBD, 0x00, 0x00, 0x00, 0x00, 0x00, 0x00, 0x00, 0x00, 0x00, 0x00, 0x00, 0x00,
    0x00, 0x00, 0xFF, 0xD1, 0x00, 0x00, 0x00, 0x00, 0x00, 0x00, 0xFF, 0xEA, 0x00, 0x00, 0x00, 0x00,
    0x00, 0x00, 0x00, 0x00, 0x00, 0x00, 0x00, 0x00, 0x00, 0x00, 0x00, 0x00, 0x00, 0x00, 0xFF, 0xC0,
    0x00, 0x00, 0xFF, 0xC0, 0x00, 0x00, 0x00, 0x00, 0x00, 0x00, 0x00, 0x01, 0x00, 0x01, 0x01, 0x84,
    0x00, 0x01, 0x00, 0x00, 0x6B, 0x98, 0x00, 0x01, 0x00, 0x02, 0x01, 0x82, 0x01, 0x83, 0x00, 0x01,
    0x00, 0x02, 0x01, 0x7A, 0x01, 0x8A, 0x00, 0x02, 0x00, 0x00, 0x6B, 0x94, 0x00, 0x00, 0x6B, 0x82,
    0x00, 0x02, 0x00, 0x00, 0x6B, 0x7E, 0x00, 0x00, 0x6B, 0x84, 0x00, 0x02, 0x00, 0x03, 0x00, 0x86,
    0x00, 0x88, 0x00, 0x00, 0x00, 0xAA, 0x00, 0xAE, 0x00, 0x03, 0x00, 0xCE, 0x00, 0xD0, 0x00, 0x08,
    0x00, 0x01, 0x00, 0x15, 0xFF, 0xF2, 0x6D, 0xC2, 0x00, 0x0B, 0x6B, 0x6C, 0x6B, 0x6C, 0x6B, 0x76,
    0x6B, 0x80, 0x6B, 0x80, 0x6B, 0x80, 0x6B, 0x80, 0x6B, 0x80, 0x6B, 0x8A, 0x6B, 0x8A, 0x6B, 0x8A,
    0x00, 0x02, 0x00, 0x04, 0x01, 0x75, 0x01, 0x79, 0x00, 0x00, 0x01, 0x7B, 0x01, 0x81, 0x00, 0x05,
    0x01, 0x85, 0x01, 0x89, 0x00, 0x0C, 0x01, 0x8B, 0x01, 0x93, 0x00, 0x11, 0x00, 0x02, 0x00, 0x30,
    0xFF, 0xE9, 0x6D, 0x86, 0x00, 0x31, 0xFF, 0xE9, 0x6D, 0x86, 0x00, 0x01, 0x00, 0x06, 0x00, 0x6B,
    0x00, 0xAA, 0x00, 0xAB, 0x00, 0xAD, 0x00, 0xE1, 0x00, 0xF6, 0x00, 0x02, 0x00, 0x06, 0x00, 0x0D,
    0x00, 0x11, 0x00, 0x00, 0x00, 0x20, 0x00, 0x23, 0x00, 0x05, 0x00, 0x4E, 0x00, 0x56, 0x00, 0x09,
    0x00, 0x58, 0x00, 0x5A, 0x00, 0x12, 0x00, 0x81, 0x00, 0x85, 0x00, 0x15, 0x00, 0xC4, 0x00, 0xCC,
    0x00, 0x1A, 0x00, 0x05, 0x00, 0xC8, 0xFF, 0xE9, 0x6D, 0x40, 0x00, 0xC9, 0xFF, 0xE9, 0x6D, 0x40,
    0x00, 0xCA, 0xFF, 0xE9, 0x6D, 0x40, 0x00, 0xCB, 0xFF, 0xE9, 0x6D, 0x40, 0x00, 0xCC, 0xFF, 0xE9,
    0x6D, 0x40, 0x00, 0x02, 0x00, 0x0B, 0x00, 0x01, 0x00, 0x0B, 0x00, 0x00, 0x00, 0x16, 0x00, 0x1E,
    0x00, 0x0B, 0x00, 0x26, 0x00, 0x26, 0x00, 0x14, 0x00, 0x29, 0x00, 0x2F, 0x00, 0x15, 0x00, 0x4A,
    0x00, 0x4A, 0x00, 0x1C, 0x00, 0x5B, 0x00, 0x64, 0x00, 0x1D, 0x00, 0x75, 0x00, 0x7E, 0x00, 0x27,
    0x00, 0x8A, 0x00, 0x92, 0x00, 0x31, 0x00, 0xD1, 0x00, 0xDA, 0x00, 0x3A, 0x00, 0xEB, 0x00, 0xF1,
    0x00, 0x44, 0x00, 0xF3, 0x00, 0xF4, 0x00, 0x4B, 0x00, 0x23, 0x6A, 0xB4, 0x6A, 0xB4, 0x6A, 0xB4,
    0x6A, 0xB4, 0x6A, 0xB4, 0x6A, 0xC6, 0x6A, 0xC6, 0x6A, 0xC6, 0x6A, 0xC6, 0x6A, 0xD0, 0x6A, 0xD0,
    0x6A, 0xD0, 0x6A, 0xD0, 0x6A, 0xDA, 0x6A, 0xDA, 0x6A, 0xDA, 0x6A, 0xDA, 0x6A, 0xDA, 0x6A, 0xBA,
    0x6A, 0xBA, 0x6A, 0xBA, 0x6A, 0xE4, 0x6A, 0xE4, 0x6A, 0xE4, 0x6A, 0xE4, 0x6A, 0xE4, 0x6A, 0xEE,
    0x6A, 0xEE, 0x6A, 0xEE, 0x6A, 0xEE, 0x6A, 0xC0, 0x6A, 0xC0, 0x6A, 0xC0, 0x6A, 0xC0, 0x6A, 0xC0,
    0x00, 0x1A, 0x00, 0x00, 0x6A, 0xB6, 0x00, 0x00, 0x6A, 0xB6, 0x00, 0x00, 0x6A, 0xB6, 0x00, 0x00,
    0x6A, 0xB6, 0x00, 0x00, 0x6A, 0xB6, 0x00, 0x00, 0x6A, 0xB6, 0x00, 0x00, 0x6A, 0xB6, 0x00, 0x00,
    0x6A, 0xB6, 0x00, 0x00, 0x6A, 0xB6, 0x00, 0x00, 0x6A, 0xB6, 0x00, 0x00, 0x6A, 0xC2, 0x00, 0x00,
    0x6A, 0xB0, 0x00, 0x00, 0x6A, 0xBC, 0x00, 0x00, 0x6A, 0xBC, 0x00, 0x00, 0x6A, 0xBC, 0x00, 0x00,
    0x6A, 0xBC, 0x00, 0x00, 0x6A, 0xBC, 0x00, 0x00, 0x6A, 0xBC, 0x00, 0x00, 0x6A, 0xBC, 0x00, 0x00,
    0x6A, 0xBC, 0x00, 0x00, 0x6A, 0xBC, 0x00, 0x00, 0x6A, 0xBC, 0x00, 0x00, 0x6A, 0xBC, 0x00, 0x00,
    0x6A, 0xB6, 0x00, 0x00, 0x6A, 0xC2, 0x00, 0x00, 0x6A, 0xBC, 0x00, 0x01, 0x01, 0x01, 0xFF, 0xCD,
    0x00, 0x01, 0x00, 0xFE, 0xFF, 0xF1, 0x00, 0x02, 0x01, 0x3A, 0xFF, 0xF3, 0x01, 0x3C, 0xFF, 0xF3,
    0x00, 0x03, 0x01, 0x24, 0xFF, 0xE3, 0x01, 0x2D, 0xFF, 0xC3, 0x01, 0x2F, 0xFF, 0xEA, 0x00, 0x03,
    0x01, 0x2F, 0xFF, 0xE2, 0x01, 0x31, 0xFF, 0xFE, 0x01, 0x33, 0xFF, 0xFD, 0x00, 0x03, 0x01, 0x2F,
    0xFF, 0xDA, 0x01, 0x31, 0xFF, 0xE2, 0x01, 0x33, 0xFF, 0xDD, 0x00, 0x03, 0x01, 0x2F, 0xFF, 0xDB,
    0x01, 0x31, 0xFF, 0xE4, 0x01, 0x33, 0xFF, 0xDC, 0x00, 0x04, 0x01, 0x25, 0xFF, 0xDC, 0x01, 0x2F,
    0xFF, 0xF0, 0x01, 0x30, 0xFF, 0xEE, 0x01, 0x44, 0xFF, 0xFE, 0x00, 0x05, 0x00, 0xFA, 0xFF, 0xF4,
    0x00, 0xFC, 0xFF, 0xF5, 0x00, 0xFE, 0xFF, 0xEE, 0x01, 0x00, 0xFF, 0xF5, 0x01, 0x04, 0xFF, 0xF4,
    0x00, 0x06, 0x01, 0x1E, 0xFF, 0xF2, 0x01, 0x22, 0xFF, 0xFD, 0x01, 0x24, 0xFF, 0xEB, 0x01, 0x25,
    0xFF, 0xEB, 0x01, 0x2D, 0xFF, 0xE9, 0x01, 0x2F, 0xFF, 0xF1, 0x00, 0x06, 0x00, 0xA7, 0x00, 0x06,
    0x01, 0x22, 0xFF, 0xFC, 0x01, 0x3A, 0xFF, 0xF4, 0x01, 0x3C, 0xFF, 0xF4, 0x01, 0x3E, 0xFF, 0xFD,
    0x01, 0x3F, 0xFF, 0xFD, 0x00, 0x06, 0x01, 0x22, 0xFF, 0xFE, 0x01, 0x2A, 0xFF, 0xED, 0x01, 0x2B,
    0xFF, 0xED, 0x01, 0x2C, 0xFF, 0xED, 0x01, 0x3A, 0xFF, 0xF4, 0x01, 0x3C, 0xFF, 0xF4, 0x00, 0x07,
    0x00, 0x31, 0xFF, 0xF9, 0x00, 0xFE, 0xFF, 0xF1, 0x01, 0x25, 0xFF, 0xF2, 0x01, 0x2A, 0xFF, 0xE0,
    0x01, 0x2B, 0xFF, 0xE0, 0x01, 0x2C, 0xFF, 0xE0, 0x01, 0x2F, 0xFF, 0xF5, 0x00, 0x07, 0x00, 0xFE,
    0xFF, 0xBF, 0x01, 0x1F, 0xFF, 0x9E, 0x01, 0x27, 0xFF, 0xAE, 0x01, 0x2F, 0xFF, 0xEE, 0x01, 0x30,
    0xFF, 0xEA, 0x01, 0x45, 0xFF, 0xD1, 0x01, 0x48, 0xFF, 0xF0, 0x00, 0x07, 0x00, 0xFE, 0xFF, 0xEA,
    0x01, 0x01, 0xFF, 0xF7, 0x01, 0x22, 0xFF, 0xFC, 0x01, 0x2F, 0xFF, 0xE0, 0x01, 0x30, 0xFF, 0xEF,
    0x01, 0x31, 0xFF, 0xEC, 0x01, 0x33, 0xFF, 0xEC, 0x00, 0x02, 0x00, 0x19, 0x00, 0x01, 0x00, 0x0B,
    0x00, 0x00, 0x00, 0x0D, 0x00, 0x13, 0x00, 0x0B, 0x00, 0x16, 0x00, 0x1E, 0x00, 0x12, 0x00, 0x20,
    0x00, 0x23, 0x00, 0x1B, 0x00, 0x26, 0x00, 0x26, 0x00, 0x1F, 0x00, 0x29, 0x00, 0x31, 0x00, 0x20,
    0x00, 0x34, 0x00, 0x38, 0x00, 0x29, 0x00, 0x3B, 0x00, 0x4A, 0x00, 0x2E, 0x00, 0x4D, 0x00, 0x56,
    0x00, 0x3E, 0x00, 0x58, 0x00, 0x64, 0x00, 0x48, 0x00, 0x66, 0x00, 0x6A, 0x00, 0x55, 0x00, 0x6C,
    0x00, 0x7F, 0x00, 0x5A, 0x00, 0x81, 0x00, 0x85, 0x00, 0x6E, 0x00, 0x8A, 0x00, 0x92, 0x00, 0x73,
    0x00, 0x94, 0x00, 0x97, 0x00, 0x7C, 0x00, 0x9B, 0x00, 0xA1, 0x00, 0x80, 0x00, 0xA4, 0x00, 0xA4,
    0x00, 0x87, 0x00, 0xA6, 0x00, 0xA7, 0x00, 0x88, 0x00, 0xAA, 0x00, 0xAE, 0x00, 0x8A, 0x00, 0xB1,
    0x00, 0xBF, 0x00, 0x8F, 0x00, 0xC4, 0x00, 0xCC, 0x00, 0x9E, 0x00, 0xD1, 0x00, 0xDA, 0x00, 0xA7,
    0x00, 0xDC, 0x00, 0xE0, 0x00, 0xB1, 0x00, 0xE2, 0x00, 0xF4, 0x00, 0xB6, 0x00, 0xF7, 0x00, 0xF8,
    0x00, 0xC9, 0x00, 0x08, 0x01, 0x1C, 0x00, 0x01, 0x01, 0x24, 0xFF, 0xF7, 0x01, 0x31, 0x00, 0x09,
    0x01, 0x33, 0x00, 0x0A, 0x01, 0x37, 0x00, 0x02, 0x01, 0x39, 0x00, 0x02, 0x01, 0x3E, 0x00, 0x0B,
    0x01, 0x3F, 0x00, 0x0B, 0x00, 0x08, 0x01, 0x17, 0xFF, 0xF1, 0x01, 0x18, 0xFF, 0xF1, 0x01, 0x1B,
    0xFF, 0xF1, 0x01, 0x24, 0xFF, 0xF2, 0x01, 0x2D, 0xFF, 0xCA, 0x01, 0x2F, 0xFF, 0xED, 0x01, 0x34,
    0xFF, 0xF1, 0x01, 0x35, 0xFF, 0xF1, 0x00, 0x08, 0x01, 0x1E, 0x00, 0x09, 0x01, 0x2F, 0xFF, 0xDA,
    0x01, 0x31, 0xFF, 0xE6, 0x01, 0x33, 0xFF, 0xDE, 0x01, 0x34, 0xFF, 0xA0, 0x01, 0x35, 0xFF, 0xA0,
    0x01, 0x3A, 0xFF, 0xEA, 0x01, 0x3C, 0xFF, 0xEA, 0x00, 0x08, 0x01, 0x01, 0xFF, 0xDF, 0x01, 0x17,
    0xFF, 0xDE, 0x01, 0x18, 0xFF, 0xDE, 0x01, 0x19, 0xFF, 0xFE, 0x01, 0x1A, 0xFF, 0xFE, 0x01, 0x1B,
    0xFF, 0xDE, 0x01, 0x34, 0xFF, 0xDE, 0x01, 0x35, 0xFF, 0xDE, 0x00, 0x4D, 0x68, 0x22, 0x68, 0x22,
    0x68, 0x22, 0x68, 0x22, 0x68, 0x22, 0x68, 0x22, 0x68, 0x22, 0x68, 0x22, 0x68, 0x22, 0x68, 0x22,
    0x68, 0x2C, 0x68, 0x36, 0x68, 0x36, 0x68, 0x36, 0x68, 0x36, 0x68, 0x36, 0x68, 0x36, 0x68, 0x36,
    0x68, 0x36, 0x68, 0x36, 0x68, 0x40, 0x68, 0x40, 0x68, 0x40, 0x68, 0x40, 0x68, 0x40, 0x68, 0x40,
    0x68, 0x40, 0x68, 0x40, 0x68, 0x4A, 0x68, 0x54, 0x68, 0x54, 0x68, 0x54, 0x68, 0x54, 0x68, 0x54,
    0x68, 0x54, 0x68, 0x54, 0x68, 0x54, 0x68, 0x54, 0x68, 0x54, 0x68, 0x5E, 0x68, 0x5E, 0x68, 0x5E,
    0x68, 0x5E, 0x68, 0x5E, 0x68, 0x5E, 0x68, 0x5E, 0x68, 0x5E, 0x68, 0x5E, 0x68, 0x5E, 0x68, 0x68,
    0x68, 0x68, 0x68, 0x68, 0x68, 0x68, 0x68, 0x68, 0x68, 0x68, 0x68, 0x68, 0x68, 0x68, 0x68, 0x68,
    0x68, 0x72, 0x68, 0x72, 0x68, 0x72, 0x68, 0x72, 0x68, 0x72, 0x68, 0x72, 0x68, 0x72, 0x68, 0x72,
    0x68, 0x72, 0x68, 0x72, 0x68, 0x7C, 0x68, 0x7C, 0x68, 0x7C, 0x68, 0x7C, 0x68, 0x7C, 0x68, 0x7C,
    0x68, 0x7C, 0x68, 0x7C, 0x68, 0x7C, 0x00, 0x09, 0x01, 0x01, 0xFF, 0xF1, 0x01, 0x24, 0xFF, 0xE3,
    0x01, 0x25, 0xFF, 0xE3, 0x01, 0x2D, 0xFF, 0xC0, 0x01, 0x2F, 0xFF, 0xD6, 0x01, 0x31, 0xFF, 0xE0,
    0x01, 0x33, 0xFF, 0xDB, 0x01, 0x4A, 0xFF, 0xE3, 0x01, 0x57, 0xFF, 0xF6, 0x00, 0x0A, 0x01, 0x01,
    0xFF, 0xD1, 0x01, 0x13, 0xFF, 0xF2, 0x01, 0x14, 0xFF, 0xF2, 0x01, 0x22, 0xFF, 0xBF, 0x01, 0x36,
    0xFF, 0xB4, 0x01, 0x37, 0xFF, 0xB5, 0x01, 0x38, 0xFF, 0xB4, 0x01, 0x39, 0xFF, 0xB5, 0x01, 0x3E,
    0xFF, 0xB7, 0x01, 0x3F, 0xFF, 0xB7, 0x00, 0x0B, 0x00, 0xFB, 0xFF, 0xCB, 0x00, 0xFC, 0xFF, 0xE8,
    0x00, 0xFF, 0xFF, 0xFD, 0x01, 0x01, 0xFF, 0xC1, 0x01, 0x02, 0xFF, 0xFE, 0x01, 0x03, 0xFF, 0xE8,
    0x01, 0x22, 0xFF, 0xC7, 0x01, 0x2F, 0xFF, 0xBE, 0x01, 0x31, 0xFF, 0xCB, 0x01, 0x32, 0xFF, 0xED,
    0x01, 0x33, 0xFF, 0xC2, 0x00, 0x0B, 0x00, 0x31, 0xFF, 0xCD, 0x00, 0xFA, 0xFF, 0xC0, 0x00, 0xFD,
    0xFF, 0xC7, 0x00, 0xFE, 0xFF, 0xBB, 0x00, 0xFF, 0xFF, 0xC5, 0x01, 0x00, 0xFF, 0xC3, 0x01, 0x02,
    0xFF, 0xC8, 0x01, 0x03, 0xFF, 0xC5, 0x01, 0x04, 0xFF, 0xC0, 0x01, 0x13, 0xFF, 0xE9, 0x01, 0x14,
    0xFF, 0xE9, 0x00, 0x0B, 0x00, 0xA7, 0xFF, 0xFE, 0x00, 0xFE, 0xFF, 0xB5, 0x01, 0x00, 0xFF, 0xEF,
    0x01, 0x1D, 0xFF, 0xFB, 0x01, 0x1F, 0xFF, 0x98, 0x01, 0x27, 0xFF, 0xAA, 0x01, 0x2E, 0xFF, 0xFD,
    0x01, 0x2F, 0xFF, 0xF4, 0x01, 0x30, 0xFF, 0xE7, 0x01, 0x45, 0xFF, 0xD3, 0x01, 0x48, 0xFF, 0xE5,
    0x00, 0x0B, 0x00, 0xA7, 0xFF, 0xFE, 0x00, 0xFE, 0xFF, 0xB9, 0x01, 0x00, 0xFF, 0xFD, 0x01, 0x1D,
    0xFF, 0xFD, 0x01, 0x1F, 0xFF, 0x9A, 0x01, 0x27, 0xFF, 0xAC, 0x01, 0x2E, 0xFF, 0xFD, 0x01, 0x2F,
    0xFF, 0xF2, 0x01, 0x30, 0xFF, 0xE8, 0x01, 0x45, 0xFF, 0xD1, 0x01, 0x48, 0xFF, 0xE8, 0x00, 0x0B,
    0x01, 0x01, 0xFF, 0xE4, 0x01, 0x13, 0xFF, 0xF4, 0x01, 0x14, 0xFF, 0xF4, 0x01, 0x22, 0xFF, 0xE2,
    0x01, 0x2F, 0xFF, 0xF4, 0x01, 0x36, 0xFF, 0xDD, 0x01, 0x37, 0xFF, 0xDB, 0x01, 0x38, 0xFF, 0xDD,
    0x01, 0x39, 0xFF, 0xDB, 0x01, 0x3E, 0xFF, 0xD8, 0x01, 0x3F, 0xFF, 0xD8, 0x00, 0x0B, 0x00, 0x31,
    0xFF, 0xC5, 0x01, 0x17, 0xFF, 0x83, 0x01, 0x18, 0xFF, 0x83, 0x01, 0x1B, 0xFF, 0x83, 0x01, 0x2F,
    0xFF, 0xD4, 0x01, 0x31, 0xFF, 0xDF, 0x01, 0x33, 0xFF, 0xDB, 0x01, 0x34, 0xFF, 0x83, 0x01, 0x35,
    0xFF, 0x83, 0x01, 0x3A, 0xFF, 0xE1, 0x01, 0x3C, 0xFF, 0xE1, 0x00, 0x0D, 0x01, 0x17, 0xFF, 0xEA,
    0x01, 0x18, 0xFF, 0xEA, 0x01, 0x1B, 0xFF, 0xEA, 0x01, 0x22, 0xFF, 0xFE, 0x01, 0x2F, 0xFF, 0xE1,
    0x01, 0x31, 0xFF, 0xEA, 0x01, 0x33, 0xFF, 0xE8, 0x01, 0x34, 0xFF, 0xEA, 0x01, 0x35, 0xFF, 0xEA,
    0x01, 0x37, 0xFF, 0xFE, 0x01, 0x39, 0xFF, 0xFE, 0x01, 0x3E, 0xFF, 0xFD, 0x01, 0x3F, 0xFF, 0xFD,
    0x00, 0x0E, 0x00, 0x31, 0xFF, 0xF2, 0x00, 0xA7, 0xFF, 0xF7, 0x00, 0xFA, 0xFF, 0xE3, 0x00, 0xFD,
    0xFF, 0xEE, 0x00, 0xFE, 0xFF, 0xF1, 0x00, 0xFF, 0xFF, 0xE6, 0x01, 0x00, 0xFF, 0xE6, 0x01, 0x01,
    0xFF, 0xDB, 0x01, 0x02, 0xFF, 0xEE, 0x01, 0x03, 0xFF, 0xE7, 0x01, 0x04, 0xFF, 0xE3, 0x01, 0x13,
    0xFF, 0xEB, 0x01, 0x14, 0xFF, 0xEB, 0x01, 0x25, 0xFF, 0x86, 0x00, 0x0E, 0x00, 0xFB, 0xFF, 0xDB,
    0x00, 0xFC, 0xFF, 0xF7, 0x01, 0x01, 0xFF, 0xD2, 0x01, 0x03, 0xFF, 0xF7, 0x01, 0x1C, 0xFF, 0xF3,
    0x01, 0x1D, 0xFF, 0xF4, 0x01, 0x1E, 0xFF, 0xE6, 0x01, 0x1F, 0xFF, 0xDC, 0x01, 0x22, 0xFF, 0xD7,
    0x01, 0x2F, 0xFF, 0xCF, 0x01, 0x31, 0xFF, 0xD8, 0x01, 0x32, 0xFF, 0xF4, 0x01, 0x33, 0xFF, 0xD5,
    0x01, 0x49, 0xFF, 0xE1, 0x00, 0x0F, 0x01, 0x17, 0xFF, 0xED, 0x01, 0x18, 0xFF, 0xED, 0x01, 0x1B,
    0xFF, 0xED, 0x01, 0x24, 0xFF, 0xEE, 0x01, 0x25, 0xFF, 0xED, 0x01, 0x2A, 0xFF, 0xFD, 0x01, 0x2B,
    0xFF, 0xFD, 0x01, 0x2C, 0xFF, 0xFD, 0x01, 0x2D, 0xFF, 0xC9, 0x01, 0x2F, 0xFF, 0xDE, 0x01, 0x31,
    0xFF, 0xE9, 0x01, 0x33, 0xFF, 0xE6, 0x01, 0x34, 0xFF, 0xED, 0x01, 0x35, 0xFF, 0xED, 0x01, 0x4A,
    0xFF, 0xF1, 0x00, 0x0F, 0x01, 0x17, 0xFF, 0xED, 0x01, 0x18, 0xFF, 0xED, 0x01, 0x1B, 0xFF, 0xED,
    0x01, 0x24, 0xFF, 0xEE, 0x01, 0x25, 0xFF, 0xEC, 0x01, 0x2A, 0xFF, 0xFE, 0x01, 0x2B, 0xFF, 0xFE,
    0x01, 0x2C, 0xFF, 0xFE, 0x01, 0x2D, 0xFF, 0xC8, 0x01, 0x2F, 0xFF, 0xDE, 0x01, 0x31, 0xFF, 0xE9,
    0x01, 0x33, 0xFF, 0xE6, 0x01, 0x34, 0xFF, 0xED, 0x01, 0x35, 0xFF, 0xED, 0x01, 0x4A, 0xFF, 0xF1,
    0x00, 0x0F, 0x01, 0x17, 0xFF, 0xD3, 0x01, 0x18, 0xFF, 0xD3, 0x01, 0x1B, 0xFF, 0xD3, 0x01, 0x22,
    0xFF, 0xFC, 0x01, 0x2F, 0xFF, 0xD2, 0x01, 0x31, 0xFF, 0xDC, 0x01, 0x33, 0xFF, 0xD7, 0x01, 0x34,
    0xFF, 0xD3, 0x01, 0x35, 0xFF, 0xD3, 0x01, 0x36, 0xFF, 0xFD, 0x01, 0x37, 0xFF, 0xEC, 0x01, 0x38,
    0xFF, 0xFD, 0x01, 0x39, 0xFF, 0xEC, 0x01, 0x3E, 0xFF, 0xE8, 0x01, 0x3F, 0xFF, 0xE8, 0x00, 0x10,
    0x00, 0xFD, 0xFF, 0xEB, 0x00, 0xFE, 0xFF, 0xD8, 0x00, 0xFF, 0xFF, 0xE1, 0x01, 0x00, 0xFF, 0xDF,
    0x01, 0x01, 0xFF, 0xD0, 0x01, 0x02, 0xFF, 0xED, 0x01, 0x03, 0xFF, 0xE3, 0x01, 0x1E, 0xFF, 0xB0,
    0x01, 0x22, 0xFF, 0x83, 0x01, 0x25, 0xFF, 0xA4, 0x01, 0x2E, 0xFF, 0xEA, 0x01, 0x30, 0xFF, 0xDC,
    0x01, 0x44, 0xFF, 0xE2, 0x01, 0x45, 0xFF, 0xFE, 0x01, 0x48, 0xFF, 0xD3, 0x01, 0x49, 0xFF, 0x83,
    0x00, 0x11, 0x01, 0x01, 0xFF, 0xFA, 0x01, 0x17, 0xFF, 0xED, 0x01, 0x18, 0xFF, 0xED, 0x01, 0x1B,
    0xFF, 0xED, 0x01, 0x24, 0xFF, 0xEF, 0x01, 0x25, 0xFF, 0xE6, 0x01, 0x2D, 0xFF, 0xC9, 0x01, 0x2F,
    0xFF, 0xDD, 0x01, 0x31, 0xFF, 0xE7, 0x01, 0x33, 0xFF, 0xE3, 0x01, 0x34, 0xFF, 0xED, 0x01, 0x35,
    0xFF, 0xED, 0x01, 0x37, 0xFF, 0xFE, 0x01, 0x39, 0xFF, 0xFE, 0x01, 0x3E, 0xFF, 0xFE, 0x01, 0x3F,
    0xFF, 0xFE, 0x01, 0x4A, 0xFF, 0xEB, 0x00, 0x11, 0x00, 0xA7, 0x00, 0x03, 0x00, 0xFD, 0xFF, 0xEB,
    0x00, 0xFE, 0xFF, 0xD8, 0x00, 0xFF, 0xFF, 0xE1, 0x01, 0x00, 0xFF, 0xDF, 0x01, 0x01, 0xFF, 0xD0,
    0x01, 0x02, 0xFF, 0xED, 0x01, 0x03, 0xFF, 0xE3, 0x01, 0x1E, 0xFF, 0xB0, 0x01, 0x22, 0xFF, 0x83,
    0x01, 0x25, 0xFF, 0xA4, 0x01, 0x2E, 0xFF, 0xEA, 0x01, 0x30, 0xFF, 0xDC, 0x01, 0x44, 0xFF, 0xE2,
    0x01, 0x45, 0xFF, 0xFE, 0x01, 0x48, 0xFF, 0xD3, 0x01, 0x49, 0xFF, 0x83, 0x00, 0x12, 0x01, 0x01,
    0xFF, 0xF5, 0x01, 0x17, 0xFF, 0xDF, 0x01, 0x18, 0xFF, 0xDF, 0x01, 0x1B, 0xFF, 0xDF, 0x01, 0x24,
    0xFF, 0xE5, 0x01, 0x25, 0xFF, 0xE6, 0x01, 0x2D, 0xFF, 0xC3, 0x01, 0x2F, 0xFF, 0xD8, 0x01, 0x31,
    0xFF, 0xE2, 0x01, 0x33, 0xFF, 0xDE, 0x01, 0x34, 0xFF, 0xDF, 0x01, 0x35, 0xFF, 0xDF, 0x01, 0x37,
    0xFF, 0xFE, 0x01, 0x39, 0xFF, 0xFE, 0x01, 0x3E, 0xFF, 0xFD, 0x01, 0x3F, 0xFF, 0xFD, 0x01, 0x4A,
    0xFF, 0xE7, 0x01, 0x57, 0xFF, 0xF7, 0x00, 0x13, 0x00, 0x31, 0xFF, 0xC7, 0x00, 0xFA, 0xFF, 0xE3,
    0x00, 0xFC, 0xFF, 0xE7, 0x00, 0xFD, 0xFF, 0xEC, 0x00, 0xFE, 0xFF, 0xC8, 0x01, 0x00, 0xFF, 0xE5,
    0x01, 0x02, 0xFF, 0xEC, 0x01, 0x03, 0xFF, 0xEF, 0x01, 0x04, 0xFF, 0xE3, 0x01, 0x13, 0xFF, 0xEB,
    0x01, 0x14, 0xFF, 0xEB, 0x01, 0x17, 0xFF, 0xA4, 0x01, 0x18, 0xFF, 0xA4, 0x01, 0x19, 0xFF, 0xDC,
    0x01, 0x1A, 0xFF, 0xDC, 0x01, 0x1B, 0xFF, 0xA4, 0x01, 0x24, 0xFF, 0x86, 0x01, 0x34, 0xFF, 0xA4,
    0x01, 0x35, 0xFF, 0xA4, 0x00, 0x13, 0x01, 0x17, 0xFF, 0xDC, 0x01, 0x18, 0xFF, 0xDC, 0x01, 0x19,
    0xFF, 0xEE, 0x01, 0x1A, 0xFF, 0xEE, 0x01, 0x1B, 0xFF, 0xDC, 0x01, 0x22, 0xFF, 0xEF, 0x01, 0x2F,
    0xFF, 0xF2, 0x01, 0x31, 0xFF, 0xF7, 0x01, 0x33, 0xFF, 0xF7, 0x01, 0x34, 0xFF, 0xDC, 0x01, 0x35,
    0xFF, 0xDC, 0x01, 0x36, 0xFF, 0xE6, 0x01, 0x37, 0xFF, 0xE7, 0x01, 0x38, 0xFF, 0xE6, 0x01, 0x39,
    0xFF, 0xE7, 0x01, 0x3B, 0xFF, 0xEF, 0x01, 0x3D, 0xFF, 0xEF, 0x01, 0x3E, 0xFF, 0xE8, 0x01, 0x3F,
    0xFF, 0xE8, 0x00, 0x14, 0x00, 0xA7, 0x00, 0x06, 0x00, 0xFA, 0xFF, 0xE1, 0x00, 0xFE, 0xFF, 0xD0,
    0x00, 0xFF, 0xFF, 0xE9, 0x01, 0x00, 0xFF, 0xE5, 0x01, 0x01, 0xFF, 0xDD, 0x01, 0x02, 0xFF, 0xF4,
    0x01, 0x03, 0xFF, 0xEE, 0x01, 0x04, 0xFF, 0xE1, 0x01, 0x13, 0xFF, 0xF2, 0x01, 0x14, 0xFF, 0xF2,
    0x01, 0x22, 0xFF, 0xB0, 0x01, 0x36, 0xFF, 0xB1, 0x01, 0x37, 0xFF, 0xAD, 0x01, 0x38, 0xFF, 0xB1,
    0x01, 0x39, 0xFF, 0xAD, 0x01, 0x3A, 0xFF, 0xCE, 0x01, 0x3C, 0xFF, 0xCE, 0x01, 0x3E, 0xFF, 0xAB,
    0x01, 0x3F, 0xFF, 0xAB, 0x00, 0x02, 0x00, 0x0F, 0x00, 0x31, 0x00, 0x31, 0x00, 0x00, 0x00, 0xA7,
    0x00, 0xA7, 0x00, 0x01, 0x00, 0xFA, 0x01, 0x04, 0x00, 0x02, 0x01, 0x13, 0x01, 0x14, 0x00, 0x0D,
    0x01, 0x17, 0x01, 0x1F, 0x00, 0x0F, 0x01, 0x22, 0x01, 0x22, 0x00, 0x18, 0x01, 0x24, 0x01, 0x25,
    0x00, 0x19, 0x01, 0x27, 0x01, 0x27, 0x00, 0x1B, 0x01, 0x2A, 0x01, 0x3F, 0x00, 0x1C, 0x01, 0x44,
    0x01, 0x45, 0x00, 0x32, 0x01, 0x48, 0x01, 0x4A, 0x00, 0x34, 0x01, 0x4E, 0x01, 0x4E, 0x00, 0x37,
    0x01, 0x50, 0x01, 0x50, 0x00, 0x38, 0x01, 0x52, 0x01, 0x52, 0x00, 0x39, 0x01, 0x56, 0x01, 0x57,
    0x00, 0x3A, 0x00, 0x18, 0x00, 0xA7, 0xFF, 0xF2, 0x00, 0xFA, 0xFF, 0xEC, 0x00, 0xFD, 0xFF, 0xFB,
    0x00, 0xFE, 0xFF, 0xDF, 0x00, 0xFF, 0xFF, 0xF3, 0x01, 0x00, 0xFF, 0xF1, 0x01, 0x01, 0xFF, 0xE1,
    0x01, 0x03, 0xFF, 0xF7, 0x01, 0x04, 0xFF, 0xEC, 0x01, 0x22, 0xFF, 0xC6, 0x01, 0x2A, 0xFF, 0xC1,
    0x01, 0x2B, 0xFF, 0xC1, 0x01, 0x2C, 0xFF, 0xC1, 0x01, 0x36, 0xFF, 0xC5, 0x01, 0x37, 0xFF, 0xC5,
    0x01, 0x38, 0xFF, 0xC5, 0x01, 0x39, 0xFF, 0xC5, 0x01, 0x3A, 0xFF, 0xD1, 0x01, 0x3B, 0xFF, 0xFE,
    0x01, 0x3C, 0xFF, 0xD1, 0x01, 0x3D, 0xFF, 0xFE, 0x01, 0x3E, 0xFF, 0xC5, 0x01, 0x3F, 0xFF, 0xC5,
    0x01, 0x4A, 0xFF, 0xC9, 0x00, 0x19, 0x00, 0x31, 0xFF, 0xE1, 0x00, 0xA7, 0x00, 0x0B, 0x00, 0xFA,
    0xFF, 0xE0, 0x00, 0xFD, 0xFF, 0xE9, 0x00, 0xFE, 0xFF, 0xDC, 0x01, 0x00, 0xFF, 0xE2, 0x01, 0x02,
    0xFF, 0xE9, 0x01, 0x03, 0xFF, 0xE7, 0x01, 0x04, 0xFF, 0xE0, 0x01, 0x22, 0xFF, 0xDC, 0x01, 0x27,
    0xFF, 0xE6, 0x01, 0x2A, 0xFF, 0xCB, 0x01, 0x2B, 0xFF, 0xCB, 0x01, 0x2C, 0xFF, 0xCB, 0x01, 0x2E,
    0xFF, 0xEA, 0x01, 0x30, 0xFF, 0xF7, 0x01, 0x36, 0xFF, 0xED, 0x01, 0x38, 0xFF, 0xED, 0x01, 0x3A,
    0xFF, 0xD8, 0x01, 0x3B, 0xFF, 0xEC, 0x01, 0x3C, 0xFF, 0xD8, 0x01, 0x3D, 0xFF, 0xEC, 0x01, 0x45,
    0xFF, 0xE7, 0x01, 0x48, 0xFF, 0xDC, 0x01, 0x49, 0xFF, 0xDF, 0x00, 0x19, 0x00, 0x31, 0xFF, 0xDC,
    0x00, 0xA7, 0x00, 0x0C, 0x00, 0xFA, 0xFF, 0xDB, 0x00, 0xFD, 0xFF, 0xE4, 0x00, 0xFE, 0xFF, 0xD4,
    0x01, 0x00, 0xFF, 0xDE, 0x01, 0x02, 0xFF, 0xE6, 0x01, 0x03, 0xFF, 0xE3, 0x01, 0x04, 0xFF, 0xDB,
    0x01, 0x22, 0xFF, 0xDA, 0x01, 0x27, 0xFF, 0xDF, 0x01, 0x2A, 0xFF, 0xC2, 0x01, 0x2B, 0xFF, 0xC2,
    0x01, 0x2C, 0xFF, 0xC2, 0x01, 0x2E, 0xFF, 0xE8, 0x01, 0x30, 0xFF, 0xF7, 0x01, 0x36, 0xFF, 0xEB,
    0x01, 0x38, 0xFF, 0xEB, 0x01, 0x3A, 0xFF, 0xD5, 0x01, 0x3B, 0xFF, 0xEC, 0x01, 0x3C, 0xFF, 0xD5,
    0x01, 0x3D, 0xFF, 0xEC, 0x01, 0x45, 0xFF, 0xE4, 0x01, 0x48, 0xFF, 0xD7, 0x01, 0x49, 0xFF, 0xDB,
    0x00, 0x1B, 0x00, 0xFB, 0xFF, 0xED, 0x01, 0x01, 0xFF, 0xE0, 0x01, 0x17, 0xFF, 0xE7, 0x01, 0x18,
    0xFF, 0xE7, 0x01, 0x1B, 0xFF, 0xE7, 0x01, 0x1E, 0xFF, 0xE4, 0x01, 0x22, 0xFF, 0xD3, 0x01, 0x24,
    0xFF, 0xF4, 0x01, 0x25, 0xFF, 0xD5, 0x01, 0x2D, 0xFF, 0xD7, 0x01, 0x2F, 0xFF, 0xDC, 0x01, 0x31,
    0xFF, 0xE4, 0x01, 0x33, 0xFF, 0xE1, 0x01, 0x34, 0xFF, 0xE7, 0x01, 0x35, 0xFF, 0xE7, 0x01, 0x36,
    0xFF, 0xD1, 0x01, 0x37, 0xFF, 0xD1, 0x01, 0x38, 0xFF, 0xD1, 0x01, 0x39, 0xFF, 0xD1, 0x01, 0x3B,
    0xFF, 0xF2, 0x01, 0x3D, 0xFF, 0xF2, 0x01, 0x3E, 0xFF, 0xD1, 0x01, 0x3F, 0xFF, 0xD1, 0x01, 0x4A,
    0xFF, 0xD8, 0x01, 0x57, 0xFF, 0xF7, 0x01, 0x72, 0xFF, 0xE6, 0x01, 0x73, 0xFF, 0xE6, 0x00, 0x1B,
    0x00, 0x31, 0xFF, 0xC6, 0x00, 0xFA, 0xFF, 0xF8, 0x00, 0xFC, 0xFF, 0xFB, 0x00, 0xFE, 0xFF, 0xCC,
    0x01, 0x00, 0xFF, 0xFA, 0x01, 0x04, 0xFF, 0xF8, 0x01, 0x17, 0xFF, 0x95, 0x01, 0x18, 0xFF, 0x95,
    0x01, 0x1B, 0xFF, 0x95, 0x01, 0x23, 0xFF, 0xEE, 0x01, 0x24, 0xFF, 0xBA, 0x01, 0x2A, 0xFF, 0xC1,
    0x01, 0x2B, 0xFF, 0xC1, 0x01, 0x2C, 0xFF, 0xC1, 0x01, 0x2D, 0xFF, 0xAA, 0x01, 0x34, 0xFF, 0x95,
    0x01, 0x35, 0xFF, 0x95, 0x01, 0x3A, 0xFF, 0xCA, 0x01, 0x3B, 0xFF, 0xED, 0x01, 0x3C, 0xFF, 0xCA,
    0x01, 0x3D, 0xFF, 0xED, 0x01, 0x44, 0xFF, 0xE9, 0x01, 0x45, 0xFF, 0xDF, 0x01, 0x4A, 0x00, 0x05,
    0x01, 0x52, 0xFF, 0xD6, 0x01, 0x55, 0xFF, 0xEC, 0x01, 0x56, 0xFF, 0xF4, 0x00, 0x1B, 0x00, 0x31,
    0xFF, 0xB1, 0x00, 0xFE, 0xFF, 0xCE, 0x01, 0x13, 0xFF, 0xFD, 0x01, 0x14, 0xFF, 0xFD, 0x01, 0x17,
    0xFF, 0x83, 0x01, 0x18, 0xFF, 0x83, 0x01, 0x1B, 0xFF, 0x83, 0x01, 0x1D, 0xFF, 0xFC, 0x01, 0x1F,
    0xFF, 0xA1, 0x01, 0x27, 0xFF, 0xCC, 0x01, 0x2A, 0xFF, 0xC9, 0x01, 0x2B, 0xFF, 0xC9, 0x01, 0x2C,
    0xFF, 0xC9, 0x01, 0x2E, 0xFF, 0xFE, 0x01, 0x2F, 0xFF, 0xD6, 0x01, 0x30, 0xFF, 0xEF, 0x01, 0x31,
    0xFF, 0xDC, 0x01, 0x32, 0xFF, 0xFE, 0x01, 0x33, 0xFF, 0xDA, 0x01, 0x34, 0xFF, 0x83, 0x01, 0x35,
    0xFF, 0x83, 0x01, 0x3A, 0xFF, 0xD8, 0x01, 0x3B, 0xFF, 0xFD, 0x01, 0x3C, 0xFF, 0xD8, 0x01, 0x3D,
    0xFF, 0xFD, 0x01, 0x45, 0xFF, 0xDA, 0x01, 0x48, 0xFF, 0xFC, 0x00, 0x23, 0x00, 0x31, 0xFF, 0xD7,
    0x00, 0xA7, 0x00, 0x1C, 0x00, 0xFA, 0xFF, 0xD6, 0x00, 0xFC, 0xFF, 0xF4, 0x00, 0xFD, 0xFF, 0xDE,
    0x00, 0xFE, 0xFF, 0xD3, 0x00, 0xFF, 0xFF, 0xEB, 0x01, 0x00, 0xFF, 0xD8, 0x01, 0x02, 0xFF, 0xDE,
    0x01, 0x03, 0xFF, 0xDD, 0x01, 0x04, 0xFF, 0xD6, 0x01, 0x13, 0xFF, 0xF1, 0x01, 0x14, 0xFF, 0xF1,
    0x01, 0x19, 0xFF, 0xF0, 0x01, 0x1A, 0xFF, 0xF0, 0x01, 0x22, 0xFF, 0xD5, 0x01, 0x27, 0xFF, 0xDA,
    0x01, 0x2A, 0xFF, 0xBE, 0x01, 0x2B, 0xFF, 0xBE, 0x01, 0x2C, 0xFF, 0xBE, 0x01, 0x2E, 0xFF, 0xE1,
    0x01, 0x30, 0xFF, 0xF2, 0x01, 0x36, 0xFF, 0xDA, 0x01, 0x37, 0xFF, 0xEE, 0x01, 0x38, 0xFF, 0xDA,
    0x01, 0x39, 0xFF, 0xEE, 0x01, 0x3A, 0xFF, 0xCF, 0x01, 0x3B, 0xFF, 0xE0, 0x01, 0x3C, 0xFF, 0xCF,
    0x01, 0x3D, 0xFF, 0xE0, 0x01, 0x3E, 0xFF, 0xF2, 0x01, 0x3F, 0xFF, 0xF2, 0x01, 0x45, 0xFF, 0xDB,
    0x01, 0x48, 0xFF, 0xD2, 0x01, 0x49, 0xFF, 0xD4, 0x00, 0x02, 0x00, 0x08, 0x00, 0x31, 0x00, 0x31,
    0x00, 0x00, 0x00, 0xA7, 0x00, 0xA7, 0x00, 0x01, 0x00, 0xFA, 0x00, 0xFA, 0x00, 0x02, 0x01, 0x04,
    0x01, 0x04, 0x00, 0x03, 0x01, 0x13, 0x01, 0x14, 0x00, 0x04, 0x01, 0x17, 0x01, 0x1B, 0x00, 0x06,
    0x01, 0x2A, 0x01, 0x2C, 0x00, 0x0B, 0x01, 0x34, 0x01, 0x3F, 0x00, 0x0E, 0x00, 0xCB, 0x5F, 0x84,
    0x5F, 0x84, 0x5F, 0x84, 0x5F, 0x84, 0x5F, 0x84, 0x5F, 0x84, 0x5F, 0x84, 0x5F, 0x84, 0x5F, 0x84,
    0x5F, 0x84, 0x5F, 0xD8, 0x5F, 0x8A, 0x5F, 0x8A, 0x5F, 0x8A, 0x5F, 0x8A, 0x5F, 0x8A, 0x5F, 0x90,
    0x5F, 0x90, 0x5F, 0xE2, 0x5F, 0xE2, 0x5F, 0xE2, 0x5F, 0xE2, 0x5F, 0xE2, 0x5F, 0xE2, 0x5F, 0xE2,
    0x5F, 0xE2, 0x5F, 0xE2, 0x5F, 0x96, 0x5F, 0x96, 0x5F, 0x96, 0x5F, 0x96, 0x5F, 0xEC, 0x5F, 0xEC,
    0x5F, 0xEC, 0x5F, 0xEC, 0x5F, 0xEC, 0x5F, 0xEC, 0x5F, 0xEC, 0x5F, 0xEC, 0x5F, 0xF6, 0x5F, 0xF6,
    0x60, 0x00, 0x60, 0x00, 0x60, 0x00, 0x60, 0x00, 0x60, 0x00, 0x5F, 0x9C, 0x5F, 0x9C, 0x5F, 0x9C,
    0x5F, 0x9C, 0x5F, 0x9C, 0x5F, 0x9C, 0x5F, 0xA8, 0x5F, 0xA8, 0x5F, 0xA8, 0x5F, 0xA8, 0x5F, 0xA8,
    0x5F, 0xA8, 0x5F, 0xA8, 0x5F, 0xA2, 0x5F, 0xA8, 0x60, 0x0A, 0x5F, 0xA8, 0x60, 0x14, 0x60, 0x14,
    0x60, 0x14, 0x60, 0x14, 0x60, 0x1E, 0x60, 0x1E, 0x60, 0x1E, 0x60, 0x1E, 0x60, 0x1E, 0x5F, 0xAE,
    0x5F, 0xAE, 0x5F, 0xAE, 0x60, 0x28, 0x60, 0x28, 0x60, 0x28, 0x60, 0x28, 0x60, 0x28, 0x60, 0x28,
    0x60, 0x28, 0x60, 0x28, 0x60, 0x28, 0x60, 0x28, 0x60, 0x32, 0x60, 0x32, 0x60, 0x32, 0x60, 0x32,
    0x60, 0x32, 0x60, 0x3C, 0x60, 0x3C, 0x60, 0x3C, 0x60, 0x3C, 0x60, 0x3C, 0x5F, 0xB4, 0x5F, 0xB4,
    0x5F, 0xB4, 0x5F, 0xB4, 0x60, 0x46, 0x60, 0x46, 0x60, 0x46, 0x60, 0x46, 0x60, 0x46, 0x60, 0x46,
    0x60, 0x46, 0x60, 0x46, 0x60, 0x46, 0x60, 0x46, 0x60, 0x50, 0x60, 0x5A, 0x60, 0x5A, 0x60, 0x5A,
    0x60, 0x5A, 0x60, 0x5A, 0x60, 0x64, 0x60, 0x64, 0x60, 0x64, 0x60, 0x64, 0x60, 0x64, 0x60, 0x64,
    0x60, 0x64, 0x60, 0x64, 0x60, 0x64, 0x60, 0x6E, 0x60, 0x6E, 0x60, 0x6E, 0x60, 0x6E, 0x60, 0x78,
    0x60, 0x78, 0x60, 0x78, 0x60, 0x78, 0x60, 0x78, 0x60, 0x78, 0x60, 0x78, 0x60, 0x82, 0x60, 0x8C,
    0x60, 0x8C, 0x60, 0x96, 0x60, 0x96, 0x60, 0x96, 0x60, 0x96, 0x60, 0x96, 0x60, 0xA0, 0x60, 0xA0,
    0x60, 0xA0, 0x60, 0xA0, 0x60, 0xA0, 0x60, 0xA0, 0x5F, 0xC0, 0x5F, 0xC0, 0x5F, 0xC0, 0x5F, 0xC0,
    0x5F, 0xC0, 0x5F, 0xC0, 0x5F, 0xC0, 0x5F, 0xBA, 0x5F, 0xC0, 0x5F, 0xC6, 0x5F, 0xC6, 0x5F, 0xC6,
    0x5F, 0xC6, 0x5F, 0xCC, 0x5F, 0xCC, 0x5F, 0xCC, 0x5F, 0xCC, 0x5F, 0xCC, 0x60, 0xAA, 0x60, 0xAA,
    0x60, 0xAA, 0x60, 0xAA, 0x60, 0xAA, 0x60, 0xAA, 0x60, 0xAA, 0x60, 0xAA, 0x60, 0xAA, 0x60, 0xAA,
    0x60, 0xB4, 0x60, 0xB4, 0x60, 0xB4, 0x60, 0xB4, 0x60, 0xB4, 0x60, 0xBE, 0x60, 0xBE, 0x60, 0xBE,
    0x60, 0xBE, 0x60, 0xBE, 0x5F, 0xD2, 0x5F, 0xD2, 0x5F, 0xD2, 0x5F, 0xD2, 0x60, 0xC8, 0x60, 0xC8,
    0x60, 0xC8, 0x60, 0xC8, 0x60, 0xC8, 0x60, 0xC8, 0x60, 0xC8, 0x60, 0xC8, 0x60, 0xC8, 0x60, 0xC8,
    0x60, 0xD2, 0x60, 0xDC, 0x00, 0x02, 0x00, 0x10, 0x00, 0x31, 0x00, 0x31, 0x00, 0x0A, 0x00, 0xA7,
    0x00, 0xA7, 0x00, 0x0B, 0x00, 0xFA, 0x00, 0xFA, 0x00, 0x09, 0x01, 0x04, 0x01, 0x04, 0x00, 0x09,
    0x01, 0x13, 0x01, 0x14, 0x00, 0x05, 0x01, 0x19, 0x01, 0x1A, 0x00, 0x02, 0x01, 0x2A, 0x01, 0x2C,
    0x00, 0x01, 0x01, 0x36, 0x01, 0x36, 0x00, 0x07, 0x01, 0x37, 0x01, 0x37, 0x00, 0x08, 0x01, 0x38,
    0x01, 0x38, 0x00, 0x07, 0x01, 0x39, 0x01, 0x39, 0x00, 0x08, 0x01, 0x3A, 0x01, 0x3A, 0x00, 0x03,
    0x01, 0x3B, 0x01, 0x3B, 0x00, 0x04, 0x01, 0x3C, 0x01, 0x3C, 0x00, 0x03, 0x01, 0x3D, 0x01, 0x3D,
    0x00, 0x04, 0x01, 0x3E, 0x01, 0x3F, 0x00, 0x06, 0x00, 0x02, 0x00, 0x13, 0x00, 0x31, 0x00, 0x31,
    0x00, 0x0B, 0x00, 0xA7, 0x00, 0xA7, 0x00, 0x0C, 0x00, 0xFA, 0x00, 0xFA, 0x00, 0x0A, 0x01, 0x04,
    0x01, 0x04, 0x00, 0x0A, 0x01, 0x13, 0x01, 0x14, 0x00, 0x06, 0x01, 0x17, 0x01, 0x18, 0x00, 0x01,
    0x01, 0x19, 0x01, 0x1A, 0x00, 0x03, 0x01, 0x1B, 0x01, 0x1B, 0x00, 0x01, 0x01, 0x2A, 0x01, 0x2C,
    0x00, 0x02, 0x01, 0x34, 0x01, 0x35, 0x00, 0x01, 0x01, 0x36, 0x01, 0x36, 0x00, 0x08, 0x01, 0x37,
    0x01, 0x37, 0x00, 0x09, 0x01, 0x38, 0x01, 0x38, 0x00, 0x08, 0x01, 0x39, 0x01, 0x39, 0x00, 0x09,
    0x01, 0x3A, 0x01, 0x3A, 0x00, 0x04, 0x01, 0x3B, 0x01, 0x3B, 0x00, 0x05, 0x01, 0x3C, 0x01, 0x3C,
    0x00, 0x04, 0x01, 0x3D, 0x01, 0x3D, 0x00, 0x05, 0x01, 0x3E, 0x01, 0x3F, 0x00, 0x07, 0x00, 0x01,
    0x00, 0xFE, 0xFF, 0xE9, 0x00, 0x03, 0x01, 0x2F, 0xFF, 0xD7, 0x01, 0x31, 0xFF, 0xE3, 0x01, 0x33,
    0xFF, 0xE1, 0x00, 0x03, 0x01, 0x2F, 0xFF, 0xD9, 0x01, 0x31, 0xFF, 0xE3, 0x01, 0x33, 0xFF, 0xE3,
    0x00, 0x03, 0x00, 0x65, 0xFF, 0xE9, 0x00, 0x6B, 0xFF, 0xE6, 0x00, 0xDB, 0xFF, 0xFA, 0x00, 0x04,
    0x00, 0x15, 0xFF, 0xFF, 0x00, 0x9D, 0x00, 0x0B, 0x00, 0x9E, 0x00, 0x0F, 0x01, 0x20, 0xFF, 0xFE,
    0x00, 0x04, 0x00, 0x0B, 0xFF, 0xE0, 0x00, 0x65, 0xFF, 0xE6, 0x00, 0x6B, 0xFF, 0xF4, 0x00, 0xDB,
    0xFF, 0xEA, 0x00, 0x05, 0x00, 0x0B, 0xFF, 0xED, 0x00, 0x89, 0xFF, 0xFC, 0x00, 0x9D, 0x00, 0x0B,
    0x00, 0x9E, 0x00, 0x10, 0x01, 0x20, 0xFF, 0xF3, 0x00, 0x05, 0x00, 0x15, 0xFF, 0xFF, 0x00, 0x9D,
    0x00, 0x0B, 0x00, 0x9E, 0x00, 0x0F, 0x01, 0x20, 0xFF, 0xFE, 0x01, 0x24, 0xFF, 0xF7, 0x00, 0x05,
    0x00, 0x15, 0xFF, 0xF4, 0x00, 0x39, 0xFF, 0xF5, 0x00, 0x65, 0xFF, 0xE1, 0x00, 0x89, 0xFF, 0xF5,
    0x00, 0xAF, 0xFF, 0xF3, 0x00, 0x05, 0x00, 0x0B, 0xFF, 0xDA, 0x00, 0x65, 0xFF, 0xC7, 0x00, 0x6B,
    0xFF, 0xD2, 0x00, 0xDB, 0xFF, 0xE5, 0x00, 0xE1, 0xFF, 0xD4, 0x00, 0x06, 0x00, 0x0B, 0xFF, 0xD0,
    0x00, 0x15, 0xFF, 0xFC, 0x00, 0x65, 0xFF, 0xC1, 0x00, 0x6B, 0xFF, 0xC3, 0x00, 0xDB, 0xFF, 0xDE,
    0x00, 0xE1, 0xFF, 0xC5, 0x00, 0x07, 0x00, 0x9D, 0x00, 0x0E, 0x00, 0x9E, 0x00, 0x21, 0x00, 0xA0,
    0x00, 0x01, 0x00, 0xCD, 0xFF, 0xFF, 0x00, 0xDB, 0xFF, 0xE9, 0x00, 0xFE, 0xFF, 0xEB, 0x01, 0x00,
    0xFF, 0xF8, 0x00, 0x07, 0x00, 0x15, 0xFF, 0xF4, 0x00, 0x39, 0xFF, 0xEF, 0x00, 0x65, 0xFF, 0xE6,
    0x00, 0x89, 0xFF, 0xF4, 0x00, 0x9D, 0x00, 0x01, 0x00, 0xAF, 0xFF, 0xF1, 0x01, 0x20, 0xFF, 0xCA,
    0x00, 0x07, 0x00, 0x15, 0xFF, 0xDD, 0x00, 0x39, 0xFF, 0xE6, 0x00, 0x65, 0xFF, 0x9D, 0x00, 0x89,
    0xFF, 0xED, 0x00, 0xAF, 0xFF, 0xE4, 0x00, 0xDB, 0xFF, 0xB7, 0x01, 0x20, 0xFF, 0xC3, 0x00, 0x08,
    0x00, 0x0B, 0xFF, 0xED, 0x00, 0x89, 0xFF, 0xFC, 0x00, 0x9D, 0x00, 0x0B, 0x00, 0x9E, 0x00, 0x10,
    0x01, 0x20, 0xFF, 0xF3, 0x01, 0x24, 0xFF, 0xE3, 0x01, 0x2D, 0xFF, 0xC3, 0x01, 0x2F, 0xFF, 0xEA,
    0x00, 0x08, 0x00, 0x0B, 0xFF, 0xEA, 0x00, 0x89, 0xFF, 0xFC, 0x00, 0x9D, 0x00, 0x0B, 0x00, 0x9E,
    0x00, 0x11, 0x01, 0x20, 0xFF, 0xF3, 0x01, 0x24, 0xFF, 0xE1, 0x01, 0x2D, 0xFF, 0xC2, 0x01, 0x2F,
    0xFF, 0xE9, 0x00, 0x08, 0x00, 0x15, 0xFF, 0xDC, 0x00, 0x39, 0xFF, 0xE6, 0x00, 0x65, 0xFF, 0x9D,
    0x00, 0x89, 0xFF, 0xED, 0x00, 0xA5, 0x00, 0x05, 0x00, 0xAF, 0xFF, 0xE4, 0x00, 0xDB, 0xFF, 0xB7,
    0x01, 0x20, 0xFF, 0xC3, 0x00, 0x08, 0x00, 0x15, 0xFF, 0xF4, 0x00, 0x39, 0xFF, 0xEF, 0x00, 0x65,
    0xFF, 0xE6, 0x00, 0x89, 0xFF, 0xF4, 0x00, 0x9D, 0x00, 0x01, 0x00, 0xA5, 0x00, 0x07, 0x00, 0xAF,
    0xFF, 0xF1, 0x01, 0x20, 0xFF, 0xCA, 0x00, 0x09, 0x00, 0x2B, 0x00, 0x04, 0x00, 0x2D, 0x00, 0x02,
    0x00, 0x9D, 0x00, 0x0E, 0x00, 0x9E, 0x00, 0x21, 0x00, 0xA0, 0x00, 0x01, 0x00, 0xCD, 0xFF, 0xFF,
    0x00, 0xDB, 0xFF, 0xE9, 0x00, 0xFE, 0xFF, 0xEB, 0x01, 0x00, 0xFF, 0xF8, 0x00, 0x09, 0x00, 0x89,
    0xFF, 0xFC, 0x00, 0x9D, 0x00, 0x03, 0x00, 0x9E, 0x00, 0x0D, 0x00, 0xAF, 0xFF, 0xFF, 0x00, 0xDB,
    0xFF, 0xFF, 0x01, 0x20, 0xFF, 0xF2, 0x01, 0x24, 0xFF, 0xF7, 0x01, 0x25, 0xFF, 0xF7, 0x01, 0x2F,
    0xFF, 0xF0, 0x00, 0x09, 0x00, 0x15, 0xFF, 0xFF, 0x00, 0x9D, 0x00, 0x09, 0x00, 0x9E, 0x00, 0x0E,
    0x01, 0x20, 0xFF, 0xFE, 0x01, 0x24, 0xFF, 0xF7, 0x01, 0x25, 0xFF, 0xF6, 0x01, 0x2A, 0xFF, 0xFE,
    0x01, 0x2B, 0xFF, 0xFE, 0x01, 0x2C, 0xFF, 0xFE, 0x00, 0x09, 0x00, 0x15, 0xFF, 0xFF, 0x00, 0x65,
    0xFF, 0xE2, 0x00, 0x6B, 0xFF, 0xF7, 0x01, 0x01, 0xFF, 0xF7, 0x01, 0x20, 0xFF, 0xFE, 0x01, 0x22,
    0xFF, 0xFC, 0x01, 0x25, 0xFF, 0xDE, 0x01, 0x2F, 0xFF, 0xF3, 0x01, 0x4A, 0xFF, 0xD0, 0x00, 0x09,
    0x00, 0x15, 0xFF, 0xDD, 0x00, 0x39, 0xFF, 0xE6, 0x00, 0x65, 0xFF, 0x9D, 0x00, 0x89, 0xFF, 0xED,
    0x00, 0xA5, 0x00, 0x07, 0x00, 0xA6, 0x00, 0x03, 0x00, 0xAF, 0xFF, 0xE4, 0x00, 0xDB, 0xFF, 0xB7,
    0x01, 0x20, 0xFF, 0xC3, 0x00, 0x0A, 0x00, 0x15, 0xFF, 0xFF, 0x00, 0x1E, 0x00, 0x01, 0x00, 0x65,
    0xFF, 0xE2, 0x00, 0x6B, 0xFF, 0xF7, 0x01, 0x01, 0xFF, 0xF7, 0x01, 0x20, 0xFF, 0xFE, 0x01, 0x22,
    0xFF, 0xFC, 0x01, 0x25, 0xFF, 0xDE, 0x01, 0x2F, 0xFF, 0xF3, 0x01, 0x4A, 0xFF, 0xD0, 0x00, 0x0B,
    0x00, 0xDB, 0x00, 0x14, 0x00, 0xE1, 0x00, 0x14, 0x01, 0x1C, 0x00, 0x3C, 0x01, 0x1E, 0x00, 0x3C,
    0x01, 0x22, 0x00, 0x28, 0x01, 0x25, 0x00, 0x46, 0x01, 0x2F, 0x00, 0x3C, 0x01, 0x31, 0x00, 0x50,
    0x01, 0x33, 0x00, 0x50, 0x01, 0x49, 0x00, 0x28, 0x01, 0x4A, 0x00, 0x50, 0x00, 0x0B, 0x00, 0x15,
    0xFF, 0xF9, 0x00, 0x39, 0xFF, 0xF4, 0x00, 0x65, 0xFF, 0xF0, 0x00, 0x89, 0xFF, 0xED, 0x00, 0xAF,
    0xFF, 0xF3, 0x00, 0xFE, 0xFF, 0xDC, 0x01, 0x20, 0xFF, 0xC5, 0x01, 0x22, 0xFF, 0xFE, 0x01, 0x25,
    0xFF, 0xE6, 0x01, 0x44, 0xFF, 0xFE, 0x01, 0x4A, 0xFF, 0xD4, 0x00, 0x0B, 0x00, 0x15, 0xFF, 0xF9,
    0x00, 0x39, 0xFF, 0xF0, 0x00, 0x65, 0xFF, 0xED, 0x00, 0x89, 0xFF, 0xF2, 0x00, 0xAF, 0xFF, 0xF6,
    0x00, 0xFE, 0xFF, 0xE0, 0x01, 0x1E, 0x00, 0x01, 0x01, 0x20, 0xFF, 0xD5, 0x01, 0x25, 0xFF, 0xE5,
    0x01, 0x4A, 0xFF, 0xCF, 0x01, 0x4E, 0x00, 0x01, 0x00, 0x0B, 0x00, 0x0B, 0xFF, 0xA0, 0x00, 0x15,
    0xFF, 0xEE, 0x00, 0x39, 0xFF, 0xE1, 0x00, 0x89, 0xFF, 0xC4, 0x00, 0x9B, 0xFF, 0xFE, 0x00, 0x9D,
    0x00, 0x1F, 0x00, 0x9E, 0x00, 0x16, 0x00, 0xA0, 0x00, 0x09, 0x00, 0xA6, 0xFF, 0xFE, 0x00, 0xAF,
    0xFF, 0xE8, 0x00, 0xCD, 0xFF, 0xF5, 0x00, 0x0C, 0x00, 0x65, 0xFF, 0xE9, 0x00, 0x9D, 0x00, 0x02,
    0x00, 0x9E, 0x00, 0x01, 0x00, 0xDB, 0xFF, 0xFA, 0x01, 0x01, 0xFF, 0xF0, 0x01, 0x22, 0xFF, 0xFE,
    0x01, 0x25, 0xFF, 0xE2, 0x01, 0x2D, 0xFF, 0xBF, 0x01, 0x2F, 0xFF, 0xD6, 0x01, 0x31, 0xFF, 0xE0,
    0x01, 0x33, 0xFF, 0xDA, 0x01, 0x4A, 0xFF, 0xE1, 0x00, 0x0C, 0x00, 0x2A, 0x00, 0x41, 0x00, 0x2B,
    0x00, 0x25, 0x00, 0x9D, 0x00, 0x0E, 0x00, 0x9E, 0x00, 0x21, 0x00, 0xA0, 0x00, 0x01, 0x00, 0xCD,
    0xFF, 0xFF, 0x00, 0xDB, 0xFF, 0xE9, 0x00, 0xFE, 0xFF, 0xEB, 0x01, 0x00, 0xFF, 0xF8, 0x01, 0x2F,
    0x00, 0x0C, 0x01, 0x31, 0x00, 0x13, 0x01, 0x33, 0x00, 0x15, 0x00, 0x0C, 0x00, 0x15, 0xFF, 0xFF,
    0x00, 0x9D, 0x00, 0x0B, 0x00, 0x9E, 0x00, 0x0F, 0x01, 0x1C, 0x00, 0x01, 0x01, 0x20, 0xFF, 0xFE,
    0x01, 0x24, 0xFF, 0xF7, 0x01, 0x31, 0x00, 0x09, 0x01, 0x33, 0x00, 0x0A, 0x01, 0x37, 0x00, 0x02,
    0x01, 0x39, 0x00, 0x02, 0x01, 0x3E, 0x00, 0x0B, 0x01, 0x3F, 0x00, 0x0B, 0x00, 0x0C, 0x00, 0x15,
    0xFF, 0xFF, 0x00, 0x9D, 0x00, 0x0B, 0x00, 0x9E, 0x00, 0x0F, 0x01, 0x20, 0xFF, 0xFE, 0x01, 0x22,
    0xFF, 0xFD, 0x01, 0x24, 0xFF, 0xF7, 0x01, 0x36, 0xFF, 0xFE, 0x01, 0x37, 0xFF, 0xF2, 0x01, 0x38,
    0xFF, 0xFE, 0x01, 0x39, 0xFF, 0xF2, 0x01, 0x3E, 0xFF, 0xEE, 0x01, 0x3F, 0xFF, 0xEE, 0x00, 0x0C,
    0x00, 0x15, 0xFF, 0xFF, 0x00, 0x65, 0xFF, 0xE0, 0x00, 0x6B, 0xFF, 0xF9, 0x01, 0x01, 0xFF, 0xF7,
    0x01, 0x20, 0xFF, 0xFE, 0x01, 0x22, 0xFF, 0xFC, 0x01, 0x24, 0xFF, 0xF7, 0x01, 0x25, 0xFF, 0xDD,
    0x01, 0x2F, 0xFF, 0xED, 0x01, 0x31, 0xFF, 0xF7, 0x01, 0x33, 0xFF, 0xF5, 0x01, 0x4A, 0xFF, 0xD0,
    0x00, 0x0D, 0x00, 0x2A, 0x00, 0x25, 0x00, 0x2B, 0x00, 0x24, 0x00, 0x2D, 0x00, 0x0D, 0x00, 0x9D,
    0x00, 0x0E, 0x00, 0x9E, 0x00, 0x21, 0x00, 0xA0, 0x00, 0x01, 0x00, 0xCD, 0xFF, 0xFF, 0x00, 0xDB,
    0xFF, 0xE9, 0x00, 0xFE, 0xFF, 0xEB, 0x01, 0x00, 0xFF, 0xF8, 0x01, 0x2F, 0x00, 0x11, 0x01, 0x31,
    0x00, 0x09, 0x01, 0x33, 0x00, 0x0E, 0x00, 0x0D, 0x00, 0x15, 0xFF, 0xFB, 0x00, 0x39, 0xFF, 0xF3,
    0x00, 0x65, 0xFF, 0xF0, 0x00, 0x89, 0xFF, 0xF0, 0x00, 0x9D, 0x00, 0x0D, 0x00, 0x9E, 0x00, 0x03,
    0x00, 0xAF, 0xFF, 0xF7, 0x00, 0xFE, 0xFF, 0xE7, 0x01, 0x20, 0xFF, 0xDA, 0x01, 0x25, 0xFF, 0xEE,
    0x01, 0x2F, 0xFF, 0xF6, 0x01, 0x45, 0xFF, 0xF2, 0x01, 0x4A, 0xFF, 0xF3, 0x00, 0x0D, 0x00, 0x15,
    0xFF, 0xFF, 0x00, 0x58, 0x00, 0x14, 0x00, 0x59, 0x00, 0x14, 0x00, 0x5A, 0x00, 0x14, 0x00, 0x66,
    0x00, 0x14, 0x00, 0x67, 0x00, 0x14, 0x00, 0x68, 0x00, 0x14, 0x00, 0x69, 0x00, 0x14, 0x00, 0x6A,
    0x00, 0x14, 0x00, 0x9D, 0x00, 0x0B, 0x00, 0x9E, 0x00, 0x0F, 0x01, 0x20, 0xFF, 0xFE, 0x01, 0x24,
    0xFF, 0xF7, 0x00, 0x0D, 0x00, 0x0B, 0xFF, 0xF1, 0x00, 0x65, 0xFF, 0xE2, 0x00, 0x6B, 0xFF, 0xE7,
    0x01, 0x01, 0xFF, 0xF7, 0x01, 0x20, 0xFF, 0xFE, 0x01, 0x22, 0xFF, 0xFD, 0x01, 0x24, 0xFF, 0xE6,
    0x01, 0x25, 0xFF, 0xE0, 0x01, 0x2D, 0xFF, 0xCF, 0x01, 0x2F, 0xFF, 0xDE, 0x01, 0x31, 0xFF, 0xE6,
    0x01, 0x33, 0xFF, 0xE5, 0x01, 0x4A, 0xFF, 0xD3, 0x00, 0x0D, 0x00, 0x0B, 0xFF, 0xA8, 0x00, 0x15,
    0xFF, 0xE9, 0x00, 0x39, 0xFF, 0xE1, 0x00, 0x89, 0xFF, 0xBE, 0x00, 0x9B, 0xFF, 0xF0, 0x00, 0x9C,
    0xFF, 0xFE, 0x00, 0x9D, 0x00, 0x22, 0x00, 0x9E, 0x00, 0x1B, 0x00, 0xA0, 0x00, 0x10, 0x00, 0xA4,
    0xFF, 0xFE, 0x00, 0xA6, 0xFF, 0xEE, 0x00, 0xAF, 0xFF, 0xE8, 0x00, 0xCD, 0xFF, 0xF0, 0x00, 0x0E,
    0x00, 0x65, 0xFF, 0xD2, 0x00, 0x6B, 0xFF, 0xFB, 0x00, 0xDB, 0xFF, 0xF1, 0x00, 0xF7, 0xFF, 0xF1,
    0x00, 0xF8, 0xFF, 0xEB, 0x01, 0x01, 0xFF, 0xE1, 0x01, 0x20, 0xFF, 0xFE, 0x01, 0x22, 0xFF, 0xE6,
    0x01, 0x25, 0xFF, 0xD1, 0x01, 0x2F, 0xFF, 0xED, 0x01, 0x31, 0xFF, 0xFE, 0x01, 0x33, 0xFF, 0xFE,
    0x01, 0x49, 0xFF, 0xF0, 0x01, 0x4A, 0xFF, 0xCB, 0x00, 0x0E, 0x00, 0x15, 0xFF, 0xFA, 0x00, 0x39,
    0xFF, 0xFB, 0x00, 0x89, 0xFF, 0xDF, 0x00, 0xAF, 0xFF, 0xF3, 0x00, 0xF7, 0xFF, 0xFE, 0x00, 0xFE,
    0xFF, 0xD1, 0x01, 0x00, 0xFF, 0xFC, 0x01, 0x1E, 0x00, 0x0E, 0x01, 0x20, 0xFF, 0xB8, 0x01, 0x25,
    0xFF, 0xEB, 0x01, 0x44, 0xFF, 0xF2, 0x01, 0x45, 0xFF, 0xF2, 0x01, 0x4A, 0xFF, 0xD8, 0x01, 0x4E,
    0x00, 0x10, 0x00, 0x0E, 0x00, 0x65, 0xFF, 0xD1, 0x00, 0x6B, 0xFF, 0xFA, 0x00, 0xDB, 0xFF, 0xF1,
    0x00, 0xF7, 0xFF, 0xF2, 0x00, 0xF8, 0xFF, 0xED, 0x01, 0x01, 0xFF, 0xE3, 0x01, 0x20, 0xFF, 0xFE,
    0x01, 0x22, 0xFF, 0xE7, 0x01, 0x25, 0xFF, 0xD1, 0x01, 0x2F, 0xFF, 0xED, 0x01, 0x31, 0xFF, 0xFE,
    0x01, 0x33, 0xFF, 0xFE, 0x01, 0x49, 0xFF, 0xF2, 0x01, 0x4A, 0xFF, 0xCB, 0x00, 0x0E, 0x00, 0x15,
    0xFF, 0xF9, 0x00, 0x39, 0xFF, 0xF0, 0x00, 0x58, 0xFF, 0xB3, 0x00, 0x59, 0xFF, 0xB3, 0x00, 0x5A,
    0xFF, 0xB3, 0x00, 0x65, 0xFF, 0xED, 0x00, 0x89, 0xFF, 0xF2, 0x00, 0xAF, 0xFF, 0xF6, 0x00, 0xFE,
    0xFF, 0xE0, 0x01, 0x1E, 0x00, 0x01, 0x01, 0x20, 0xFF, 0xD5, 0x01, 0x25, 0xFF, 0xE5, 0x01, 0x4A,
    0xFF, 0xCF, 0x01, 0x4E, 0x00, 0x01, 0x00, 0x0F, 0x00, 0x15, 0xFF, 0xEF, 0x00, 0x39, 0xFF, 0xF8,
    0x00, 0x89, 0xFF, 0xEC, 0x00, 0x9B, 0xFF, 0xFF, 0x00, 0x9D, 0x00, 0x17, 0x00, 0x9E, 0x00, 0x1F,
    0x00, 0xA0, 0x00, 0x03, 0x00, 0xA6, 0xFF, 0xFF, 0x00, 0xAF, 0xFF, 0xF5, 0x00, 0xDB, 0xFF, 0xEF,
    0x00, 0xFE, 0xFF, 0xEE, 0x01, 0x00, 0xFF, 0xF8, 0x01, 0x20, 0xFF, 0xD8, 0x01, 0x44, 0xFF, 0xF2,
    0x01, 0x48, 0xFF, 0xED, 0x00, 0x10, 0x00, 0x0B, 0xFF, 0xEB, 0x00, 0x15, 0xFF, 0xFB, 0x00, 0x65,
    0xFF, 0xEC, 0x00, 0x6B, 0xFF, 0xDD, 0x00, 0x9D, 0x00, 0x03, 0x00, 0x9E, 0x00, 0x02, 0x00, 0xDB,
    0xFF, 0xFC, 0x00, 0xE1, 0xFF, 0xF7, 0x01, 0x01, 0xFF, 0xF4, 0x01, 0x24, 0xFF, 0xE6, 0x01, 0x25,
    0xFF, 0xE6, 0x01, 0x2D, 0xFF, 0xC1, 0x01, 0x2F, 0xFF, 0xD9, 0x01, 0x31, 0xFF, 0xE4, 0x01, 0x33,
    0xFF, 0xDE, 0x01, 0x4A, 0xFF, 0xE4, 0x00, 0x10, 0x00, 0x15, 0xFF, 0xF6, 0x00, 0x39, 0xFF, 0xFA,
    0x00, 0x89, 0xFF, 0xF1, 0x00, 0x9B, 0xFF, 0xFF, 0x00, 0x9D, 0x00, 0x17, 0x00, 0x9E, 0x00, 0x1E,
    0x00, 0xA0, 0x00, 0x02, 0x00, 0xA6, 0xFF, 0xFF, 0x00, 0xAF, 0xFF, 0xF8, 0x00, 0xDB, 0xFF, 0xF0,
    0x00, 0xFE, 0xFF, 0xF1, 0x01, 0x00, 0xFF, 0xFB, 0x01, 0x20, 0xFF, 0xDC, 0x01, 0x44, 0xFF, 0xF7,
    0x01, 0x48, 0xFF, 0xF4, 0x01, 0x4E, 0xFF, 0xFD, 0x00, 0x10, 0x00, 0x15, 0xFF, 0xFF, 0x00, 0x58,
    0xFF, 0xB9, 0x00, 0x59, 0xFF, 0xB9, 0x00, 0x5A, 0xFF, 0xB9, 0x00, 0x65, 0xFF, 0xE0, 0x00, 0x6B,
    0xFF, 0xF9, 0x00, 0x9E, 0x00, 0x02, 0x01, 0x01, 0xFF, 0xF7, 0x01, 0x20, 0xFF, 0xFE, 0x01, 0x22,
    0xFF, 0xFC, 0x01, 0x24, 0xFF, 0xF7, 0x01, 0x25, 0xFF, 0xDD, 0x01, 0x2F, 0xFF, 0xED, 0x01, 0x31,
    0xFF, 0xF7, 0x01, 0x33, 0xFF, 0xF5, 0x01, 0x4A, 0xFF, 0xD0, 0x00, 0x10, 0x00, 0x15, 0xFF, 0xFF,
    0x00, 0x58, 0xFF, 0xB7, 0x00, 0x59, 0xFF, 0xB7, 0x00, 0x5A, 0xFF, 0xB7, 0x00, 0x65, 0xFF, 0xE0,
    0x00, 0x6B, 0xFF, 0xF9, 0x00, 0x9E, 0x00, 0x01, 0x01, 0x01, 0xFF, 0xF7, 0x01, 0x20, 0xFF, 0xFE,
    0x01, 0x22, 0xFF, 0xFC, 0x01, 0x24, 0xFF, 0xF7, 0x01, 0x25, 0xFF, 0xDD, 0x01, 0x2F, 0xFF, 0xED,
    0x01, 0x31, 0xFF, 0xF7, 0x01, 0x33, 0xFF, 0xF5, 0x01, 0x4A, 0xFF, 0xD0, 0x00, 0x10, 0x00, 0x15,
    0xFF, 0xF2, 0x00, 0x58, 0xFF, 0xC3, 0x00, 0x59, 0xFF, 0xC3, 0x00, 0x5A, 0xFF, 0xC3, 0x00, 0x65,
    0xFF, 0xCC, 0x00, 0x66, 0xFF, 0xD9, 0x00, 0x67, 0xFF, 0xD9, 0x00, 0x68, 0xFF, 0xD9, 0x00, 0x69,
    0xFF, 0xD9, 0x00, 0x6A, 0xFF, 0xD9, 0x00, 0x6B, 0xFF, 0xF1, 0x00, 0x6C, 0xFF, 0xBD, 0x00, 0x6D,
    0xFF, 0xBD, 0x00, 0x6E, 0xFF, 0xBD, 0x00, 0x6F, 0xFF, 0xBD, 0x00, 0x70, 0xFF, 0xBD, 0x00, 0x11,
    0x00, 0x15, 0xFF, 0xF6, 0x00, 0x2A, 0x00, 0x01, 0x00, 0x39, 0xFF, 0xFA, 0x00, 0x89, 0xFF, 0xF1,
    0x00, 0x9B, 0xFF, 0xFF, 0x00, 0x9D, 0x00, 0x17, 0x00, 0x9E, 0x00, 0x1E, 0x00, 0xA0, 0x00, 0x02,
    0x00, 0xA6, 0xFF, 0xFF, 0x00, 0xAF, 0xFF, 0xF8, 0x00, 0xDB, 0xFF, 0xF0, 0x00, 0xFE, 0xFF, 0xF1,
    0x01, 0x00, 0xFF, 0xFB, 0x01, 0x20, 0xFF, 0xDC, 0x01, 0x44, 0xFF, 0xF7, 0x01, 0x48, 0xFF, 0xF4,
    0x01, 0x4E, 0xFF, 0xFD, 0x00, 0x11, 0x00, 0x15, 0xFF, 0xF6, 0x00, 0x2B, 0x00, 0x01, 0x00, 0x39,
    0xFF, 0xFA, 0x00, 0x89, 0xFF, 0xF1, 0x00, 0x9B, 0xFF, 0xFF, 0x00, 0x9D, 0x00, 0x17, 0x00, 0x9E,
    0x00, 0x1E, 0x00, 0xA0, 0x00, 0x02, 0x00, 0xA6, 0xFF, 0xFF, 0x00, 0xAF, 0xFF, 0xF8, 0x00, 0xDB,
    0xFF, 0xF0, 0x00, 0xFE, 0xFF, 0xF1, 0x01, 0x00, 0xFF, 0xFB, 0x01, 0x20, 0xFF, 0xDC, 0x01, 0x44,
    0xFF, 0xF7, 0x01, 0x48, 0xFF, 0xF4, 0x01, 0x4E, 0xFF, 0xFD, 0x00, 0x11, 0x00, 0x15, 0xFF, 0xF6,
    0x00, 0x39, 0xFF, 0xFA, 0x00, 0x89, 0xFF, 0xF1, 0x00, 0x9B, 0xFF, 0xFF, 0x00, 0x9D, 0x00, 0x17,
    0x00, 0x9E, 0x00, 0x1E, 0x00, 0xA0, 0x00, 0x02, 0x00, 0xA5, 0x00, 0x14, 0x00, 0xA6, 0xFF, 0xFF,
    0x00, 0xAF, 0xFF, 0xF8, 0x00, 0xDB, 0xFF, 0xF0, 0x00, 0xFE, 0xFF, 0xF1, 0x01, 0x00, 0xFF, 0xFB,
    0x01, 0x20, 0xFF, 0xDC, 0x01, 0x44, 0xFF, 0xF7, 0x01, 0x48, 0xFF, 0xF4, 0x01, 0x4E, 0xFF, 0xFD,
    0x00, 0x11, 0x00, 0x0B, 0xFF, 0xCD, 0x00, 0x15, 0xFF, 0xF8, 0x00, 0x1E, 0x00, 0x01, 0x00, 0x39,
    0xFF, 0xF1, 0x00, 0x89, 0xFF, 0xDE, 0x00, 0x9D, 0x00, 0x1C, 0x00, 0x9E, 0x00, 0x25, 0x00, 0xA0,
    0x00, 0x03, 0x00, 0xAF, 0xFF, 0xF0, 0x00, 0xFE, 0xFF, 0xD7, 0x01, 0x1E, 0x00, 0x09, 0x01, 0x20,
    0xFF, 0xBF, 0x01, 0x24, 0xFF, 0xCC, 0x01, 0x2D, 0xFF, 0xD0, 0x01, 0x45, 0xFF, 0xE3, 0x01, 0x4A,
    0x00, 0x05, 0x01, 0x4E, 0x00, 0x06, 0x00, 0x11, 0x00, 0x15, 0xFF, 0xFF, 0x00, 0x26, 0xFF, 0xFA,
    0x00, 0x29, 0xFF, 0xFA, 0x00, 0x2A, 0xFF, 0xFA, 0x00, 0x2B, 0xFF, 0xFA, 0x00, 0x2C, 0xFF, 0xFA,
    0x00, 0x2D, 0xFF, 0xFA, 0x00, 0x2E, 0xFF, 0xFA, 0x00, 0x2F, 0xFF, 0xFA, 0x00, 0x65, 0xFF, 0xE2,
    0x00, 0x6B, 0xFF, 0xF7, 0x01, 0x01, 0xFF, 0xF7, 0x01, 0x20, 0xFF, 0xFE, 0x01, 0x22, 0xFF, 0xFC,
    0x01, 0x25, 0xFF, 0xDE, 0x01, 0x2F, 0xFF, 0xF3, 0x01, 0x4A, 0xFF, 0xD0, 0x00, 0x11, 0x00, 0x0B,
    0xFF, 0xFD, 0x00, 0x39, 0xFF, 0xFF, 0x00, 0x65, 0xFF, 0xD4, 0x00, 0x6B, 0xFF, 0xEA, 0x00, 0xDB,
    0xFF, 0xF4, 0x00, 0xE1, 0xFF, 0xF1, 0x00, 0xF8, 0xFF, 0xF2, 0x01, 0x01, 0xFF, 0xE5, 0x01, 0x20,
    0xFF, 0xFD, 0x01, 0x22, 0xFF, 0xE9, 0x01, 0x24, 0xFF, 0xF2, 0x01, 0x25, 0xFF, 0xD3, 0x01, 0x2D,
    0xFF, 0xD6, 0x01, 0x2F, 0xFF, 0xE4, 0x01, 0x31, 0xFF, 0xED, 0x01, 0x33, 0xFF, 0xED, 0x01, 0x4A,
    0xFF, 0xCB, 0x00, 0x11, 0x00, 0x0B, 0xFF, 0xF1, 0x00, 0x58, 0xFF, 0xB7, 0x00, 0x59, 0xFF, 0xB7,
    0x00, 0x5A, 0xFF, 0xB7, 0x00, 0x65, 0xFF, 0xE2, 0x00, 0x6B, 0xFF, 0xE7, 0x00, 0x9D, 0x00, 0x01,
    0x01, 0x01, 0xFF, 0xF7, 0x01, 0x20, 0xFF, 0xFE, 0x01, 0x22, 0xFF, 0xFD, 0x01, 0x24, 0xFF, 0xE6,
    0x01, 0x25, 0xFF, 0xE0, 0x01, 0x2D, 0xFF, 0xCF, 0x01, 0x2F, 0xFF, 0xDE, 0x01, 0x31, 0xFF, 0xE6,
    0x01, 0x33, 0xFF, 0xE5, 0x01, 0x4A, 0xFF, 0xD3, 0x00, 0x11, 0x00, 0x0B, 0xFF, 0xF1, 0x00, 0x58,
    0xFF, 0xB9, 0x00, 0x59, 0xFF, 0xB9, 0x00, 0x5A, 0xFF, 0xB9, 0x00, 0x65, 0xFF, 0xE2, 0x00, 0x6B,
    0xFF, 0xE7, 0x00, 0x9D, 0x00, 0x01, 0x01, 0x01, 0xFF, 0xF7, 0x01, 0x20, 0xFF, 0xFE, 0x01, 0x22,
    0xFF, 0xFD, 0x01, 0x24, 0xFF, 0xE6, 0x01, 0x25, 0xFF, 0xE0, 0x01, 0x2D, 0xFF, 0xCF, 0x01, 0x2F,
    0xFF, 0xDE, 0x01, 0x31, 0xFF, 0xE6, 0x01, 0x33, 0xFF, 0xE5, 0x01, 0x4A, 0xFF, 0xD3, 0x00, 0x12,
    0x00, 0x0B, 0xFF, 0xE6, 0x00, 0x39, 0xFF, 0xFD, 0x00, 0x65, 0xFF, 0xE8, 0x00, 0x6B, 0xFF, 0xDB,
    0x00, 0x9D, 0x00, 0x02, 0x00, 0x9E, 0x00, 0x01, 0x00, 0xDB, 0xFF, 0xFA, 0x00, 0xE1, 0xFF, 0xF4,
    0x00, 0xFB, 0xFF, 0xFB, 0x01, 0x01, 0xFF, 0xEE, 0x01, 0x22, 0xFF, 0xFE, 0x01, 0x24, 0xFF, 0xE2,
    0x01, 0x25, 0xFF, 0xE2, 0x01, 0x2D, 0xFF, 0xC1, 0x01, 0x2F, 0xFF, 0xD5, 0x01, 0x31, 0xFF, 0xDF,
    0x01, 0x33, 0xFF, 0xD9, 0x01, 0x4A, 0xFF, 0xE1, 0x00, 0x12, 0x00, 0x0B, 0xFF, 0xE5, 0x00, 0x39,
    0xFF, 0xFD, 0x00, 0x65, 0xFF, 0xE7, 0x00, 0x6B, 0xFF, 0xDD, 0x00, 0x9D, 0x00, 0x02, 0x00, 0x9E,
    0x00, 0x01, 0x00, 0xDB, 0xFF, 0xF9, 0x00, 0xE1, 0xFF, 0xF4, 0x00, 0xFB, 0xFF, 0xFB, 0x01, 0x01,
    0xFF, 0xED, 0x01, 0x22, 0xFF, 0xFE, 0x01, 0x24, 0xFF, 0xE1, 0x01, 0x25, 0xFF, 0xE1, 0x01, 0x2D,
    0xFF, 0xBD, 0x01, 0x2F, 0xFF, 0xD4, 0x01, 0x31, 0xFF, 0xDF, 0x01, 0x33, 0xFF, 0xD9, 0x01, 0x4A,
    0xFF, 0xE0, 0x00, 0x12, 0x00, 0x0B, 0xFF, 0xF8, 0x00, 0x15, 0xFF, 0xFB, 0x00, 0x65, 0xFF, 0xEE,
    0x00, 0x6B, 0xFF, 0xE0, 0x00, 0x9D, 0x00, 0x04, 0x00, 0x9E, 0x00, 0x03, 0x00, 0xAF, 0xFF, 0xFF,
    0x00, 0xDB, 0xFF, 0xFC, 0x00, 0xE1, 0xFF, 0xFC, 0x01, 0x01, 0xFF, 0xFB, 0x01, 0x20, 0xFF, 0xFD,
    0x01, 0x24, 0xFF, 0xF0, 0x01, 0x25, 0xFF, 0xE8, 0x01, 0x2D, 0xFF, 0xC9, 0x01, 0x2F, 0xFF, 0xDE,
    0x01, 0x31, 0xFF, 0xE9, 0x01, 0x33, 0xFF, 0xE5, 0x01, 0x4A, 0xFF, 0xEB, 0x00, 0x12, 0x00, 0x58,
    0xFF, 0xA9, 0x00, 0x59, 0xFF, 0xA9, 0x00, 0x5A, 0xFF, 0xA9, 0x00, 0x65, 0xFF, 0xD2, 0x00, 0x6B,
    0xFF, 0xFB, 0x00, 0x9D, 0x00, 0x01, 0x00, 0xDB, 0xFF, 0xF1, 0x00, 0xF7, 0xFF, 0xF1, 0x00, 0xF8,
    0xFF, 0xEB, 0x01, 0x01, 0xFF, 0xE1, 0x01, 0x20, 0xFF, 0xFE, 0x01, 0x22, 0xFF, 0xE6, 0x01, 0x25,
    0xFF, 0xD1, 0x01, 0x2F, 0xFF, 0xED, 0x01, 0x31, 0xFF, 0xFE, 0x01, 0x33, 0xFF, 0xFE, 0x01, 0x49,
    0xFF, 0xF0, 0x01, 0x4A, 0xFF, 0xCB, 0x00, 0x12, 0x00, 0x58, 0xFF, 0xAB, 0x00, 0x59, 0xFF, 0xAB,
    0x00, 0x5A, 0xFF, 0xAB, 0x00, 0x65, 0xFF, 0xD2, 0x00, 0x6B, 0xFF, 0xFB, 0x00, 0x9E, 0x00, 0x02,
    0x00, 0xDB, 0xFF, 0xF1, 0x00, 0xF7, 0xFF, 0xF1, 0x00, 0xF8, 0xFF, 0xEB, 0x01, 0x01, 0xFF, 0xE1,
    0x01, 0x20, 0xFF, 0xFE, 0x01, 0x22, 0xFF, 0xE6, 0x01, 0x25, 0xFF, 0xD1, 0x01, 0x2F, 0xFF, 0xED,
    0x01, 0x31, 0xFF, 0xFE, 0x01, 0x33, 0xFF, 0xFE, 0x01, 0x49, 0xFF, 0xF0, 0x01, 0x4A, 0xFF, 0xCB,
    0x00, 0x12, 0x00, 0x58, 0xFF, 0xAA, 0x00, 0x59, 0xFF, 0xAA, 0x00, 0x5A, 0xFF, 0xAA, 0x00, 0x65,
    0xFF, 0xD2, 0x00, 0x6B, 0xFF, 0xFB, 0x00, 0x9E, 0x00, 0x01, 0x00, 0xDB, 0xFF, 0xF1, 0x00, 0xF7,
    0xFF, 0xF1, 0x00, 0xF8, 0xFF, 0xEB, 0x01, 0x01, 0xFF, 0xE1, 0x01, 0x20, 0xFF, 0xFE, 0x01, 0x22,
    0xFF, 0xE6, 0x01, 0x25, 0xFF, 0xD1, 0x01, 0x2F, 0xFF, 0xED, 0x01, 0x31, 0xFF, 0xFE, 0x01, 0x33,
    0xFF, 0xFE, 0x01, 0x49, 0xFF, 0xF0, 0x01, 0x4A, 0xFF, 0xCB, 0x00, 0x12, 0x00, 0x58, 0xFF, 0xAD,
    0x00, 0x59, 0xFF, 0xAD, 0x00, 0x5A, 0xFF, 0xAD, 0x00, 0x65, 0xFF, 0xD1, 0x00, 0x6B, 0xFF, 0xFA,
    0x00, 0x9E, 0x00, 0x01, 0x00, 0xDB, 0xFF, 0xF1, 0x00, 0xF7, 0xFF, 0xF2, 0x00, 0xF8, 0xFF, 0xED,
    0x01, 0x01, 0xFF, 0xE3, 0x01, 0x20, 0xFF, 0xFE, 0x01, 0x22, 0xFF, 0xE7, 0x01, 0x25, 0xFF, 0xD1,
    0x01, 0x2F, 0xFF, 0xED, 0x01, 0x31, 0xFF, 0xFE, 0x01, 0x33, 0xFF, 0xFE, 0x01, 0x49, 0xFF, 0xF2,
    0x01, 0x4A, 0xFF, 0xCB, 0x00, 0x12, 0x00, 0x58, 0xFF, 0xC6, 0x00, 0x59, 0xFF, 0xC6, 0x00, 0x5A,
    0xFF, 0xC6, 0x00, 0x65, 0xFF, 0xE5, 0x00, 0x66, 0xFF, 0xF1, 0x00, 0x67, 0xFF, 0xF1, 0x00, 0x68,
    0xFF, 0xF1, 0x00, 0x69, 0xFF, 0xF1, 0x00, 0x6A, 0xFF, 0xF1, 0x00, 0x6C, 0xFF, 0xCE, 0x00, 0x6D,
    0xFF, 0xCE, 0x00, 0x6E, 0xFF, 0xCE, 0x00, 0x6F, 0xFF, 0xCE, 0x00, 0x70, 0xFF, 0xCE, 0x00, 0x9D,
    0x00, 0x02, 0x00, 0x9E, 0x00, 0x01, 0x00, 0xA5, 0x00, 0x0C, 0x00, 0xA6, 0x00, 0x06, 0x00, 0x12,
    0x00, 0x0B, 0xFF, 0xA0, 0x00, 0x15, 0xFF, 0xE6, 0x00, 0x39, 0xFF, 0xE1, 0x00, 0x78, 0xFF, 0xCD,
    0x00, 0x79, 0xFF, 0xCD, 0x00, 0x89, 0xFF, 0xB9, 0x00, 0x9B, 0xFF, 0xED, 0x00, 0x9C, 0xFF, 0xFE,
    0x00, 0x9D, 0x00, 0x25, 0x00, 0x9E, 0x00, 0x1A, 0x00, 0xA0, 0x00, 0x0E, 0x00, 0xA4, 0xFF, 0xFE,
    0x00, 0xA6, 0xFF, 0xEC, 0x00, 0xAF, 0xFF, 0xE8, 0x00, 0xCA, 0xFF, 0xD7, 0x00, 0xCD, 0xFF, 0xEF,
    0x00, 0xDB, 0xFF, 0xFE, 0x00, 0xE1, 0xFF, 0xFD, 0x00, 0x12, 0x00, 0x0B, 0xFF, 0xA0, 0x00, 0x15,
    0xFF, 0xE6, 0x00, 0x39, 0xFF, 0xE1, 0x00, 0x78, 0xFF, 0xCD, 0x00, 0x79, 0xFF, 0xCD, 0x00, 0x89,
    0xFF, 0xB9, 0x00, 0x9B, 0xFF, 0xED, 0x00, 0x9C, 0xFF, 0xFE, 0x00, 0x9D, 0x00, 0x25, 0x00, 0x9E,
    0x00, 0x1A, 0x00, 0xA0, 0x00, 0x0E, 0x00, 0xA4, 0xFF, 0xFE, 0x00, 0xA6, 0xFF, 0xEC, 0x00, 0xAF,
    0xFF, 0xE8, 0x00, 0xCA, 0xFF, 0xD7, 0x00, 0xCD, 0xFF, 0xF0, 0x00, 0xDB, 0xFF, 0xFE, 0x00, 0xE1,
    0xFF, 0xFD, 0x00, 0x13, 0x00, 0x0B, 0xFF, 0xB1, 0x00, 0x15, 0xFF, 0xF2, 0x00, 0x39, 0xFF, 0xE6,
    0x00, 0x65, 0xFF, 0xF5, 0x00, 0x6B, 0xFF, 0xD9, 0x00, 0x89, 0xFF, 0xDA, 0x00, 0xAF, 0xFF, 0xED,
    0x00, 0xFE, 0xFF, 0xD1, 0x01, 0x1E, 0x00, 0x0B, 0x01, 0x20, 0xFF, 0xB4, 0x01, 0x24, 0xFF, 0xC4,
    0x01, 0x25, 0xFF, 0xF1, 0x01, 0x2D, 0xFF, 0xBD, 0x01, 0x2F, 0xFF, 0xD8, 0x01, 0x31, 0xFF, 0xDF,
    0x01, 0x33, 0xFF, 0xDD, 0x01, 0x45, 0xFF, 0xDB, 0x01, 0x4A, 0xFF, 0xDB, 0x01, 0x4E, 0x00, 0x08,
    0x00, 0x13, 0x00, 0x0B, 0xFF, 0xDC, 0x00, 0x15, 0xFF, 0xFC, 0x00, 0x39, 0xFF, 0xF5, 0x00, 0x65,
    0xFF, 0xF4, 0x00, 0x6B, 0xFF, 0xE1, 0x00, 0x89, 0xFF, 0xF0, 0x00, 0xAF, 0xFF, 0xF9, 0x00, 0xFE,
    0xFF, 0xED, 0x01, 0x1E, 0x00, 0x09, 0x01, 0x20, 0xFF, 0xE8, 0x01, 0x24, 0xFF, 0xD4, 0x01, 0x25,
    0xFF, 0xED, 0x01, 0x2D, 0xFF, 0xCE, 0x01, 0x2F, 0xFF, 0xD8, 0x01, 0x31, 0xFF, 0xE0, 0x01, 0x33,
    0xFF, 0xDF, 0x01, 0x45, 0xFF, 0xEA, 0x01, 0x4A, 0xFF, 0xD8, 0x01, 0x4E, 0x00, 0x0C, 0x00, 0x13,
    0x00, 0x15, 0xFF, 0xF9, 0x00, 0x39, 0xFF, 0xF0, 0x00, 0x58, 0xFF, 0xB9, 0x00, 0x59, 0xFF, 0xB9,
    0x00, 0x5A, 0xFF, 0xB9, 0x00, 0x65, 0xFF, 0xED, 0x00, 0x6C, 0xFF, 0xCF, 0x00, 0x6D, 0xFF, 0xCF,
    0x00, 0x6E, 0xFF, 0xCF, 0x00, 0x6F, 0xFF, 0xCF, 0x00, 0x70, 0xFF, 0xCF, 0x00, 0x89, 0xFF, 0xF2,
    0x00, 0xAF, 0xFF, 0xF6, 0x00, 0xFE, 0xFF, 0xE0, 0x01, 0x1E, 0x00, 0x01, 0x01, 0x20, 0xFF, 0xD5,
    0x01, 0x25, 0xFF, 0xE5, 0x01, 0x4A, 0xFF, 0xCF, 0x01, 0x4E, 0x00, 0x01, 0x00, 0x14, 0x00, 0x08,
    0xFF, 0xF5, 0x00, 0x0B, 0xFF, 0xF9, 0x00, 0x39, 0xFF, 0xFF, 0x00, 0x65, 0xFF, 0xD2, 0x00, 0x6B,
    0xFF, 0xDE, 0x00, 0xDB, 0xFF, 0xF3, 0x00, 0xE1, 0xFF, 0xEC, 0x00, 0xF7, 0xFF, 0xF7, 0x00, 0xF8,
    0xFF, 0xEC, 0x00, 0xFB, 0xFF, 0xF8, 0x01, 0x01, 0xFF, 0xE2, 0x01, 0x22, 0xFF, 0xE6, 0x01, 0x24,
    0xFF, 0xEC, 0x01, 0x25, 0xFF, 0xD1, 0x01, 0x2D, 0xFF, 0xCE, 0x01, 0x2F, 0xFF, 0xDF, 0x01, 0x31,
    0xFF, 0xE6, 0x01, 0x33, 0xFF, 0xE6, 0x01, 0x49, 0xFF, 0xF4, 0x01, 0x4A, 0xFF, 0xCA, 0x00, 0x14,
    0x00, 0x0B, 0xFF, 0xF7, 0x00, 0x65, 0xFF, 0xD1, 0x00, 0x6B, 0xFF, 0xDC, 0x00, 0xDB, 0xFF, 0xF2,
    0x00, 0xE1, 0xFF, 0xEC, 0x00, 0xF7, 0xFF, 0xF5, 0x00, 0xF8, 0xFF, 0xE9, 0x00, 0xFB, 0xFF, 0xF6,
    0x01, 0x01, 0xFF, 0xE0, 0x01, 0x1E, 0xFF, 0xF4, 0x01, 0x22, 0xFF, 0xE6, 0x01, 0x24, 0xFF, 0xE9,
    0x01, 0x25, 0xFF, 0xD0, 0x01, 0x2D, 0xFF, 0xCC, 0x01, 0x2F, 0xFF, 0xDC, 0x01, 0x31, 0xFF, 0xE4,
    0x01, 0x33, 0xFF, 0xE2, 0x01, 0x49, 0xFF, 0xF3, 0x01, 0x4A, 0xFF, 0xCB, 0x01, 0x4E, 0xFF, 0xF4,
    0x00, 0x14, 0x00, 0x0B, 0xFF, 0xF7, 0x00, 0x65, 0xFF, 0xCF, 0x00, 0x6B, 0xFF, 0xDD, 0x00, 0xDB,
    0xFF, 0xF1, 0x00, 0xE1, 0xFF, 0xED, 0x00, 0xF7, 0xFF, 0xF0, 0x00, 0xF8, 0xFF, 0xE6, 0x00, 0xFB,
    0xFF, 0xF1, 0x01, 0x01, 0xFF, 0xDC, 0x01, 0x1E, 0xFF, 0xF4, 0x01, 0x22, 0xFF, 0xE1, 0x01, 0x24,
    0xFF, 0xE8, 0x01, 0x25, 0xFF, 0xCE, 0x01, 0x2D, 0xFF, 0xCE, 0x01, 0x2F, 0xFF, 0xDA, 0x01, 0x31,
    0xFF, 0xE3, 0x01, 0x33, 0xFF, 0xE1, 0x01, 0x49, 0xFF, 0xEF, 0x01, 0x4A, 0xFF, 0xCA, 0x01, 0x4E,
    0xFF, 0xF1, 0x00, 0x15, 0x00, 0x0B, 0xFF, 0xF4, 0x00, 0x15, 0x00, 0x00, 0x00, 0x65, 0xFF, 0xCC,
    0x00, 0x6B, 0xFF, 0xDB, 0x00, 0xDB, 0xFF, 0xEF, 0x00, 0xE1, 0xFF, 0xEC, 0x00, 0xF7, 0xFF, 0xF2,
    0x00, 0xF8, 0xFF, 0xE6, 0x00, 0xFB, 0xFF, 0xF1, 0x01, 0x01, 0xFF, 0xDB, 0x01, 0x1E, 0xFF, 0xF2,
    0x01, 0x22, 0xFF, 0xE4, 0x01, 0x24, 0xFF, 0xE7, 0x01, 0x25, 0xFF, 0xCE, 0x01, 0x2D, 0xFF, 0xCB,
    0x01, 0x2F, 0xFF, 0xDA, 0x01, 0x31, 0xFF, 0xE3, 0x01, 0x33, 0xFF, 0xE1, 0x01, 0x49, 0xFF, 0xF0,
    0x01, 0x4A, 0xFF, 0xCB, 0x01, 0x4E, 0xFF, 0xEF, 0x00, 0x15, 0x00, 0x0B, 0xFF, 0xD1, 0x00, 0x15,
    0xFF, 0xF8, 0x00, 0x39, 0xFF, 0xEE, 0x00, 0x65, 0xFF, 0xF3, 0x00, 0x6B, 0xFF, 0xDF, 0x00, 0x89,
    0xFF, 0xE7, 0x00, 0xAF, 0xFF, 0xF4, 0x00, 0xFC, 0xFF, 0xFB, 0x00, 0xFE, 0xFF, 0xE3, 0x01, 0x00,
    0xFF, 0xFB, 0x01, 0x1E, 0x00, 0x0D, 0x01, 0x20, 0xFF, 0xDE, 0x01, 0x24, 0xFF, 0xCA, 0x01, 0x25,
    0xFF, 0xF1, 0x01, 0x2D, 0xFF, 0xC5, 0x01, 0x2F, 0xFF, 0xD9, 0x01, 0x31, 0xFF, 0xE0, 0x01, 0x33,
    0xFF, 0xDE, 0x01, 0x45, 0xFF, 0xE4, 0x01, 0x4A, 0xFF, 0xDB, 0x01, 0x4E, 0x00, 0x0F, 0x00, 0x17,
    0x00, 0x0B, 0xFF, 0xF4, 0x00, 0x15, 0xFF, 0xFD, 0x00, 0x65, 0xFF, 0xCC, 0x00, 0x6B, 0xFF, 0xDB,
    0x00, 0xDB, 0xFF, 0xEF, 0x00, 0xE1, 0xFF, 0xEC, 0x00, 0xF7, 0xFF, 0xF2, 0x00, 0xF8, 0xFF, 0xE6,
    0x00, 0xFB, 0xFF, 0xF1, 0x01, 0x01, 0xFF, 0xDB, 0x01, 0x1E, 0xFF, 0xF8, 0x01, 0x22, 0xFF, 0xE6,
    0x01, 0x24, 0xFF, 0xE7, 0x01, 0x25, 0xFF, 0xCE, 0x01, 0x2D, 0xFF, 0xCB, 0x01, 0x2F, 0xFF, 0xDA,
    0x01, 0x31, 0xFF, 0xE3, 0x01, 0x33, 0xFF, 0xE1, 0x01, 0x36, 0xFF, 0xD7, 0x01, 0x38, 0xFF, 0xD7,
    0x01, 0x49, 0xFF, 0xF0, 0x01, 0x4A, 0xFF, 0xCB, 0x01, 0x4E, 0xFF, 0xEF, 0x00, 0x18, 0x00, 0x0B,
    0xFF, 0xF4, 0x00, 0x15, 0x00, 0x00, 0x00, 0x58, 0xFF, 0xAD, 0x00, 0x59, 0xFF, 0xAD, 0x00, 0x5A,
    0xFF, 0xAD, 0x00, 0x65, 0xFF, 0xCC, 0x00, 0x6B, 0xFF, 0xDB, 0x00, 0xDB, 0xFF, 0xEF, 0x00, 0xE1,
    0xFF, 0xEC, 0x00, 0xF7, 0xFF, 0xF2, 0x00, 0xF8, 0xFF, 0xE6, 0x00, 0xFB, 0xFF, 0xF1, 0x01, 0x01,
    0xFF, 0xDB, 0x01, 0x1E, 0xFF, 0xF2, 0x01, 0x22, 0xFF, 0xE4, 0x01, 0x24, 0xFF, 0xE7, 0x01, 0x25,
    0xFF, 0xCE, 0x01, 0x2D, 0xFF, 0xCB, 0x01, 0x2F, 0xFF, 0xDA, 0x01, 0x31, 0xFF, 0xE3, 0x01, 0x33,
    0xFF, 0xE1, 0x01, 0x49, 0xFF, 0xF0, 0x01, 0x4A, 0xFF, 0xCB, 0x01, 0x4E, 0xFF, 0xEF, 0x00, 0x19,
    0x00, 0x15, 0xFF, 0xEC, 0x00, 0x39, 0xFF, 0xF4, 0x00, 0x65, 0xFF, 0xBA, 0x00, 0x89, 0xFF, 0xF3,
    0x00, 0xAF, 0xFF, 0xF2, 0x00, 0xDB, 0xFF, 0xDD, 0x00, 0xF7, 0xFF, 0xC1, 0x00, 0xF8, 0xFF, 0xBC,
    0x00, 0xFD, 0xFF, 0xF4, 0x00, 0xFE, 0xFF, 0xF4, 0x00, 0xFF, 0xFF, 0xF0, 0x01, 0x00, 0xFF, 0xEE,
    0x01, 0x01, 0xFF, 0xDA, 0x01, 0x02, 0xFF, 0xF7, 0x01, 0x03, 0xFF, 0xF0, 0x01, 0x1E, 0xFF, 0xCD,
    0x01, 0x20, 0xFF, 0xD8, 0x01, 0x22, 0xFF, 0xBA, 0x01, 0x25, 0xFF, 0xBA, 0x01, 0x44, 0xFF, 0xF2,
    0x01, 0x48, 0xFF, 0xE7, 0x01, 0x49, 0xFF, 0xC0, 0x01, 0x4A, 0xFF, 0xAF, 0x01, 0x4E, 0xFF, 0xD3,
    0x01, 0x50, 0xFF, 0xF4, 0x00, 0x19, 0x00, 0x0B, 0xFF, 0xF7, 0x00, 0x58, 0xFF, 0xAE, 0x00, 0x59,
    0xFF, 0xAE, 0x00, 0x5A, 0xFF, 0xAE, 0x00, 0x65, 0xFF, 0xD1, 0x00, 0x6B, 0xFF, 0xDC, 0x00, 0x9D,
    0x00, 0x02, 0x00, 0x9E, 0x00, 0x01, 0x00, 0xDB, 0xFF, 0xF2, 0x00, 0xE1, 0xFF, 0xEC, 0x00, 0xF7,
    0xFF, 0xF5, 0x00, 0xF8, 0xFF, 0xE9, 0x00, 0xFB, 0xFF, 0xF6, 0x01, 0x01, 0xFF, 0xE0, 0x01, 0x1E,
    0xFF, 0xF4, 0x01, 0x22, 0xFF, 0xE6, 0x01, 0x24, 0xFF, 0xE9, 0x01, 0x25, 0xFF, 0xD0, 0x01, 0x2D,
    0xFF, 0xCC, 0x01, 0x2F, 0xFF, 0xDC, 0x01, 0x31, 0xFF, 0xE4, 0x01, 0x33, 0xFF, 0xE2, 0x01, 0x49,
    0xFF, 0xF3, 0x01, 0x4A, 0xFF, 0xCB, 0x01, 0x4E, 0xFF, 0xF4, 0x00, 0x19, 0x00, 0x15, 0xFF, 0xFF,
    0x00, 0x58, 0xFF, 0xEC, 0x00, 0x59, 0xFF, 0xEC, 0x00, 0x5A, 0xFF, 0xEC, 0x00, 0x65, 0xFF, 0xF1,
    0x00, 0x66, 0xFF, 0xFE, 0x00, 0x67, 0xFF, 0xFE, 0x00, 0x68, 0xFF, 0xFE, 0x00, 0x69, 0xFF, 0xFE,
    0x00, 0x6A, 0xFF, 0xFE, 0x00, 0x6C, 0xFF, 0xE1, 0x00, 0x6D, 0xFF, 0xE1, 0x00, 0x6E, 0xFF, 0xE1,
    0x00, 0x6F, 0xFF, 0xE1, 0x00, 0x70, 0xFF, 0xE1, 0x00, 0x9D, 0x00, 0x09, 0x00, 0x9E, 0x00, 0x01,
    0x01, 0x20, 0xFF, 0xFE, 0x01, 0x22, 0xFF, 0xFE, 0x01, 0x24, 0xFF, 0xF7, 0x01, 0x2F, 0xFF, 0xF4,
    0x01, 0x37, 0xFF, 0xFD, 0x01, 0x39, 0xFF, 0xFD, 0x01, 0x3E, 0xFF, 0xFD, 0x01, 0x3F, 0xFF, 0xFD,
    0x00, 0x19, 0x00, 0x0B, 0xFF, 0xF4, 0x00, 0x15, 0x00, 0x00, 0x00, 0x58, 0xFF, 0xAC, 0x00, 0x59,
    0xFF, 0xAC, 0x00, 0x5A, 0xFF, 0xAC, 0x00, 0x65, 0xFF, 0xCC, 0x00, 0x6B, 0xFF, 0xDB, 0x00, 0x9D,
    0x00, 0x01, 0x00, 0xDB, 0xFF, 0xEF, 0x00, 0xE1, 0xFF, 0xEC, 0x00, 0xF7, 0xFF, 0xF2, 0x00, 0xF8,
    0xFF, 0xE6, 0x00, 0xFB, 0xFF, 0xF1, 0x01, 0x01, 0xFF, 0xDB, 0x01, 0x1E, 0xFF, 0xF2, 0x01, 0x22,
    0xFF, 0xE4, 0x01, 0x24, 0xFF, 0xE7, 0x01, 0x25, 0xFF, 0xCE, 0x01, 0x2D, 0xFF, 0xCB, 0x01, 0x2F,
    0xFF, 0xDA, 0x01, 0x31, 0xFF, 0xE3, 0x01, 0x33, 0xFF, 0xE1, 0x01, 0x49, 0xFF, 0xF0, 0x01, 0x4A,
    0xFF, 0xCB, 0x01, 0x4E, 0xFF, 0xEF, 0x00, 0x19, 0x00, 0x0B, 0xFF, 0xF4, 0x00, 0x15, 0x00, 0x00,
    0x00, 0x58, 0xFF, 0xAE, 0x00, 0x59, 0xFF, 0xAE, 0x00, 0x5A, 0xFF, 0xAE, 0x00, 0x65, 0xFF, 0xCC,
    0x00, 0x6B, 0xFF, 0xDB, 0x00, 0x9D, 0x00, 0x01, 0x00, 0xDB, 0xFF, 0xEF, 0x00, 0xE1, 0xFF, 0xEC,
    0x00, 0xF7, 0xFF, 0xF2, 0x00, 0xF8, 0xFF, 0xE6, 0x00, 0xFB, 0xFF, 0xF1, 0x01, 0x01, 0xFF, 0xDB,
    0x01, 0x1E, 0xFF, 0xF2, 0x01, 0x22, 0xFF, 0xE4, 0x01, 0x24, 0xFF, 0xE7, 0x01, 0x25, 0xFF, 0xCE,
    0x01, 0x2D, 0xFF, 0xCB, 0x01, 0x2F, 0xFF, 0xDA, 0x01, 0x31, 0xFF, 0xE3, 0x01, 0x33, 0xFF, 0xE1,
    0x01, 0x49, 0xFF, 0xF0, 0x01, 0x4A, 0xFF, 0xCB, 0x01, 0x4E, 0xFF, 0xEF, 0x00, 0x19, 0x00, 0x0B,
    0xFF, 0xFD, 0x00, 0x39, 0xFF, 0xFF, 0x00, 0x58, 0xFF, 0xB1, 0x00, 0x59, 0xFF, 0xB1, 0x00, 0x5A,
    0xFF, 0xB1, 0x00, 0x65, 0xFF, 0xD4, 0x00, 0x6B, 0xFF, 0xEA, 0x00, 0x6C, 0xFF, 0xAF, 0x00, 0x6D,
    0xFF, 0xAF, 0x00, 0x6E, 0xFF, 0xAF, 0x00, 0x6F, 0xFF, 0xAF, 0x00, 0x70, 0xFF, 0xAF, 0x00, 0xDB,
    0xFF, 0xF4, 0x00, 0xE1, 0xFF, 0xF1, 0x00, 0xF8, 0xFF, 0xF2, 0x01, 0x01, 0xFF, 0xE5, 0x01, 0x20,
    0xFF, 0xFD, 0x01, 0x22, 0xFF, 0xE9, 0x01, 0x24, 0xFF, 0xF2, 0x01, 0x25, 0xFF, 0xD3, 0x01, 0x2D,
    0xFF, 0xD6, 0x01, 0x2F, 0xFF, 0xE4, 0x01, 0x31, 0xFF, 0xED, 0x01, 0x33, 0xFF, 0xED, 0x01, 0x4A,
    0xFF, 0xCB, 0x00, 0x19, 0x00, 0x0B, 0xFF, 0xD1, 0x00, 0x15, 0xFF, 0xF8, 0x00, 0x39, 0xFF, 0xEE,
    0x00, 0x65, 0xFF, 0xF3, 0x00, 0x6B, 0xFF, 0xDF, 0x00, 0x71, 0xFF, 0xF3, 0x00, 0x72, 0xFF, 0xF3,
    0x00, 0x73, 0xFF, 0xF3, 0x00, 0x74, 0xFF, 0xF3, 0x00, 0x89, 0xFF, 0xE7, 0x00, 0xAF, 0xFF, 0xF4,
    0x00, 0xFC, 0xFF, 0xFB, 0x00, 0xFE, 0xFF, 0xE3, 0x01, 0x00, 0xFF, 0xFB, 0x01, 0x1E, 0x00, 0x0D,
    0x01, 0x20, 0xFF, 0xDE, 0x01, 0x24, 0xFF, 0xCA, 0x01, 0x25, 0xFF, 0xF1, 0x01, 0x2D, 0xFF, 0xC5,
    0x01, 0x2F, 0xFF, 0xD9, 0x01, 0x31, 0xFF, 0xE0, 0x01, 0x33, 0xFF, 0xDE, 0x01, 0x45, 0xFF, 0xE4,
    0x01, 0x4A, 0xFF, 0xDB, 0x01, 0x4E, 0x00, 0x0F, 0x00, 0x1A, 0x00, 0x15, 0xFF, 0xEC, 0x00, 0x39,
    0xFF, 0xF4, 0x00, 0x65, 0xFF, 0xBA, 0x00, 0x89, 0xFF, 0xF3, 0x00, 0xA5, 0x00, 0x25, 0x00, 0xAF,
    0xFF, 0xF2, 0x00, 0xDB, 0xFF, 0xDD, 0x00, 0xF7, 0xFF, 0xC1, 0x00, 0xF8, 0xFF, 0xBC, 0x00, 0xFD,
    0xFF, 0xF4, 0x00, 0xFE, 0xFF, 0xF4, 0x00, 0xFF, 0xFF, 0xF0, 0x01, 0x00, 0xFF, 0xEE, 0x01, 0x01,
    0xFF, 0xDA, 0x01, 0x02, 0xFF, 0xF7, 0x01, 0x03, 0xFF, 0xF0, 0x01, 0x1E, 0xFF, 0xCD, 0x01, 0x20,
    0xFF, 0xD8, 0x01, 0x22, 0xFF, 0xBA, 0x01, 0x25, 0xFF, 0xBA, 0x01, 0x44, 0xFF, 0xF2, 0x01, 0x48,
    0xFF, 0xE7, 0x01, 0x49, 0xFF, 0xC0, 0x01, 0x4A, 0xFF, 0xAF, 0x01, 0x4E, 0xFF, 0xD3, 0x01, 0x50,
    0xFF, 0xF4, 0x00, 0x1A, 0x00, 0x0B, 0x00, 0x03, 0x00, 0x15, 0xFF, 0xDF, 0x00, 0x39, 0xFF, 0xEC,
    0x00, 0x65, 0xFF, 0xA3, 0x00, 0x89, 0xFF, 0xED, 0x00, 0xAF, 0xFF, 0xEB, 0x00, 0xDB, 0xFF, 0xB5,
    0x00, 0xF7, 0xFF, 0x68, 0x00, 0xF8, 0xFF, 0x62, 0x00, 0xFD, 0xFF, 0xF5, 0x00, 0xFE, 0xFF, 0xDA,
    0x00, 0xFF, 0xFF, 0xED, 0x01, 0x00, 0xFF, 0xEA, 0x01, 0x01, 0xFF, 0xDA, 0x01, 0x02, 0xFF, 0xF8,
    0x01, 0x03, 0xFF, 0xEE, 0x01, 0x1E, 0xFF, 0xBC, 0x01, 0x20, 0xFF, 0xA7, 0x01, 0x22, 0xFF, 0x68,
    0x01, 0x25, 0xFF, 0xB1, 0x01, 0x44, 0xFF, 0xEC, 0x01, 0x48, 0xFF, 0xDD, 0x01, 0x49, 0xFF, 0x69,
    0x01, 0x4A, 0xFF, 0x65, 0x01, 0x4E, 0xFF, 0xCA, 0x01, 0x50, 0xFF, 0xE7, 0x00, 0x1A, 0x00, 0x39,
    0xFF, 0xF3, 0x00, 0x65, 0xFF, 0xD6, 0x00, 0x89, 0xFF, 0xF6, 0x00, 0x9D, 0xFF, 0xF9, 0x00, 0x9E,
    0xFF, 0xFB, 0x00, 0xAF, 0xFF, 0xF7, 0x00, 0xDB, 0xFF, 0xE4, 0x00, 0xF7, 0xFF, 0xD5, 0x00, 0xF8,
    0xFF, 0xD5, 0x00, 0xFD, 0xFF, 0xFC, 0x00, 0xFE, 0xFF, 0xE0, 0x00, 0xFF, 0xFF, 0xEE, 0x01, 0x00,
    0xFF, 0xEC, 0x01, 0x01, 0xFF, 0xE7, 0x01, 0x02, 0xFF, 0xF6, 0x01, 0x03, 0xFF, 0xF2, 0x01, 0x1E,
    0xFF, 0xE1, 0x01, 0x20, 0xFF, 0xB8, 0x01, 0x22, 0xFF, 0xD3, 0x01, 0x25, 0xFF, 0xD1, 0x01, 0x28,
    0xFF, 0xDD, 0x01, 0x44, 0xFF, 0xED, 0x01, 0x48, 0xFF, 0xE4, 0x01, 0x49, 0xFF, 0xD5, 0x01, 0x4A,
    0xFF, 0xD5, 0x01, 0x4E, 0xFF, 0xE2, 0x00, 0x1B, 0x00, 0x0B, 0xFF, 0xC0, 0x00, 0x15, 0xFF, 0xF1,
    0x00, 0x39, 0xFF, 0xF2, 0x00, 0x89, 0xFF, 0xDA, 0x00, 0x9B, 0xFF, 0xEB, 0x00, 0x9D, 0x00, 0x15,
    0x00, 0x9E, 0x00, 0x1C, 0x00, 0xA0, 0x00, 0x0C, 0x00, 0xA1, 0x00, 0x0F, 0x00, 0xA6, 0xFF, 0xEB,
    0x00, 0xAF, 0xFF, 0xF4, 0x00, 0xCD, 0xFF, 0xF1, 0x00, 0xDB, 0xFF, 0xFC, 0x00, 0xE1, 0xFF, 0xFF,
    0x00, 0xFC, 0xFF, 0xF7, 0x00, 0xFD, 0xFF, 0xF9, 0x00, 0xFE, 0xFF, 0xD8, 0x01, 0x00, 0xFF, 0xF4,
    0x01, 0x02, 0xFF, 0xFB, 0x01, 0x03, 0xFF, 0xFA, 0x01, 0x20, 0xFF, 0xD0, 0x01, 0x24, 0xFF, 0xC9,
    0x01, 0x2D, 0xFF, 0xC7, 0x01, 0x44, 0xFF, 0xE9, 0x01, 0x45, 0xFF, 0xDD, 0x01, 0x48, 0xFF, 0xF1,
    0x01, 0x4A, 0x00, 0x0A, 0x00, 0x1B, 0x00, 0x01, 0xFF, 0xF7, 0x00, 0x02, 0xFF, 0xF7, 0x00, 0x03,
    0xFF, 0xF7, 0x00, 0x04, 0xFF, 0xF7, 0x00, 0x05, 0xFF, 0xF7, 0x00, 0x06, 0xFF, 0xF7, 0x00, 0x07,
    0xFF, 0xF7, 0x00, 0x08, 0xFF, 0xF7, 0x00, 0x09, 0xFF, 0xF7, 0x00, 0x0A, 0xFF, 0xF7, 0x00, 0x58,
    0xFF, 0xF7, 0x00, 0x59, 0xFF, 0xF7, 0x00, 0x5A, 0xFF, 0xF7, 0x00, 0x65, 0xFF, 0xF6, 0x00, 0x66,
    0xFF, 0xFF, 0x00, 0x67, 0xFF, 0xFF, 0x00, 0x68, 0xFF, 0xFF, 0x00, 0x69, 0xFF, 0xFF, 0x00, 0x6A,
    0xFF, 0xFF, 0x00, 0x6B, 0xFF, 0xF6, 0x00, 0x6C, 0xFF, 0xE7, 0x00, 0x6D, 0xFF, 0xE7, 0x00, 0x6E,
    0xFF, 0xE7, 0x00, 0x6F, 0xFF, 0xE7, 0x00, 0x70, 0xFF, 0xE7, 0x00, 0xDB, 0xFF, 0xFF, 0x01, 0x20,
    0xFF, 0xFD, 0x00, 0x1B, 0x00, 0x01, 0xFF, 0xF7, 0x00, 0x02, 0xFF, 0xF7, 0x00, 0x03, 0xFF, 0xF7,
    0x00, 0x04, 0xFF, 0xF7, 0x00, 0x05, 0xFF, 0xF7, 0x00, 0x06, 0xFF, 0xF7, 0x00, 0x07, 0xFF, 0xF7,
    0x00, 0x08, 0xFF, 0xF7, 0x00, 0x09, 0xFF, 0xF7, 0x00, 0x0A, 0xFF, 0xF7, 0x00, 0x58, 0xFF, 0xF5,
    0x00, 0x59, 0xFF, 0xF5, 0x00, 0x5A, 0xFF, 0xF5, 0x00, 0x65, 0xFF, 0xF5, 0x00, 0x66, 0xFF, 0xFA,
    0x00, 0x67, 0xFF, 0xFA, 0x00, 0x68, 0xFF, 0xFA, 0x00, 0x69, 0xFF, 0xFA, 0x00, 0x6A, 0xFF, 0xFA,
    0x00, 0x6B, 0xFF, 0xF6, 0x00, 0x6C, 0xFF, 0xE5, 0x00, 0x6D, 0xFF, 0xE5, 0x00, 0x6E, 0xFF, 0xE5,
    0x00, 0x6F, 0xFF, 0xE5, 0x00, 0x70, 0xFF, 0xE5, 0x00, 0xDB, 0xFF, 0xFF, 0x01, 0x20, 0xFF, 0xFD,
    0x00, 0x02, 0x00, 0x12, 0x00, 0x01, 0x00, 0x87, 0x00, 0x00, 0x00, 0x89, 0x00, 0xAB, 0x00, 0x87,
    0x00, 0xAD, 0x00, 0xAD, 0x00, 0xAA, 0x00, 0xAF, 0x00, 0xF8, 0x00, 0xAB, 0x00, 0xFA, 0x01, 0x04,
    0x00, 0xF5, 0x01, 0x13, 0x01, 0x14, 0x01, 0x00, 0x01, 0x17, 0x01, 0x1B, 0x01, 0x02, 0x01, 0x1D,
    0x01, 0x1D, 0x01, 0x07, 0x01, 0x1F, 0x01, 0x20, 0x01, 0x08, 0x01, 0x22, 0x01, 0x22, 0x01, 0x0A,
    0x01, 0x24, 0x01, 0x25, 0x01, 0x0B, 0x01, 0x27, 0x01, 0x27, 0x01, 0x0D, 0x01, 0x2A, 0x01, 0x2E,
    0x01, 0x0E, 0x01, 0x30, 0x01, 0x30, 0x01, 0x13, 0x01, 0x32, 0x01, 0x32, 0x01, 0x14, 0x01, 0x34,
    0x01, 0x40, 0x01, 0x15, 0x01, 0x44, 0x01, 0x45, 0x01, 0x22, 0x01, 0x48, 0x01, 0x49, 0x01, 0x24,
    0x00, 0x1C, 0x00, 0x0B, 0xFF, 0xD1, 0x00, 0x15, 0xFF, 0xF8, 0x00, 0x39, 0xFF, 0xEE, 0x00, 0x58,
    0xFF, 0xBD, 0x00, 0x59, 0xFF, 0xBD, 0x00, 0x5A, 0xFF, 0xBD, 0x00, 0x65, 0xFF, 0xF3, 0x00, 0x6B,
    0xFF, 0xDF, 0x00, 0x71, 0xFF, 0xE8, 0x00, 0x72, 0xFF, 0xE8, 0x00, 0x73, 0xFF, 0xE8, 0x00, 0x74,
    0xFF, 0xE8, 0x00, 0x89, 0xFF, 0xE7, 0x00, 0xAF, 0xFF, 0xF4, 0x00, 0xFC, 0xFF, 0xFB, 0x00, 0xFE,
    0xFF, 0xE3, 0x01, 0x00, 0xFF, 0xFB, 0x01, 0x1E, 0x00, 0x0D, 0x01, 0x20, 0xFF, 0xDE, 0x01, 0x24,
    0xFF, 0xCA, 0x01, 0x25, 0xFF, 0xF1, 0x01, 0x2D, 0xFF, 0xC5, 0x01, 0x2F, 0xFF, 0xD9, 0x01, 0x31,
    0xFF, 0xE0, 0x01, 0x33, 0xFF, 0xDE, 0x01, 0x45, 0xFF, 0xE4, 0x01, 0x4A, 0xFF, 0xDB, 0x01, 0x4E,
    0x00, 0x0F, 0x00, 0x1D, 0x00, 0x15, 0xFF, 0xEC, 0x00, 0x39, 0xFF, 0xF8, 0x00, 0x48, 0xFF, 0xD8,
    0x00, 0x89, 0xFF, 0xDE, 0x00, 0x9D, 0x00, 0x02, 0x00, 0x9E, 0x00, 0x1E, 0x00, 0xA0, 0x00, 0x10,
    0x00, 0xA1, 0x00, 0x14, 0x00, 0xAF, 0xFF, 0xEF, 0x00, 0xBE, 0xFF, 0xE1, 0x00, 0xDB, 0xFF, 0xD4,
    0x00, 0xF7, 0xFF, 0xEE, 0x00, 0xF8, 0xFF, 0xEF, 0x00, 0xFC, 0xFF, 0xFF, 0x00, 0xFD, 0xFF, 0xF2,
    0x00, 0xFE, 0xFF, 0xD5, 0x01, 0x00, 0xFF, 0xE4, 0x01, 0x02, 0xFF, 0xF3, 0x01, 0x03, 0xFF, 0xEE,
    0x01, 0x1E, 0xFF, 0xE7, 0x01, 0x20, 0xFF, 0xBC, 0x01, 0x22, 0xFF, 0xE6, 0x01, 0x44, 0xFF, 0xE1,
    0x01, 0x45, 0xFF, 0xF4, 0x01, 0x48, 0xFF, 0xD9, 0x01, 0x49, 0xFF, 0xE5, 0x01, 0x4A, 0x00, 0x0E,
    0x01, 0x4E, 0xFF, 0xDE, 0x01, 0x50, 0xFF, 0xE7, 0x00, 0x1E, 0x00, 0x0B, 0xFF, 0xF7, 0x00, 0x58,
    0xFF, 0xB0, 0x00, 0x59, 0xFF, 0xB0, 0x00, 0x5A, 0xFF, 0xB0, 0x00, 0x65, 0xFF, 0xD1, 0x00, 0x6B,
    0xFF, 0xDC, 0x00, 0x6C, 0xFF, 0xAF, 0x00, 0x6D, 0xFF, 0xAF, 0x00, 0x6E, 0xFF, 0xAF, 0x00, 0x6F,
    0xFF, 0xAF, 0x00, 0x70, 0xFF, 0xAF, 0x00, 0x9D, 0x00, 0x02, 0x00, 0x9E, 0x00, 0x03, 0x00, 0xDB,
    0xFF, 0xF2, 0x00, 0xE1, 0xFF, 0xEC, 0x00, 0xF7, 0xFF, 0xF5, 0x00, 0xF8, 0xFF, 0xE9, 0x00, 0xFB,
    0xFF, 0xF6, 0x01, 0x01, 0xFF, 0xE0, 0x01, 0x1E, 0xFF, 0xF4, 0x01, 0x22, 0xFF, 0xE6, 0x01, 0x24,
    0xFF, 0xE9, 0x01, 0x25, 0xFF, 0xD0, 0x01, 0x2D, 0xFF, 0xCC, 0x01, 0x2F, 0xFF, 0xDC, 0x01, 0x31,
    0xFF, 0xE4, 0x01, 0x33, 0xFF, 0xE2, 0x01, 0x49, 0xFF, 0xF3, 0x01, 0x4A, 0xFF, 0xCB, 0x01, 0x4E,
    0xFF, 0xF4, 0x00, 0x1E, 0x00, 0x30, 0xFF, 0xF9, 0x00, 0x58, 0xFF, 0xFB, 0x00, 0x59, 0xFF, 0xFB,
    0x00, 0x5A, 0xFF, 0xFB, 0x00, 0x65, 0xFF, 0xF6, 0x00, 0x66, 0xFF, 0xFA, 0x00, 0x67, 0xFF, 0xFA,
    0x00, 0x68, 0xFF, 0xFA, 0x00, 0x69, 0xFF, 0xFA, 0x00, 0x6A, 0xFF, 0xFA, 0x00, 0x6C, 0xFF, 0xEC,
    0x00, 0x6D, 0xFF, 0xEC, 0x00, 0x6E, 0xFF, 0xEC, 0x00, 0x6F, 0xFF, 0xEC, 0x00, 0x70, 0xFF, 0xEC,
    0x00, 0x86, 0xFF, 0xFC, 0x00, 0x87, 0xFF, 0xFC, 0x00, 0x88, 0xFF, 0xFC, 0x00, 0xC3, 0xFF, 0xFC,
    0x00, 0xEB, 0xFF, 0xFC, 0x00, 0xEC, 0xFF, 0xFC, 0x00, 0xED, 0xFF, 0xFC, 0x00, 0xEE, 0xFF, 0xFC,
    0x00, 0xEF, 0xFF, 0xFC, 0x00, 0xF0, 0xFF, 0xFC, 0x00, 0xF1, 0xFF, 0xFC, 0x00, 0xF2, 0xFF, 0xFC,
    0x00, 0xF3, 0xFF, 0xFC, 0x00, 0xF4, 0xFF, 0xFC, 0x01, 0x20, 0xFF, 0xE5, 0x00, 0x1E, 0x00, 0x01,
    0xFF, 0xEC, 0x00, 0x02, 0xFF, 0xEC, 0x00, 0x03, 0xFF, 0xEC, 0x00, 0x04, 0xFF, 0xEC, 0x00, 0x05,
    0xFF, 0xEC, 0x00, 0x06, 0xFF, 0xEC, 0x00, 0x07, 0xFF, 0xEC, 0x00, 0x08, 0xFF, 0xEC, 0x00, 0x09,
    0xFF, 0xEC, 0x00, 0x0A, 0xFF, 0xEC, 0x00, 0x0B, 0xFF, 0xEC, 0x00, 0x58, 0xFF, 0xCF, 0x00, 0x59,
    0xFF, 0xCF, 0x00, 0x5A, 0xFF, 0xCF, 0x00, 0x65, 0xFF, 0xDE, 0x00, 0x66, 0xFF, 0xE8, 0x00, 0x67,
    0xFF, 0xE8, 0x00, 0x68, 0xFF, 0xE8, 0x00, 0x69, 0xFF, 0xE8, 0x00, 0x6A, 0xFF, 0xE8, 0x00, 0x6B,
    0xFF, 0xE1, 0x00, 0x6C, 0xFF, 0xCA, 0x00, 0x6D, 0xFF, 0xCA, 0x00, 0x6E, 0xFF, 0xCA, 0x00, 0x6F,
    0xFF, 0xCA, 0x00, 0x70, 0xFF, 0xCA, 0x00, 0x71, 0xFF, 0xEC, 0x00, 0x72, 0xFF, 0xEC, 0x00, 0x73,
    0xFF, 0xEC, 0x00, 0x74, 0xFF, 0xEC, 0x00, 0x1E, 0x00, 0x01, 0xFF, 0xE5, 0x00, 0x02, 0xFF, 0xE5,
    0x00, 0x03, 0xFF, 0xE5, 0x00, 0x04, 0xFF, 0xE5, 0x00, 0x05, 0xFF, 0xE5, 0x00, 0x06, 0xFF, 0xE5,
    0x00, 0x07, 0xFF, 0xE5, 0x00, 0x08, 0xFF, 0xE5, 0x00, 0x09, 0xFF, 0xE5, 0x00, 0x0A, 0xFF, 0xE5,
    0x00, 0x0B, 0xFF, 0xE5, 0x00, 0x58, 0xFF, 0xDB, 0x00, 0x59, 0xFF, 0xDB, 0x00, 0x5A, 0xFF, 0xDB,
    0x00, 0x65, 0xFF, 0xE4, 0x00, 0x66, 0xFF, 0xF0, 0x00, 0x67, 0xFF, 0xF0, 0x00, 0x68, 0xFF, 0xF0,
    0x00, 0x69, 0xFF, 0xF0, 0x00, 0x6A, 0xFF, 0xF0, 0x00, 0x6B, 0xFF, 0xE1, 0x00, 0x6C, 0xFF, 0xD3,
    0x00, 0x6D, 0xFF, 0xD3, 0x00, 0x6E, 0xFF, 0xD3, 0x00, 0x6F, 0xFF, 0xD3, 0x00, 0x70, 0xFF, 0xD3,
    0x00, 0x71, 0xFF, 0xEC, 0x00, 0x72, 0xFF, 0xEC, 0x00, 0x73, 0xFF, 0xEC, 0x00, 0x74, 0xFF, 0xEC,
    0x00, 0x1F, 0x00, 0x01, 0xFF, 0xF6, 0x00, 0x02, 0xFF, 0xF6, 0x00, 0x03, 0xFF, 0xF6, 0x00, 0x04,
    0xFF, 0xF6, 0x00, 0x05, 0xFF, 0xF6, 0x00, 0x06, 0xFF, 0xF6, 0x00, 0x07, 0xFF, 0xF6, 0x00, 0x08,
    0xFF, 0xF6, 0x00, 0x09, 0xFF, 0xF6, 0x00, 0x0A, 0xFF, 0xF6, 0x00, 0x65, 0xFF, 0xFB, 0x00, 0x6B,
    0xFF, 0xFF, 0x00, 0x6C, 0xFF, 0xFA, 0x00, 0x6D, 0xFF, 0xFA, 0x00, 0x6E, 0xFF, 0xFA, 0x00, 0x6F,
    0xFF, 0xFA, 0x00, 0x70, 0xFF, 0xFA, 0x00, 0x93, 0xFF, 0xFB, 0x00, 0xDB, 0xFF, 0xF6, 0x00, 0xDC,
    0xFF, 0xFA, 0x00, 0xDD, 0xFF, 0xFA, 0x00, 0xDE, 0xFF, 0xFA, 0x00, 0xDF, 0xFF, 0xFA, 0x00, 0xE0,
    0xFF, 0xFA, 0x00, 0xE2, 0xFF, 0xF7, 0x00, 0xE3, 0xFF, 0xF7, 0x00, 0xE4, 0xFF, 0xF7, 0x00, 0xE5,
    0xFF, 0xF7, 0x00, 0xE6, 0xFF, 0xF7, 0x00, 0xF5, 0xFF, 0xFB, 0x00, 0xF6, 0xFF, 0xFB, 0x00, 0x1F,
    0x00, 0x01, 0xFF, 0xF5, 0x00, 0x02, 0xFF, 0xF5, 0x00, 0x03, 0xFF, 0xF5, 0x00, 0x04, 0xFF, 0xF5,
    0x00, 0x05, 0xFF, 0xF5, 0x00, 0x06, 0xFF, 0xF5, 0x00, 0x07, 0xFF, 0xF5, 0x00, 0x08, 0xFF, 0xF5,
    0x00, 0x09, 0xFF, 0xF5, 0x00, 0x0A, 0xFF, 0xF5, 0x00, 0x58, 0xFF, 0xEE, 0x00, 0x59, 0xFF, 0xEE,
    0x00, 0x5A, 0xFF, 0xEE, 0x00, 0x65, 0xFF, 0xEE, 0x00, 0x66, 0xFF, 0xF6, 0x00, 0x67, 0xFF, 0xF6,
    0x00, 0x68, 0xFF, 0xF6, 0x00, 0x69, 0xFF, 0xF6, 0x00, 0x6A, 0xFF, 0xF6, 0x00, 0x6B, 0xFF, 0xF3,
    0x00, 0x6C, 0xFF, 0xE0, 0x00, 0x6D, 0xFF, 0xE0, 0x00, 0x6E, 0xFF, 0xE0, 0x00, 0x6F, 0xFF, 0xE0,
    0x00, 0x70, 0xFF, 0xE0, 0x00, 0xDB, 0xFF, 0xFA, 0x00, 0xE2, 0xFF, 0xFA, 0x00, 0xE3, 0xFF, 0xFA,
    0x00, 0xE4, 0xFF, 0xFA, 0x00, 0xE5, 0xFF, 0xFA, 0x00, 0xE6, 0xFF, 0xFA, 0x00, 0x20, 0x00, 0x15,
    0xFF, 0xFF, 0x00, 0x58, 0x00, 0x01, 0x00, 0x59, 0x00, 0x01, 0x00, 0x5A, 0x00, 0x01, 0x00, 0x65,
    0x00, 0x0A, 0x00, 0x66, 0x00, 0x07, 0x00, 0x67, 0x00, 0x07, 0x00, 0x68, 0x00, 0x07, 0x00, 0x69,
    0x00, 0x07, 0x00, 0x6A, 0x00, 0x07, 0x00, 0x6B, 0x00, 0x02, 0x00, 0x6C, 0x00, 0x0B, 0x00, 0x6D,
    0x00, 0x0B, 0x00, 0x6E, 0x00, 0x0B, 0x00, 0x6F, 0x00, 0x0B, 0x00, 0x70, 0x00, 0x0B, 0x00, 0x71,
    0x00, 0x01, 0x00, 0x72, 0x00, 0x01, 0x00, 0x73, 0x00, 0x01, 0x00, 0x74, 0x00, 0x01, 0x00, 0x9D,
    0x00, 0x01, 0x00, 0x9E, 0x00, 0x1A, 0x00, 0xA0, 0x00, 0x14, 0x01, 0x1C, 0x00, 0x01, 0x01, 0x20,
    0xFF, 0xFE, 0x01, 0x24, 0xFF, 0xF7, 0x01, 0x31, 0x00, 0x08, 0x01, 0x33, 0x00, 0x08, 0x01, 0x37,
    0x00, 0x02, 0x01, 0x39, 0x00, 0x02, 0x01, 0x3E, 0x00, 0x09, 0x01, 0x3F, 0x00, 0x09, 0x00, 0x20,
    0x00, 0x58, 0xFF, 0xD3, 0x00, 0x59, 0xFF, 0xD3, 0x00, 0x5A, 0xFF, 0xD3, 0x00, 0x65, 0xFF, 0xDE,
    0x00, 0x66, 0xFF, 0xE7, 0x00, 0x67, 0xFF, 0xE7, 0x00, 0x68, 0xFF, 0xE7, 0x00, 0x69, 0xFF, 0xE7,
    0x00, 0x6A, 0xFF, 0xE7, 0x00, 0x6B, 0xFF, 0xFE, 0x00, 0x6C, 0xFF, 0xD2, 0x00, 0x6D, 0xFF, 0xD2,
    0x00, 0x6E, 0xFF, 0xD2, 0x00, 0x6F, 0xFF, 0xD2, 0x00, 0x70, 0xFF, 0xD2, 0x00, 0x93, 0xFF, 0xF4,
    0x00, 0xCE, 0xFF, 0xF5, 0x00, 0xCF, 0xFF, 0xF5, 0x00, 0xD0, 0xFF, 0xF5, 0x00, 0xDB, 0xFF, 0xEF,
    0x00, 0xDC, 0xFF, 0xF4, 0x00, 0xDD, 0xFF, 0xF4, 0x00, 0xDE, 0xFF, 0xF4, 0x00, 0xDF, 0xFF, 0xF4,
    0x00, 0xE0, 0xFF, 0xF4, 0x00, 0xE2, 0xFF, 0xEF, 0x00, 0xE3, 0xFF, 0xEF, 0x00, 0xE4, 0xFF, 0xEF,
    0x00, 0xE5, 0xFF, 0xEF, 0x00, 0xE6, 0xFF, 0xEF, 0x00, 0xF5, 0xFF, 0xF4, 0x00, 0xF6, 0xFF, 0xF4,
    0x00, 0x26, 0x00, 0x15, 0xFF, 0xFF, 0x00, 0x26, 0xFF, 0xFF, 0x00, 0x29, 0xFF, 0xFF, 0x00, 0x2A,
    0xFF, 0xFF, 0x00, 0x2B, 0xFF, 0xFF, 0x00, 0x2C, 0xFF, 0xFF, 0x00, 0x2D, 0xFF, 0xFF, 0x00, 0x2E,
    0xFF, 0xFF, 0x00, 0x2F, 0xFF, 0xFF, 0x00, 0x58, 0xFF, 0xB6, 0x00, 0x59, 0xFF, 0xB6, 0x00, 0x5A,
    0xFF, 0xB6, 0x00, 0x65, 0xFF, 0xE0, 0x00, 0x66, 0xFF, 0xEC, 0x00, 0x67, 0xFF, 0xEC, 0x00, 0x68,
    0xFF, 0xEC, 0x00, 0x69, 0xFF, 0xEC, 0x00, 0x6A, 0xFF, 0xEC, 0x00, 0x6B, 0xFF, 0xFA, 0x00, 0x6C,
    0xFF, 0xBF, 0x00, 0x6D, 0xFF, 0xBF, 0x00, 0x6E, 0xFF, 0xBF, 0x00, 0x6F, 0xFF, 0xBF, 0x00, 0x70,
    0xFF, 0xBF, 0x00, 0x9D, 0x00, 0x0B, 0x00, 0x9E, 0x00, 0x0F, 0x01, 0x20, 0xFF, 0xFE, 0x01, 0x22,
    0xFF, 0xFD, 0x01, 0x24, 0xFF, 0xF7, 0x01, 0x2F, 0xFF, 0xEC, 0x01, 0x31, 0xFF, 0xF5, 0x01, 0x33,
    0xFF, 0xF5, 0x01, 0x36, 0xFF, 0xFD, 0x01, 0x37, 0xFF, 0xF2, 0x01, 0x38, 0xFF, 0xFE, 0x01, 0x39,
    0xFF, 0xF2, 0x01, 0x3E, 0xFF, 0xF0, 0x01, 0x3F, 0xFF, 0xF0, 0x00, 0x28, 0x00, 0x0B, 0xFF, 0x8A,
    0x00, 0x15, 0xFF, 0xE2, 0x00, 0x39, 0xFF, 0xE7, 0x00, 0x79, 0xFF, 0xB6, 0x00, 0x89, 0xFF, 0xA3,
    0x00, 0x9B, 0xFF, 0xBF, 0x00, 0x9C, 0xFF, 0xEB, 0x00, 0x9D, 0x00, 0x0A, 0x00, 0x9E, 0x00, 0x20,
    0x00, 0xA0, 0x00, 0x11, 0x00, 0xA4, 0xFF, 0xEB, 0x00, 0xA6, 0xFF, 0xBF, 0x00, 0xA7, 0xFF, 0xE9,
    0x00, 0xAF, 0xFF, 0xE5, 0x00, 0xCA, 0xFF, 0xB1, 0x00, 0xCD, 0xFF, 0xD5, 0x00, 0xDB, 0xFF, 0xDE,
    0x00, 0xE1, 0xFF, 0xE0, 0x00, 0xE9, 0xFF, 0xCF, 0x00, 0xF7, 0xFF, 0xF6, 0x00, 0xF8, 0xFF, 0xF7,
    0x00, 0xFB, 0xFF, 0xF4, 0x00, 0xFC, 0xFF, 0xE0, 0x00, 0xFD, 0xFF, 0xE6, 0x00, 0xFE, 0xFF, 0xAF,
    0x01, 0x00, 0xFF, 0xDC, 0x01, 0x02, 0xFF, 0xE8, 0x01, 0x03, 0xFF, 0xEA, 0x01, 0x1E, 0xFF, 0xF1,
    0x01, 0x20, 0xFF, 0x9C, 0x01, 0x22, 0xFF, 0xF4, 0x01, 0x24, 0xFF, 0xB1, 0x01, 0x2D, 0xFF, 0xB9,
    0x01, 0x44, 0xFF, 0xC9, 0x01, 0x45, 0xFF, 0xCA, 0x01, 0x48, 0xFF, 0xD3, 0x01, 0x49, 0xFF, 0xF3,
    0x01, 0x4A, 0x00, 0x0E, 0x01, 0x4E, 0xFF, 0xEC, 0x01, 0x50, 0xFF, 0xE1, 0x00, 0x2B, 0x00, 0x01,
    0xFF, 0xEC, 0x00, 0x02, 0xFF, 0xEC, 0x00, 0x03, 0xFF, 0xEC, 0x00, 0x04, 0xFF, 0xEC, 0x00, 0x05,
    0xFF, 0xEC, 0x00, 0x06, 0xFF, 0xEC, 0x00, 0x07, 0xFF, 0xEC, 0x00, 0x08, 0xFF, 0xEC, 0x00, 0x09,
    0xFF, 0xEC, 0x00, 0x0A, 0xFF, 0xEC, 0x00, 0x26, 0xFF, 0xF7, 0x00, 0x29, 0xFF, 0xF7, 0x00, 0x2A,
    0xFF, 0xF7, 0x00, 0x2B, 0xFF, 0xF7, 0x00, 0x2C, 0xFF, 0xF7, 0x00, 0x2D, 0xFF, 0xF7, 0x00, 0x2E,
    0xFF, 0xF7, 0x00, 0x2F, 0xFF, 0xF7, 0x00, 0x58, 0xFF, 0xE9, 0x00, 0x59, 0xFF, 0xE9, 0x00, 0x5A,
    0xFF, 0xE9, 0x00, 0x65, 0xFF, 0xEC, 0x00, 0x66, 0xFF, 0xF4, 0x00, 0x67, 0xFF, 0xF4, 0x00, 0x68,
    0xFF, 0xF4, 0x00, 0x69, 0xFF, 0xF4, 0x00, 0x6A, 0xFF, 0xF4, 0x00, 0x6B, 0xFF, 0xEA, 0x00, 0x6C,
    0xFF, 0xDC, 0x00, 0x6D, 0xFF, 0xDC, 0x00, 0x6E, 0xFF, 0xDC, 0x00, 0x6F, 0xFF, 0xDC, 0x00, 0x70,
    0xFF, 0xDC, 0x00, 0x71, 0xFF, 0xF7, 0x00, 0x72, 0xFF, 0xF7, 0x00, 0x73, 0xFF, 0xF7, 0x00, 0x74,
    0xFF, 0xF7, 0x00, 0xDB, 0xFF, 0xFA, 0x00, 0xE2, 0xFF, 0xFB, 0x00, 0xE3, 0xFF, 0xFB, 0x00, 0xE4,
    0xFF, 0xFB, 0x00, 0xE5, 0xFF, 0xFB, 0x00, 0xE6, 0xFF, 0xFB, 0x00, 0x30, 0x00, 0x0B, 0xFF, 0x9B,
    0x00, 0x15, 0xFF, 0xE0, 0x00, 0x39, 0xFF, 0xE8, 0x00, 0x78, 0xFF, 0xB0, 0x00, 0x79, 0xFF, 0xBE,
    0x00, 0x7E, 0xFF, 0xB8, 0x00, 0x89, 0xFF, 0xAD, 0x00, 0x8D, 0xFF, 0xAC, 0x00, 0x8E, 0xFF, 0xAE,
    0x00, 0x9B, 0xFF, 0xB6, 0x00, 0x9C, 0xFF, 0xF4, 0x00, 0x9D, 0x00, 0x1F, 0x00, 0x9E, 0x00, 0x28,
    0x00, 0xA0, 0x00, 0x0A, 0x00, 0xA1, 0x00, 0x14, 0x00, 0xA4, 0xFF, 0xF4, 0x00, 0xA6, 0xFF, 0xB6,
    0x00, 0xA7, 0xFF, 0xF3, 0x00, 0xAF, 0xFF, 0xEC, 0x00, 0xB5, 0xFF, 0xB7, 0x00, 0xB9, 0xFF, 0xAC,
    0x00, 0xBA, 0xFF, 0xAE, 0x00, 0xBF, 0xFF, 0xAC, 0x00, 0xCA, 0xFF, 0xB2, 0x00, 0xCD, 0xFF, 0xE6,
    0x00, 0xD5, 0xFF, 0xB8, 0x00, 0xDB, 0xFF, 0xB6, 0x00, 0xE1, 0xFF, 0xC2, 0x00, 0xE5, 0xFF, 0xBC,
    0x00, 0xE9, 0xFF, 0xB9, 0x00, 0xEE, 0xFF, 0xAF, 0x00, 0xEF, 0xFF, 0xB1, 0x00, 0xF4, 0xFF, 0xAF,
    0x00, 0xFC, 0xFF, 0xEF, 0x00, 0xFD, 0xFF, 0xF4, 0x00, 0xFE, 0xFF, 0xB6, 0x01, 0x00, 0xFF, 0xEA,
    0x01, 0x02, 0xFF, 0xF7, 0x01, 0x03, 0xFF, 0xF7, 0x01, 0x20, 0xFF, 0x9C, 0x01, 0x24, 0xFF, 0xB6,
    0x01, 0x2D, 0xFF, 0xC2, 0x01, 0x44, 0xFF, 0xCE, 0x01, 0x45, 0xFF, 0xD7, 0x01, 0x48, 0xFF, 0xDD,
    0x01, 0x4A, 0x00, 0x07, 0x01, 0x4E, 0xFF, 0xEC, 0x01, 0x50, 0xFF, 0xE8, 0x00, 0x3B, 0x00, 0x01,
    0xFF, 0xF1, 0x00, 0x02, 0xFF, 0xF1, 0x00, 0x03, 0xFF, 0xF1, 0x00, 0x04, 0xFF, 0xF1, 0x00, 0x05,
    0xFF, 0xF1, 0x00, 0x06, 0xFF, 0xF1, 0x00, 0x07, 0xFF, 0xF1, 0x00, 0x08, 0xFF, 0xF1, 0x00, 0x09,
    0xFF, 0xF1, 0x00, 0x0A, 0xFF, 0xF1, 0x00, 0x0D, 0xFF, 0xFD, 0x00, 0x0E, 0xFF, 0xFD, 0x00, 0x0F,
    0xFF, 0xFD, 0x00, 0x10, 0xFF, 0xFD, 0x00, 0x11, 0xFF, 0xFD, 0x00, 0x20, 0xFF, 0xFD, 0x00, 0x21,
    0xFF, 0xFD, 0x00, 0x22, 0xFF, 0xFD, 0x00, 0x23, 0xFF, 0xFD, 0x00, 0x41, 0xFF, 0xFD, 0x00, 0x42,
    0xFF, 0xFD, 0x00, 0x43, 0xFF, 0xFD, 0x00, 0x44, 0xFF, 0xFD, 0x00, 0x45, 0xFF, 0xFD, 0x00, 0x46,
    0xFF, 0xFD, 0x00, 0x47, 0xFF, 0xFD, 0x00, 0x48, 0xFF, 0xFD, 0x00, 0x49, 0xFF, 0xFD, 0x00, 0x4A,
    0xFF, 0xFD, 0x00, 0x4D, 0xFF, 0xFD, 0x00, 0x58, 0xFF, 0xFA, 0x00, 0x59, 0xFF, 0xFA, 0x00, 0x5A,
    0xFF, 0xFA, 0x00, 0x65, 0xFF, 0xFB, 0x00, 0x6B, 0xFF, 0xFA, 0x00, 0x6C, 0xFF, 0xFA, 0x00, 0x6D,
    0xFF, 0xFA, 0x00, 0x6E, 0xFF, 0xFA, 0x00, 0x6F, 0xFF, 0xFA, 0x00, 0x70, 0xFF, 0xFA, 0x00, 0xF7,
    0xFF, 0xF2, 0x00, 0xF8, 0xFF, 0xF3, 0x01, 0x17, 0xFF, 0xF1, 0x01, 0x18, 0xFF, 0xF1, 0x01, 0x19,
    0xFF, 0xFE, 0x01, 0x1A, 0xFF, 0xFE, 0x01, 0x1B, 0xFF, 0xF1, 0x01, 0x1E, 0xFF, 0xF2, 0x01, 0x20,
    0xFF, 0xFE, 0x01, 0x22, 0xFF, 0xF3, 0x01, 0x24, 0xFF, 0xF1, 0x01, 0x2D, 0xFF, 0xCF, 0x01, 0x2F,
    0xFF, 0xEB, 0x01, 0x34, 0xFF, 0xF1, 0x01, 0x35, 0xFF, 0xF1, 0x01, 0x36, 0xFF, 0xF7, 0x01, 0x38,
    0xFF, 0xF7, 0x01, 0x49, 0xFF, 0xF2, 0x01, 0x4E, 0xFF, 0xED, 0x00, 0x3E, 0x00, 0x01, 0xFF, 0xF6,
    0x00, 0x02, 0xFF, 0xF6, 0x00, 0x03, 0xFF, 0xF6, 0x00, 0x04, 0xFF, 0xF6, 0x00, 0x05, 0xFF, 0xF6,
    0x00, 0x06, 0xFF, 0xF6, 0x00, 0x07, 0xFF, 0xF6, 0x00, 0x08, 0xFF, 0xF6, 0x00, 0x09, 0xFF, 0xF6,
    0x00, 0x0A, 0xFF, 0xF6, 0x00, 0x26, 0xFF, 0xF1, 0x00, 0x29, 0xFF, 0xF1, 0x00, 0x2A, 0xFF, 0xF1,
    0x00, 0x2B, 0xFF, 0xF1, 0x00, 0x2C, 0xFF, 0xF1, 0x00, 0x2D, 0xFF, 0xF1, 0x00, 0x2E, 0xFF, 0xF1,
    0x00, 0x2F, 0xFF, 0xF1, 0x00, 0x58, 0xFF, 0xD8, 0x00, 0x59, 0xFF, 0xD8, 0x00, 0x5A, 0xFF, 0xD8,
    0x00, 0x65, 0xFF, 0xD9, 0x00, 0x66, 0xFF, 0xE1, 0x00, 0x67, 0xFF, 0xE1, 0x00, 0x68, 0xFF, 0xE1,
    0x00, 0x69, 0xFF, 0xE1, 0x00, 0x6A, 0xFF, 0xE1, 0x00, 0x6B, 0xFF, 0xEC, 0x00, 0x6C, 0xFF, 0xD1,
    0x00, 0x6D, 0xFF, 0xD1, 0x00, 0x6E, 0xFF, 0xD1, 0x00, 0x6F, 0xFF, 0xD1, 0x00, 0x70, 0xFF, 0xD1,
    0x00, 0x71, 0xFF, 0xFA, 0x00, 0x72, 0xFF, 0xFA, 0x00, 0x73, 0xFF, 0xFA, 0x00, 0x74, 0xFF, 0xFA,
    0x00, 0x93, 0xFF, 0xEA, 0x00, 0xCE, 0xFF, 0xEB, 0x00, 0xCF, 0xFF, 0xEB, 0x00, 0xD0, 0xFF, 0xEB,
    0x00, 0xDB, 0xFF, 0xE7, 0x00, 0xDC, 0xFF, 0xF0, 0x00, 0xDD, 0xFF, 0xF0, 0x00, 0xDE, 0xFF, 0xF0,
    0x00, 0xDF, 0xFF, 0xF0, 0x00, 0xE0, 0xFF, 0xF0, 0x00, 0xE1, 0xFF, 0xEF, 0x00, 0xE2, 0xFF, 0xE6,
    0x00, 0xE3, 0xFF, 0xE6, 0x00, 0xE4, 0xFF, 0xE6, 0x00, 0xE5, 0xFF, 0xE6, 0x00, 0xE6, 0xFF, 0xE6,
    0x00, 0xE7, 0xFF, 0xF4, 0x00, 0xE8, 0xFF, 0xF4, 0x00, 0xE9, 0xFF, 0xF4, 0x00, 0xEA, 0xFF, 0xF4,
    0x00, 0xF5, 0xFF, 0xEA, 0x00, 0xF6, 0xFF, 0xEA, 0x00, 0xF7, 0xFF, 0xD4, 0x00, 0xF8, 0xFF, 0xD4,
    0x01, 0x40, 0xFF, 0xF1, 0x00, 0x46, 0x00, 0x01, 0xFF, 0xF1, 0x00, 0x02, 0xFF, 0xF1, 0x00, 0x03,
    0xFF, 0xF1, 0x00, 0x04, 0xFF, 0xF1, 0x00, 0x05, 0xFF, 0xF1, 0x00, 0x06, 0xFF, 0xF1, 0x00, 0x07,
    0xFF, 0xF1, 0x00, 0x08, 0xFF, 0xF1, 0x00, 0x09, 0xFF, 0xF1, 0x00, 0x0A, 0xFF, 0xF1, 0x00, 0x0B,
    0xFF, 0xF8, 0x00, 0x15, 0xFF, 0xFB, 0x00, 0x26, 0xFF, 0xFC, 0x00, 0x29, 0xFF, 0xFC, 0x00, 0x2A,
    0xFF, 0xFC, 0x00, 0x2B, 0xFF, 0xFC, 0x00, 0x2C, 0xFF, 0xFC, 0x00, 0x2D, 0xFF, 0xFC, 0x00, 0x2E,
    0xFF, 0xFC, 0x00, 0x2F, 0xFF, 0xFC, 0x00, 0x58, 0xFF, 0xEA, 0x00, 0x59, 0xFF, 0xEA, 0x00, 0x5A,
    0xFF, 0xEA, 0x00, 0x65, 0xFF, 0xF0, 0x00, 0x66, 0xFF, 0xF5, 0x00, 0x67, 0xFF, 0xF5, 0x00, 0x68,
    0xFF, 0xF5, 0x00, 0x69, 0xFF, 0xF5, 0x00, 0x6A, 0xFF, 0xF5, 0x00, 0x6B, 0xFF, 0xE4, 0x00, 0x6C,
    0xFF, 0xE7, 0x00, 0x6D, 0xFF, 0xE7, 0x00, 0x6E, 0xFF, 0xE7, 0x00, 0x6F, 0xFF, 0xE7, 0x00, 0x70,
    0xFF, 0xE7, 0x00, 0x71, 0xFF, 0xFB, 0x00, 0x72, 0xFF, 0xFB, 0x00, 0x73, 0xFF, 0xFB, 0x00, 0x74,
    0xFF, 0xFB, 0x00, 0x9D, 0x00, 0x0E, 0x00, 0x9E, 0x00, 0x09, 0x00, 0xAF, 0xFF, 0xFF, 0x00, 0xDB,
    0xFF, 0xFC, 0x00, 0xDC, 0xFF, 0xFF, 0x00, 0xDD, 0xFF, 0xFF, 0x00, 0xDE, 0xFF, 0xFF, 0x00, 0xDF,
    0xFF, 0xFF, 0x00, 0xE0, 0xFF, 0xFF, 0x00, 0xE1, 0xFF, 0xFC, 0x00, 0xE2, 0xFF, 0xFF, 0x00, 0xE3,
    0xFF, 0xFF, 0x00, 0xE4, 0xFF, 0xFF, 0x00, 0xE5, 0xFF, 0xFF, 0x00, 0xE6, 0xFF, 0xFF, 0x01, 0x17,
    0xFF, 0xF1, 0x01, 0x18, 0xFF, 0xF1, 0x01, 0x1B, 0xFF, 0xF1, 0x01, 0x20, 0xFF, 0xFE, 0x01, 0x24,
    0xFF, 0xEF, 0x01, 0x25, 0xFF, 0xEC, 0x01, 0x2A, 0xFF, 0xFE, 0x01, 0x2B, 0xFF, 0xFE, 0x01, 0x2C,
    0xFF, 0xFE, 0x01, 0x2D, 0xFF, 0xD1, 0x01, 0x2F, 0xFF, 0xDF, 0x01, 0x31, 0xFF, 0xEA, 0x01, 0x33,
    0xFF, 0xE7, 0x01, 0x34, 0xFF, 0xF1, 0x01, 0x35, 0xFF, 0xF1, 0x01, 0x4A, 0xFF, 0xF1, 0x00, 0x48,
    0x00, 0x01, 0xFF, 0xC0, 0x00, 0x02, 0xFF, 0xC0, 0x00, 0x03, 0xFF, 0xC0, 0x00, 0x04, 0xFF, 0xC0,
    0x00, 0x05, 0xFF, 0xC0, 0x00, 0x06, 0xFF, 0xC0, 0x00, 0x07, 0xFF, 0xC0, 0x00, 0x08, 0xFF, 0xC0,
    0x00, 0x09, 0xFF, 0xC0, 0x00, 0x0A, 0xFF, 0xC0, 0x00, 0x0B, 0xFF, 0xB0, 0x00, 0x30, 0xFF, 0xC5,
    0x00, 0x6B, 0xFF, 0xEC, 0x00, 0x6C, 0xFF, 0xF2, 0x00, 0x6D, 0xFF, 0xF2, 0x00, 0x6E, 0xFF, 0xF2,
    0x00, 0x6F, 0xFF, 0xF2, 0x00, 0x70, 0xFF, 0xF2, 0x00, 0x75, 0xFF, 0xF3, 0x00, 0x76, 0xFF, 0xF3,
    0x00, 0x77, 0xFF, 0xF3, 0x00, 0x78, 0xFF, 0xF3, 0x00, 0x79, 0xFF, 0xF3, 0x00, 0x7A, 0xFF, 0xF3,
    0x00, 0x7B, 0xFF, 0xF3, 0x00, 0x7C, 0xFF, 0xF3, 0x00, 0x7D, 0xFF, 0xF3, 0x00, 0x7E, 0xFF, 0xF3,
    0x00, 0x7F, 0xFF, 0xF3, 0x00, 0x81, 0xFF, 0xF0, 0x00, 0x82, 0xFF, 0xF0, 0x00, 0x83, 0xFF, 0xF0,
    0x00, 0x84, 0xFF, 0xF0, 0x00, 0x85, 0xFF, 0xF0, 0x00, 0x86, 0xFF, 0xEF, 0x00, 0x87, 0xFF, 0xEF,
    0x00, 0x88, 0xFF, 0xEF, 0x00, 0x89, 0xFF, 0xE3, 0x00, 0x8A, 0xFF, 0xF0, 0x00, 0x8B, 0xFF, 0xF0,
    0x00, 0x8C, 0xFF, 0xF0, 0x00, 0x8D, 0xFF, 0xF0, 0x00, 0x8E, 0xFF, 0xF0, 0x00, 0x8F, 0xFF, 0xF0,
    0x00, 0x90, 0xFF, 0xF0, 0x00, 0x91, 0xFF, 0xF0, 0x00, 0x92, 0xFF, 0xF0, 0x00, 0x94, 0xFF, 0xF5,
    0x00, 0x95, 0xFF, 0xF5, 0x00, 0x96, 0xFF, 0xF5, 0x00, 0x97, 0xFF, 0xF5, 0x00, 0xB7, 0xFF, 0xF0,
    0x00, 0xB8, 0xFF, 0xF0, 0x00, 0xB9, 0xFF, 0xF0, 0x00, 0xBA, 0xFF, 0xF0, 0x00, 0xBB, 0xFF, 0xF0,
    0x00, 0xBC, 0xFF, 0xF0, 0x00, 0xBD, 0xFF, 0xF0, 0x00, 0xBE, 0xFF, 0xF0, 0x00, 0xBF, 0xFF, 0xF0,
    0x00, 0xC0, 0xFF, 0xF0, 0x00, 0xC3, 0xFF, 0xEF, 0x00, 0xEB, 0xFF, 0xEF, 0x00, 0xEC, 0xFF, 0xEF,
    0x00, 0xED, 0xFF, 0xEF, 0x00, 0xEE, 0xFF, 0xEF, 0x00, 0xEF, 0xFF, 0xEF, 0x00, 0xF0, 0xFF, 0xEF,
    0x00, 0xF1, 0xFF, 0xEF, 0x00, 0xF2, 0xFF, 0xEF, 0x00, 0xF3, 0xFF, 0xEF, 0x00, 0xF4, 0xFF, 0xEF,
    0x00, 0x54, 0x00, 0x01, 0xFF, 0xF5, 0x00, 0x02, 0xFF, 0xF5, 0x00, 0x03, 0xFF, 0xF5, 0x00, 0x04,
    0xFF, 0xF5, 0x00, 0x05, 0xFF, 0xF5, 0x00, 0x06, 0xFF, 0xF5, 0x00, 0x07, 0xFF, 0xF5, 0x00, 0x08,
    0xFF, 0xF5, 0x00, 0x09, 0xFF, 0xF5, 0x00, 0x0A, 0xFF, 0xF5, 0x00, 0x26, 0xFF, 0xFA, 0x00, 0x27,
    0xFF, 0xFD, 0x00, 0x28, 0xFF, 0xFD, 0x00, 0x29, 0xFF, 0xFA, 0x00, 0x2A, 0xFF, 0xFA, 0x00, 0x2B,
    0xFF, 0xFA, 0x00, 0x2C, 0xFF, 0xFA, 0x00, 0x2D, 0xFF, 0xFA, 0x00, 0x2E, 0xFF, 0xFA, 0x00, 0x2F,
    0xFF, 0xFA, 0x00, 0x58, 0xFF, 0xEA, 0x00, 0x59, 0xFF, 0xEA, 0x00, 0x5A, 0xFF, 0xEA, 0x00, 0x5B,
    0xFF, 0xFD, 0x00, 0x5C, 0xFF, 0xFD, 0x00, 0x5D, 0xFF, 0xFD, 0x00, 0x5E, 0xFF, 0xFD, 0x00, 0x5F,
    0xFF, 0xFD, 0x00, 0x60, 0xFF, 0xFD, 0x00, 0x61, 0xFF, 0xFD, 0x00, 0x62, 0xFF, 0xFD, 0x00, 0x63,
    0xFF, 0xFD, 0x00, 0x64, 0xFF, 0xFD, 0x00, 0x65, 0xFF, 0xEA, 0x00, 0x66, 0xFF, 0xF3, 0x00, 0x67,
    0xFF, 0xF3, 0x00, 0x68, 0xFF, 0xF3, 0x00, 0x69, 0xFF, 0xF3, 0x00, 0x6A, 0xFF, 0xF3, 0x00, 0x6B,
    0xFF, 0xF3, 0x00, 0x6C, 0xFF, 0xD9, 0x00, 0x6D, 0xFF, 0xD9, 0x00, 0x6E, 0xFF, 0xD9, 0x00, 0x6F,
    0xFF, 0xD9, 0x00, 0x70, 0xFF, 0xD9, 0x00, 0x71, 0xFF, 0xFC, 0x00, 0x72, 0xFF, 0xFC, 0x00, 0x73,
    0xFF, 0xFC, 0x00, 0x74, 0xFF, 0xFC, 0x00, 0x93, 0xFF, 0xFC, 0x00, 0xDB, 0xFF, 0xFB, 0x00, 0xE2,
    0xFF, 0xFB, 0x00, 0xE3, 0xFF, 0xFB, 0x00, 0xE4, 0xFF, 0xFB, 0x00, 0xE5, 0xFF, 0xFB, 0x00, 0xE6,
    0xFF, 0xFB, 0x00, 0xE7, 0xFF, 0xFD, 0x00, 0xE8, 0xFF, 0xFD, 0x00, 0xE9, 0xFF, 0xFD, 0x00, 0xEA,
    0xFF, 0xFD, 0x00, 0xF5, 0xFF, 0xFC, 0x00, 0xF6, 0xFF, 0xFC, 0x01, 0x17, 0xFF, 0xF4, 0x01, 0x18,
    0xFF, 0xF4, 0x01, 0x1B, 0xFF, 0xF4, 0x01, 0x20, 0xFF, 0xFE, 0x01, 0x24, 0xFF, 0xEF, 0x01, 0x25,
    0xFF, 0xE4, 0x01, 0x2A, 0xFF, 0xFE, 0x01, 0x2B, 0xFF, 0xFE, 0x01, 0x2C, 0xFF, 0xFE, 0x01, 0x2D,
    0xFF, 0xD5, 0x01, 0x2F, 0xFF, 0xE5, 0x01, 0x31, 0xFF, 0xF0, 0x01, 0x33, 0xFF, 0xF0, 0x01, 0x34,
    0xFF, 0xF4, 0x01, 0x35, 0xFF, 0xF4, 0x01, 0x36, 0xFF, 0xF7, 0x01, 0x37, 0xFF, 0xF4, 0x01, 0x38,
    0xFF, 0xF7, 0x01, 0x39, 0xFF, 0xF4, 0x01, 0x3E, 0xFF, 0xF1, 0x01, 0x3F, 0xFF, 0xF1, 0x01, 0x4A,
    0xFF, 0xE9, 0x00, 0x70, 0x00, 0x0D, 0xFF, 0xF4, 0x00, 0x0E, 0xFF, 0xF4, 0x00, 0x0F, 0xFF, 0xF4,
    0x00, 0x10, 0xFF, 0xF4, 0x00, 0x11, 0xFF, 0xF4, 0x00, 0x15, 0xFF, 0xF8, 0x00, 0x20, 0xFF, 0xF4,
    0x00, 0x21, 0xFF, 0xF4, 0x00, 0x22, 0xFF, 0xF4, 0x00, 0x23, 0xFF, 0xF4, 0x00, 0x39, 0xFF, 0xFA,
    0x00, 0x41, 0xFF, 0xF4, 0x00, 0x42, 0xFF, 0xF4, 0x00, 0x43, 0xFF, 0xF4, 0x00, 0x44, 0xFF, 0xF4,
    0x00, 0x45, 0xFF, 0xF4, 0x00, 0x46, 0xFF, 0xF4, 0x00, 0x47, 0xFF, 0xF4, 0x00, 0x48, 0xFF, 0xF4,
    0x00, 0x49, 0xFF, 0xF4, 0x00, 0x4A, 0xFF, 0xF4, 0x00, 0x4D, 0xFF, 0xF4, 0x00, 0x52, 0xFF, 0xFC,
    0x00, 0x53, 0xFF, 0xFC, 0x00, 0x54, 0xFF, 0xFC, 0x00, 0x55, 0xFF, 0xFC, 0x00, 0x56, 0xFF, 0xFC,
    0x00, 0x58, 0xFF, 0xC2, 0x00, 0x59, 0xFF, 0xC2, 0x00, 0x5A, 0xFF, 0xC2, 0x00, 0x65, 0xFF, 0xF8,
    0x00, 0x66, 0xFF, 0xFF, 0x00, 0x67, 0xFF, 0xFF, 0x00, 0x68, 0xFF, 0xFF, 0x00, 0x69, 0xFF, 0xFF,
    0x00, 0x6A, 0xFF, 0xFF, 0x00, 0x6C, 0xFF, 0xE0, 0x00, 0x6D, 0xFF, 0xE0, 0x00, 0x6E, 0xFF, 0xE0,
    0x00, 0x6F, 0xFF, 0xE0, 0x00, 0x70, 0xFF, 0xE0, 0x00, 0x75, 0xFF, 0xF4, 0x00, 0x76, 0xFF, 0xF4,
    0x00, 0x77, 0xFF, 0xF4, 0x00, 0x78, 0xFF, 0xF4, 0x00, 0x79, 0xFF, 0xF4, 0x00, 0x7A, 0xFF, 0xF4,
    0x00, 0x7B, 0xFF, 0xF4, 0x00, 0x7C, 0xFF, 0xF4, 0x00, 0x7D, 0xFF, 0xF4, 0x00, 0x7E, 0xFF, 0xF4,
    0x00, 0x7F, 0xFF, 0xF4, 0x00, 0x81, 0xFF, 0xEC, 0x00, 0x82, 0xFF, 0xEC, 0x00, 0x83, 0xFF, 0xEC,
    0x00, 0x84, 0xFF, 0xEC, 0x00, 0x85, 0xFF, 0xEC, 0x00, 0x86, 0xFF, 0xED, 0x00, 0x87, 0xFF, 0xED,
    0x00, 0x88, 0xFF, 0xED, 0x00, 0x89, 0xFF, 0xE8, 0x00, 0x8A, 0xFF, 0xEC, 0x00, 0x8B, 0xFF, 0xEC,
    0x00, 0x8C, 0xFF, 0xEC, 0x00, 0x8D, 0xFF, 0xEC, 0x00, 0x8E, 0xFF, 0xEC, 0x00, 0x8F, 0xFF, 0xEC,
    0x00, 0x90, 0xFF, 0xEC, 0x00, 0x91, 0xFF, 0xEC, 0x00, 0x92, 0xFF, 0xEC, 0x00, 0x94, 0xFF, 0xF5,
    0x00, 0x95, 0xFF, 0xF5, 0x00, 0x96, 0xFF, 0xF5, 0x00, 0x97, 0xFF, 0xF5, 0x00, 0xAF, 0xFF, 0xF3,
    0x00, 0xB7, 0xFF, 0xEC, 0x00, 0xB8, 0xFF, 0xEC, 0x00, 0xB9, 0xFF, 0xEC, 0x00, 0xBA, 0xFF, 0xEC,
    0x00, 0xBB, 0xFF, 0xEC, 0x00, 0xBC, 0xFF, 0xEC, 0x00, 0xBD, 0xFF, 0xEC, 0x00, 0xBE, 0xFF, 0xEC,
    0x00, 0xBF, 0xFF, 0xEC, 0x00, 0xC0, 0xFF, 0xEC, 0x00, 0xC3, 0xFF, 0xED, 0x00, 0xC8, 0xFF, 0xF1,
    0x00, 0xC9, 0xFF, 0xF1, 0x00, 0xCA, 0xFF, 0xF1, 0x00, 0xCB, 0xFF, 0xF1, 0x00, 0xCC, 0xFF, 0xF1,
    0x00, 0xEB, 0xFF, 0xED, 0x00, 0xEC, 0xFF, 0xED, 0x00, 0xED, 0xFF, 0xED, 0x00, 0xEE, 0xFF, 0xED,
    0x00, 0xEF, 0xFF, 0xED, 0x00, 0xF0, 0xFF, 0xED, 0x00, 0xF1, 0xFF, 0xED, 0x00, 0xF2, 0xFF, 0xED,
    0x00, 0xF3, 0xFF, 0xED, 0x00, 0xF4, 0xFF, 0xED, 0x00, 0xFE, 0xFF, 0xE4, 0x01, 0x1E, 0x00, 0x09,
    0x01, 0x20, 0xFF, 0xCB, 0x01, 0x25, 0xFF, 0xE8, 0x01, 0x2A, 0xFF, 0xC5, 0x01, 0x2B, 0xFF, 0xC5,
    0x01, 0x2C, 0xFF, 0xC5, 0x01, 0x3A, 0xFF, 0xD4, 0x01, 0x3C, 0xFF, 0xD4, 0x01, 0x4A, 0xFF, 0xD3,
    0x01, 0x4E, 0x00, 0x0B, 0x00, 0x7B, 0x00, 0x0B, 0x00, 0x08, 0x00, 0x0D, 0xFF, 0xDC, 0x00, 0x0E,
    0xFF, 0xDC, 0x00, 0x0F, 0xFF, 0xDC, 0x00, 0x10, 0xFF, 0xDC, 0x00, 0x11, 0xFF, 0xDC, 0x00, 0x15,
    0xFF, 0xE7, 0x00, 0x20, 0xFF, 0xDC, 0x00, 0x21, 0xFF, 0xDC, 0x00, 0x22, 0xFF, 0xDC, 0x00, 0x23,
    0xFF, 0xDC, 0x00, 0x27, 0xFF, 0xE2, 0x00, 0x28, 0xFF, 0xE2, 0x00, 0x39, 0xFF, 0xE7, 0x00, 0x41,
    0xFF, 0xDC, 0x00, 0x42, 0xFF, 0xDC, 0x00, 0x43, 0xFF, 0xDC, 0x00, 0x44, 0xFF, 0xDC, 0x00, 0x45,
    0xFF, 0xDC, 0x00, 0x46, 0xFF, 0xDC, 0x00, 0x47, 0xFF, 0xDC, 0x00, 0x48, 0xFF, 0xDC, 0x00, 0x49,
    0xFF, 0xDC, 0x00, 0x4A, 0xFF, 0xDC, 0x00, 0x4D, 0xFF, 0xDC, 0x00, 0x52, 0xFF, 0xF2, 0x00, 0x53,
    0xFF, 0xF2, 0x00, 0x54, 0xFF, 0xF2, 0x00, 0x55, 0xFF, 0xF2, 0x00, 0x56, 0xFF, 0xF2, 0x00, 0x58,
    0xFF, 0xAC, 0x00, 0x59, 0xFF, 0xAC, 0x00, 0x5A, 0xFF, 0xAC, 0x00, 0x5B, 0xFF, 0xE2, 0x00, 0x5C,
    0xFF, 0xE2, 0x00, 0x5D, 0xFF, 0xE2, 0x00, 0x5E, 0xFF, 0xE2, 0x00, 0x5F, 0xFF, 0xE2, 0x00, 0x60,
    0xFF, 0xE2, 0x00, 0x61, 0xFF, 0xE2, 0x00, 0x62, 0xFF, 0xE2, 0x00, 0x63, 0xFF, 0xE2, 0x00, 0x64,
    0xFF, 0xE2, 0x00, 0x65, 0xFF, 0xB2, 0x00, 0x66, 0xFF, 0xC4, 0x00, 0x67, 0xFF, 0xC4, 0x00, 0x68,
    0xFF, 0xC4, 0x00, 0x69, 0xFF, 0xC4, 0x00, 0x6A, 0xFF, 0xC4, 0x00, 0x6C, 0xFF, 0xA2, 0x00, 0x6D,
    0xFF, 0xA2, 0x00, 0x6E, 0xFF, 0xA2, 0x00, 0x6F, 0xFF, 0xA2, 0x00, 0x70, 0xFF, 0xA2, 0x00, 0x81,
    0xFF, 0xF1, 0x00, 0x82, 0xFF, 0xF1, 0x00, 0x83, 0xFF, 0xF1, 0x00, 0x84, 0xFF, 0xF1, 0x00, 0x85,
    0xFF, 0xF1, 0x00, 0x86, 0xFF, 0xF2, 0x00, 0x87, 0xFF, 0xF2, 0x00, 0x88, 0xFF, 0xF2, 0x00, 0x89,
    0xFF, 0xF2, 0x00, 0x8A, 0xFF, 0xF1, 0x00, 0x8B, 0xFF, 0xF1, 0x00, 0x8C, 0xFF, 0xF1, 0x00, 0x8D,
    0xFF, 0xF1, 0x00, 0x8E, 0xFF, 0xF1, 0x00, 0x8F, 0xFF, 0xF1, 0x00, 0x90, 0xFF, 0xF1, 0x00, 0x91,
    0xFF, 0xF1, 0x00, 0x92, 0xFF, 0xF1, 0x00, 0x93, 0xFF, 0xE0, 0x00, 0xA5, 0x00, 0x0B, 0x00, 0xA6,
    0x00, 0x06, 0x00, 0xAF, 0xFF, 0xEF, 0x00, 0xB7, 0xFF, 0xF1, 0x00, 0xB8, 0xFF, 0xF1, 0x00, 0xB9,
    0xFF, 0xF1, 0x00, 0xBA, 0xFF, 0xF1, 0x00, 0xBB, 0xFF, 0xF1, 0x00, 0xBC, 0xFF, 0xF1, 0x00, 0xBD,
    0xFF, 0xF1, 0x00, 0xBE, 0xFF, 0xF1, 0x00, 0xBF, 0xFF, 0xF1, 0x00, 0xC0, 0xFF, 0xF1, 0x00, 0xC3,
    0xFF, 0xF2, 0x00, 0xCE, 0xFF, 0xDE, 0x00, 0xCF, 0xFF, 0xDE, 0x00, 0xD0, 0xFF, 0xDE, 0x00, 0xD1,
    0xFF, 0xF1, 0x00, 0xD2, 0xFF, 0xF1, 0x00, 0xD3, 0xFF, 0xF1, 0x00, 0xD4, 0xFF, 0xF1, 0x00, 0xD5,
    0xFF, 0xF1, 0x00, 0xD6, 0xFF, 0xF1, 0x00, 0xD7, 0xFF, 0xF1, 0x00, 0xD8, 0xFF, 0xF1, 0x00, 0xD9,
    0xFF, 0xF1, 0x00, 0xDA, 0xFF, 0xF1, 0x00, 0xDB, 0xFF, 0xC8, 0x00, 0xDC, 0xFF, 0xD2, 0x00, 0xDD,
    0xFF, 0xD2, 0x00, 0xDE, 0xFF, 0xD2, 0x00, 0xDF, 0xFF, 0xD2, 0x00, 0xE0, 0xFF, 0xD2, 0x00, 0xE2,
    0xFF, 0xC9, 0x00, 0xE3, 0xFF, 0xC9, 0x00, 0xE4, 0xFF, 0xC9, 0x00, 0xE5, 0xFF, 0xC9, 0x00, 0xE6,
    0xFF, 0xC9, 0x00, 0xEB, 0xFF, 0xF2, 0x00, 0xEC, 0xFF, 0xF2, 0x00, 0xED, 0xFF, 0xF2, 0x00, 0xEE,
    0xFF, 0xF2, 0x00, 0xEF, 0xFF, 0xF2, 0x00, 0xF0, 0xFF, 0xF2, 0x00, 0xF1, 0xFF, 0xF2, 0x00, 0xF2,
    0xFF, 0xF2, 0x00, 0xF3, 0xFF, 0xF2, 0x00, 0xF4, 0xFF, 0xF2, 0x00, 0xF5, 0xFF, 0xE0, 0x00, 0xF6,
    0xFF, 0xE0, 0x00, 0x7D, 0x00, 0x01, 0xFF, 0xF1, 0x00, 0x02, 0xFF, 0xF1, 0x00, 0x03, 0xFF, 0xF1,
    0x00, 0x04, 0xFF, 0xF1, 0x00, 0x05, 0xFF, 0xF1, 0x00, 0x06, 0xFF, 0xF1, 0x00, 0x07, 0xFF, 0xF1,
    0x00, 0x08, 0xFF, 0xF1, 0x00, 0x09, 0xFF, 0xF1, 0x00, 0x0A, 0xFF, 0xF1, 0x00, 0x0B, 0xFF, 0xF4,
    0x00, 0x0C, 0xFF, 0xFF, 0x00, 0x12, 0xFF, 0xFF, 0x00, 0x13, 0xFF, 0xFF, 0x00, 0x14, 0xFF, 0xFF,
    0x00, 0x15, 0xFF, 0xFF, 0x00, 0x16, 0xFF, 0xFF, 0x00, 0x17, 0xFF, 0xFF, 0x00, 0x18, 0xFF, 0xFF,
    0x00, 0x19, 0xFF, 0xFF, 0x00, 0x1A, 0xFF, 0xFF, 0x00, 0x1B, 0xFF, 0xFF, 0x00, 0x1C, 0xFF, 0xFF,
    0x00, 0x1D, 0xFF, 0xFF, 0x00, 0x1E, 0xFF, 0xFF, 0x00, 0x1F, 0xFF, 0xFF, 0x00, 0x24, 0xFF, 0xFF,
    0x00, 0x25, 0xFF, 0xFF, 0x00, 0x27, 0xFF, 0xFF, 0x00, 0x28, 0xFF, 0xFF, 0x00, 0x32, 0xFF, 0xFF,
    0x00, 0x33, 0xFF, 0xFF, 0x00, 0x34, 0xFF, 0xFF, 0x00, 0x35, 0xFF, 0xFF, 0x00, 0x36, 0xFF, 0xFF,
    0x00, 0x37, 0xFF, 0xFF, 0x00, 0x38, 0xFF, 0xFF, 0x00, 0x3A, 0xFF, 0xFF, 0x00, 0x3B, 0xFF, 0xFF,
    0x00, 0x3C, 0xFF, 0xFF, 0x00, 0x3D, 0xFF, 0xFF, 0x00, 0x3E, 0xFF, 0xFF, 0x00, 0x3F, 0xFF, 0xFF,
    0x00, 0x40, 0xFF, 0xFF, 0x00, 0x4B, 0xFF, 0xFF, 0x00, 0x4C, 0xFF, 0xFF, 0x00, 0x4E, 0xFF, 0xFF,
    0x00, 0x4F, 0xFF, 0xFF, 0x00, 0x50, 0xFF, 0xFF, 0x00, 0x51, 0xFF, 0xFF, 0x00, 0x57, 0xFF, 0xFF,
    0x00, 0x58, 0xFF, 0xF3, 0x00, 0x59, 0xFF, 0xF3, 0x00, 0x5A, 0xFF, 0xF3, 0x00, 0x5B, 0xFF, 0xFF,
    0x00, 0x5C, 0xFF, 0xFF, 0x00, 0x5D, 0xFF, 0xFF, 0x00, 0x5E, 0xFF, 0xFF, 0x00, 0x5F, 0xFF, 0xFF,
    0x00, 0x60, 0xFF, 0xFF, 0x00, 0x61, 0xFF, 0xFF, 0x00, 0x62, 0xFF, 0xFF, 0x00, 0x63, 0xFF, 0xFF,
    0x00, 0x64, 0xFF, 0xFF, 0x00, 0x65, 0xFF, 0xF2, 0x00, 0x66, 0xFF, 0xF9, 0x00, 0x67, 0xFF, 0xF9,
    0x00, 0x68, 0xFF, 0xF9, 0x00, 0x69, 0xFF, 0xF9, 0x00, 0x6A, 0xFF, 0xF9, 0x00, 0x6B, 0xFF, 0xEA,
    0x00, 0x6C, 0xFF, 0xEA, 0x00, 0x6D, 0xFF, 0xEA, 0x00, 0x6E, 0xFF, 0xEA, 0x00, 0x6F, 0xFF, 0xEA,
    0x00, 0x70, 0xFF, 0xEA, 0x00, 0x71, 0xFF, 0xF6, 0x00, 0x72, 0xFF, 0xF6, 0x00, 0x73, 0xFF, 0xF6,
    0x00, 0x74, 0xFF, 0xF6, 0x00, 0x93, 0xFF, 0xF7, 0x00, 0xCE, 0xFF, 0xFA, 0x00, 0xCF, 0xFF, 0xFA,
    0x00, 0xD0, 0xFF, 0xFA, 0x00, 0xDB, 0xFF, 0xF5, 0x00, 0xDC, 0xFF, 0xF9, 0x00, 0xDD, 0xFF, 0xF9,
    0x00, 0xDE, 0xFF, 0xF9, 0x00, 0xDF, 0xFF, 0xF9, 0x00, 0xE0, 0xFF, 0xF9, 0x00, 0xE1, 0xFF, 0xED,
    0x00, 0xE2, 0xFF, 0xF4, 0x00, 0xE3, 0xFF, 0xF4, 0x00, 0xE4, 0xFF, 0xF4, 0x00, 0xE5, 0xFF, 0xF4,
    0x00, 0xE6, 0xFF, 0xF4, 0x00, 0xE7, 0xFF, 0xF7, 0x00, 0xE8, 0xFF, 0xF7, 0x00, 0xE9, 0xFF, 0xF7,
    0x00, 0xEA, 0xFF, 0xF7, 0x00, 0xF5, 0xFF, 0xF7, 0x00, 0xF6, 0xFF, 0xF7, 0x00, 0xF8, 0xFF, 0xFE,
    0x01, 0x17, 0xFF, 0xE8, 0x01, 0x18, 0xFF, 0xE8, 0x01, 0x19, 0xFF, 0xFE, 0x01, 0x1A, 0xFF, 0xFE,
    0x01, 0x1B, 0xFF, 0xE8, 0x01, 0x22, 0xFF, 0xFC, 0x01, 0x24, 0xFF, 0xE7, 0x01, 0x25, 0xFF, 0xED,
    0x01, 0x2D, 0xFF, 0xCB, 0x01, 0x2F, 0xFF, 0xE7, 0x01, 0x31, 0xFF, 0xF3, 0x01, 0x33, 0xFF, 0xF2,
    0x01, 0x34, 0xFF, 0xE8, 0x01, 0x35, 0xFF, 0xE8, 0x01, 0x36, 0xFF, 0xFC, 0x01, 0x37, 0xFF, 0xFC,
    0x01, 0x38, 0xFF, 0xFC, 0x01, 0x39, 0xFF, 0xFC, 0x01, 0x3E, 0xFF, 0xFC, 0x01, 0x3F, 0xFF, 0xFC,
    0x01, 0x49, 0xFF, 0xFE, 0x01, 0x4A, 0xFF, 0xFD, 0x00, 0x7E, 0x00, 0x01, 0xFF, 0xC7, 0x00, 0x02,
    0xFF, 0xC7, 0x00, 0x03, 0xFF, 0xC7, 0x00, 0x04, 0xFF, 0xC7, 0x00, 0x05, 0xFF, 0xC7, 0x00, 0x06,
    0xFF, 0xC7, 0x00, 0x07, 0xFF, 0xC7, 0x00, 0x08, 0xFF, 0xC7, 0x00, 0x09, 0xFF, 0xC7, 0x00, 0x0A,
    0xFF, 0xC7, 0x00, 0x0B, 0xFF, 0xB7, 0x00, 0x26, 0xFF, 0xFC, 0x00, 0x29, 0xFF, 0xFC, 0x00, 0x2A,
    0xFF, 0xFC, 0x00, 0x2B, 0xFF, 0xFC, 0x00, 0x2C, 0xFF, 0xFC, 0x00, 0x2D, 0xFF, 0xFC, 0x00, 0x2E,
    0xFF, 0xFC, 0x00, 0x2F, 0xFF, 0xFC, 0x00, 0x30, 0xFF, 0xD7, 0x00, 0x31, 0xFF, 0xD7, 0x00, 0x39,
    0xFF, 0xED, 0x00, 0x58, 0xFF, 0xFF, 0x00, 0x59, 0xFF, 0xFF, 0x00, 0x5A, 0xFF, 0xFF, 0x00, 0x65,
    0xFF, 0xF4, 0x00, 0x66, 0xFF, 0xFA, 0x00, 0x67, 0xFF, 0xFA, 0x00, 0x68, 0xFF, 0xFA, 0x00, 0x69,
    0xFF, 0xFA, 0x00, 0x6A, 0xFF, 0xFA, 0x00, 0x6B, 0xFF, 0xE3, 0x00, 0x6C, 0xFF, 0xF0, 0x00, 0x6D,
    0xFF, 0xF0, 0x00, 0x6E, 0xFF, 0xF0, 0x00, 0x6F, 0xFF, 0xF0, 0x00, 0x70, 0xFF, 0xF0, 0x00, 0x71,
    0xFF, 0xFA, 0x00, 0x72, 0xFF, 0xFA, 0x00, 0x73, 0xFF, 0xFA, 0x00, 0x74, 0xFF, 0xFA, 0x00, 0x75,
    0xFF, 0xFA, 0x00, 0x76, 0xFF, 0xFA, 0x00, 0x77, 0xFF, 0xFA, 0x00, 0x78, 0xFF, 0xFA, 0x00, 0x79,
    0xFF, 0xFA, 0x00, 0x7A, 0xFF, 0xFA, 0x00, 0x7B, 0xFF, 0xFA, 0x00, 0x7C, 0xFF, 0xFA, 0x00, 0x7D,
    0xFF, 0xFA, 0x00, 0x7E, 0xFF, 0xFA, 0x00, 0x7F, 0xFF, 0xFA, 0x00, 0x81, 0xFF, 0xFA, 0x00, 0x82,
    0xFF, 0xFA, 0x00, 0x83, 0xFF, 0xFA, 0x00, 0x84, 0xFF, 0xFA, 0x00, 0x85, 0xFF, 0xFA, 0x00, 0x86,
    0xFF, 0xFA, 0x00, 0x87, 0xFF, 0xFA, 0x00, 0x88, 0xFF, 0xFA, 0x00, 0x89, 0xFF, 0xF2, 0x00, 0x8A,
    0xFF, 0xFA, 0x00, 0x8B, 0xFF, 0xFA, 0x00, 0x8C, 0xFF, 0xFA, 0x00, 0x8D, 0xFF, 0xFA, 0x00, 0x8E,
    0xFF, 0xFA, 0x00, 0x8F, 0xFF, 0xFA, 0x00, 0x90, 0xFF, 0xFA, 0x00, 0x91, 0xFF, 0xFA, 0x00, 0x92,
    0xFF, 0xFA, 0x00, 0x94, 0xFF, 0xFC, 0x00, 0x95, 0xFF, 0xFC, 0x00, 0x96, 0xFF, 0xFC, 0x00, 0x97,
    0xFF, 0xFC, 0x00, 0x9D, 0x00, 0x16, 0x00, 0x9E, 0x00, 0x10, 0x00, 0xAF, 0xFF, 0xFC, 0x00, 0xB7,
    0xFF, 0xFA, 0x00, 0xB8, 0xFF, 0xFA, 0x00, 0xB9, 0xFF, 0xFA, 0x00, 0xBA, 0xFF, 0xFA, 0x00, 0xBB,
    0xFF, 0xFA, 0x00, 0xBC, 0xFF, 0xFA, 0x00, 0xBD, 0xFF, 0xFA, 0x00, 0xBE, 0xFF, 0xFA, 0x00, 0xBF,
    0xFF, 0xFA, 0x00, 0xC0, 0xFF, 0xFA, 0x00, 0xC3, 0xFF, 0xFA, 0x00, 0xC8, 0xFF, 0xFF, 0x00, 0xC9,
    0xFF, 0xFF, 0x00, 0xCA, 0xFF, 0xFF, 0x00, 0xCB, 0xFF, 0xFF, 0x00, 0xCC, 0xFF, 0xFF, 0x00, 0xEB,
    0xFF, 0xFA, 0x00, 0xEC, 0xFF, 0xFA, 0x00, 0xED, 0xFF, 0xFA, 0x00, 0xEE, 0xFF, 0xFA, 0x00, 0xEF,
    0xFF, 0xFA, 0x00, 0xF0, 0xFF, 0xFA, 0x00, 0xF1, 0xFF, 0xFA, 0x00, 0xF2, 0xFF, 0xFA, 0x00, 0xF3,
    0xFF, 0xFA, 0x00, 0xF4, 0xFF, 0xFA, 0x00, 0xFE, 0xFF, 0xE6, 0x01, 0x13, 0xFF, 0xE9, 0x01, 0x14,
    0xFF, 0xE9, 0x01, 0x17, 0xFF, 0x86, 0x01, 0x18, 0xFF, 0x86, 0x01, 0x1B, 0xFF, 0x86, 0x01, 0x1E,
    0x00, 0x0A, 0x01, 0x20, 0xFF, 0xE5, 0x01, 0x24, 0xFF, 0xC9, 0x01, 0x25, 0xFF, 0xF7, 0x01, 0x2A,
    0xFF, 0xDF, 0x01, 0x2B, 0xFF, 0xDF, 0x01, 0x2C, 0xFF, 0xDF, 0x01, 0x2D, 0xFF, 0x96, 0x01, 0x2F,
    0xFF, 0xDA, 0x01, 0x31, 0xFF, 0xE4, 0x01, 0x33, 0xFF, 0xDF, 0x01, 0x34, 0xFF, 0x86, 0x01, 0x35,
    0xFF, 0x86, 0x01, 0x3A, 0xFF, 0xEC, 0x01, 0x3C, 0xFF, 0xEC, 0x01, 0x45, 0xFF, 0xE3, 0x01, 0x4E,
    0x00, 0x08, 0x00, 0x7E, 0x00, 0x01, 0xFF, 0xBA, 0x00, 0x02, 0xFF, 0xBA, 0x00, 0x03, 0xFF, 0xBA,
    0x00, 0x04, 0xFF, 0xBA, 0x00, 0x05, 0xFF, 0xBA, 0x00, 0x06, 0xFF, 0xBA, 0x00, 0x07, 0xFF, 0xBA,
    0x00, 0x08, 0xFF, 0xBA, 0x00, 0x09, 0xFF, 0xBA, 0x00, 0x0A, 0xFF, 0xBA, 0x00, 0x0B, 0xFF, 0xA7,
    0x00, 0x0D, 0xFF, 0xFE, 0x00, 0x0E, 0xFF, 0xFE, 0x00, 0x0F, 0xFF, 0xFE, 0x00, 0x10, 0xFF, 0xFE,
    0x00, 0x11, 0xFF, 0xFE, 0x00, 0x15, 0xFF, 0xF4, 0x00, 0x20, 0xFF, 0xFE, 0x00, 0x21, 0xFF, 0xFE,
    0x00, 0x22, 0xFF, 0xFE, 0x00, 0x23, 0xFF, 0xFE, 0x00, 0x30, 0xFF, 0xB1, 0x00, 0x39, 0xFF, 0xE2,
    0x00, 0x41, 0xFF, 0xFE, 0x00, 0x42, 0xFF, 0xFE, 0x00, 0x43, 0xFF, 0xFE, 0x00, 0x44, 0xFF, 0xFE,
    0x00, 0x45, 0xFF, 0xFE, 0x00, 0x46, 0xFF, 0xFE, 0x00, 0x47, 0xFF, 0xFE, 0x00, 0x48, 0xFF, 0xFE,
    0x00, 0x49, 0xFF, 0xFE, 0x00, 0x4A, 0xFF, 0xFE, 0x00, 0x4D, 0xFF, 0xFE, 0x00, 0x6B, 0xFF, 0xEE,
    0x00, 0x6C, 0xFF, 0xF4, 0x00, 0x6D, 0xFF, 0xF4, 0x00, 0x6E, 0xFF, 0xF4, 0x00, 0x6F, 0xFF, 0xF4,
    0x00, 0x70, 0xFF, 0xF4, 0x00, 0x75, 0xFF, 0xE4, 0x00, 0x76, 0xFF, 0xE4, 0x00, 0x77, 0xFF, 0xE4,
    0x00, 0x78, 0xFF, 0xE4, 0x00, 0x79, 0xFF, 0xE4, 0x00, 0x7A, 0xFF, 0xE4, 0x00, 0x7B, 0xFF, 0xE4,
    0x00, 0x7C, 0xFF, 0xE4, 0x00, 0x7D, 0xFF, 0xE4, 0x00, 0x7E, 0xFF, 0xE4, 0x00, 0x7F, 0xFF, 0xE4,
    0x00, 0x81, 0xFF, 0xE4, 0x00, 0x82, 0xFF, 0xE4, 0x00, 0x83, 0xFF, 0xE4, 0x00, 0x84, 0xFF, 0xE4,
    0x00, 0x85, 0xFF, 0xE4, 0x00, 0x86, 0xFF, 0xE2, 0x00, 0x87, 0xFF, 0xE2, 0x00, 0x88, 0xFF, 0xE2,
    0x00, 0x89, 0xFF, 0xD9, 0x00, 0x8A, 0xFF, 0xE4, 0x00, 0x8B, 0xFF, 0xE4, 0x00, 0x8C, 0xFF, 0xE4,
    0x00, 0x8D, 0xFF, 0xE4, 0x00, 0x8E, 0xFF, 0xE4, 0x00, 0x8F, 0xFF, 0xE4, 0x00, 0x90, 0xFF, 0xE4,
    0x00, 0x91, 0xFF, 0xE4, 0x00, 0x92, 0xFF, 0xE4, 0x00, 0x94, 0xFF, 0xE9, 0x00, 0x95, 0xFF, 0xE9,
    0x00, 0x96, 0xFF, 0xE9, 0x00, 0x97, 0xFF, 0xE9, 0x00, 0x9B, 0xFF, 0xFD, 0x00, 0x9D, 0x00, 0x25,
    0x00, 0x9E, 0x00, 0x14, 0x00, 0xA6, 0xFF, 0xFD, 0x00, 0xAF, 0xFF, 0xEE, 0x00, 0xB0, 0xFF, 0xFC,
    0x00, 0xB1, 0xFF, 0xFC, 0x00, 0xB2, 0xFF, 0xFC, 0x00, 0xB3, 0xFF, 0xFC, 0x00, 0xB4, 0xFF, 0xFC,
    0x00, 0xB5, 0xFF, 0xFC, 0x00, 0xB6, 0xFF, 0xFC, 0x00, 0xB7, 0xFF, 0xE4, 0x00, 0xB8, 0xFF, 0xE4,
    0x00, 0xB9, 0xFF, 0xE4, 0x00, 0xBA, 0xFF, 0xE4, 0x00, 0xBB, 0xFF, 0xE4, 0x00, 0xBC, 0xFF, 0xE4,
    0x00, 0xBD, 0xFF, 0xE4, 0x00, 0xBE, 0xFF, 0xE4, 0x00, 0xBF, 0xFF, 0xE4, 0x00, 0xC0, 0xFF, 0xE4,
    0x00, 0xC1, 0xFF, 0xFC, 0x00, 0xC3, 0xFF, 0xE2, 0x00, 0xC4, 0xFF, 0xFC, 0x00, 0xC5, 0xFF, 0xFC,
    0x00, 0xC6, 0xFF, 0xFC, 0x00, 0xC7, 0xFF, 0xFC, 0x00, 0xC8, 0xFF, 0xEF, 0x00, 0xC9, 0xFF, 0xEF,
    0x00, 0xCA, 0xFF, 0xEF, 0x00, 0xCB, 0xFF, 0xEF, 0x00, 0xCC, 0xFF, 0xEF, 0x00, 0xD1, 0xFF, 0xFD,
    0x00, 0xD2, 0xFF, 0xFD, 0x00, 0xD3, 0xFF, 0xFD, 0x00, 0xD4, 0xFF, 0xFD, 0x00, 0xD5, 0xFF, 0xFD,
    0x00, 0xD6, 0xFF, 0xFD, 0x00, 0xD7, 0xFF, 0xFD, 0x00, 0xD8, 0xFF, 0xFD, 0x00, 0xD9, 0xFF, 0xFD,
    0x00, 0xDA, 0xFF, 0xFD, 0x00, 0xEB, 0xFF, 0xE2, 0x00, 0xEC, 0xFF, 0xE2, 0x00, 0xED, 0xFF, 0xE2,
    0x00, 0xEE, 0xFF, 0xE2, 0x00, 0xEF, 0xFF, 0xE2, 0x00, 0xF0, 0xFF, 0xE2, 0x00, 0xF1, 0xFF, 0xE2,
    0x00, 0xF2, 0xFF, 0xE2, 0x00, 0xF3, 0xFF, 0xE2, 0x00, 0xF4, 0xFF, 0xE2, 0x00, 0x81, 0x00, 0x01,
    0xFF, 0xBC, 0x00, 0x02, 0xFF, 0xBC, 0x00, 0x03, 0xFF, 0xBC, 0x00, 0x04, 0xFF, 0xBC, 0x00, 0x05,
    0xFF, 0xBC, 0x00, 0x06, 0xFF, 0xBC, 0x00, 0x07, 0xFF, 0xBC, 0x00, 0x08, 0xFF, 0xBC, 0x00, 0x09,
    0xFF, 0xBC, 0x00, 0x0A, 0xFF, 0xBC, 0x00, 0x0D, 0xFF, 0xF3, 0x00, 0x0E, 0xFF, 0xF3, 0x00, 0x0F,
    0xFF, 0xF3, 0x00, 0x10, 0xFF, 0xF3, 0x00, 0x11, 0xFF, 0xF3, 0x00, 0x20, 0xFF, 0xF3, 0x00, 0x21,
    0xFF, 0xF3, 0x00, 0x22, 0xFF, 0xF3, 0x00, 0x23, 0xFF, 0xF3, 0x00, 0x30, 0xFF, 0xC6, 0x00, 0x41,
    0xFF, 0xF3, 0x00, 0x42, 0xFF, 0xF3, 0x00, 0x43, 0xFF, 0xF3, 0x00, 0x44, 0xFF, 0xF3, 0x00, 0x45,
    0xFF, 0xF3, 0x00, 0x46, 0xFF, 0xF3, 0x00, 0x47, 0xFF, 0xF3, 0x00, 0x48, 0xFF, 0xF3, 0x00, 0x49,
    0xFF, 0xF3, 0x00, 0x4A, 0xFF, 0xF3, 0x00, 0x4D, 0xFF, 0xF3, 0x00, 0x75, 0xFF, 0xD9, 0x00, 0x76,
    0xFF, 0xD9, 0x00, 0x77, 0xFF, 0xD9, 0x00, 0x78, 0xFF, 0xD9, 0x00, 0x79, 0xFF, 0xD9, 0x00, 0x7A,
    0xFF, 0xD9, 0x00, 0x7B, 0xFF, 0xD9, 0x00, 0x7C, 0xFF, 0xD9, 0x00, 0x7D, 0xFF, 0xD9, 0x00, 0x7E,
    0xFF, 0xD9, 0x00, 0x7F, 0xFF, 0xD9, 0x00, 0x81, 0xFF, 0xD6, 0x00, 0x82, 0xFF, 0xD6, 0x00, 0x83,
    0xFF, 0xD6, 0x00, 0x84, 0xFF, 0xD6, 0x00, 0x85, 0xFF, 0xD6, 0x00, 0x86, 0xFF, 0xD6, 0x00, 0x87,
    0xFF, 0xD6, 0x00, 0x88, 0xFF, 0xD6, 0x00, 0x8A, 0xFF, 0xD6, 0x00, 0x8B, 0xFF, 0xD6, 0x00, 0x8C,
    0xFF, 0xD6, 0x00, 0x8D, 0xFF, 0xD6, 0x00, 0x8E, 0xFF, 0xD6, 0x00, 0x8F, 0xFF, 0xD6, 0x00, 0x90,
    0xFF, 0xD6, 0x00, 0x91, 0xFF, 0xD6, 0x00, 0x92, 0xFF, 0xD6, 0x00, 0x94, 0xFF, 0xDA, 0x00, 0x95,
    0xFF, 0xDA, 0x00, 0x96, 0xFF, 0xDA, 0x00, 0x97, 0xFF, 0xDA, 0x00, 0xB0, 0xFF, 0xEE, 0x00, 0xB1,
    0xFF, 0xEE, 0x00, 0xB2, 0xFF, 0xEE, 0x00, 0xB3, 0xFF, 0xEE, 0x00, 0xB4, 0xFF, 0xEE, 0x00, 0xB5,
    0xFF, 0xEE, 0x00, 0xB6, 0xFF, 0xEE, 0x00, 0xB7, 0xFF, 0xD6, 0x00, 0xB8, 0xFF, 0xD6, 0x00, 0xB9,
    0xFF, 0xD6, 0x00, 0xBA, 0xFF, 0xD6, 0x00, 0xBB, 0xFF, 0xD6, 0x00, 0xBC, 0xFF, 0xD6, 0x00, 0xBD,
    0xFF, 0xD6, 0x00, 0xBE, 0xFF, 0xD6, 0x00, 0xBF, 0xFF, 0xD6, 0x00, 0xC0, 0xFF, 0xD6, 0x00, 0xC1,
    0xFF, 0xEE, 0x00, 0xC3, 0xFF, 0xD6, 0x00, 0xC4, 0xFF, 0xEE, 0x00, 0xC5, 0xFF, 0xEE, 0x00, 0xC6,
    0xFF, 0xEE, 0x00, 0xC7, 0xFF, 0xEE, 0x00, 0xC8, 0xFF, 0xE0, 0x00, 0xC9, 0xFF, 0xE0, 0x00, 0xCA,
    0xFF, 0xE0, 0x00, 0xCB, 0xFF, 0xE0, 0x00, 0xCC, 0xFF, 0xE0, 0x00, 0xD1, 0xFF, 0xF2, 0x00, 0xD2,
    0xFF, 0xF2, 0x00, 0xD3, 0xFF, 0xF2, 0x00, 0xD4, 0xFF, 0xF2, 0x00, 0xD5, 0xFF, 0xF2, 0x00, 0xD6,
    0xFF, 0xF2, 0x00, 0xD7, 0xFF, 0xF2, 0x00, 0xD8, 0xFF, 0xF2, 0x00, 0xD9, 0xFF, 0xF2, 0x00, 0xDA,
    0xFF, 0xF2, 0x00, 0xDB, 0xFF, 0xFF, 0x00, 0xDC, 0xFF, 0xFF, 0x00, 0xDD, 0xFF, 0xFF, 0x00, 0xDE,
    0xFF, 0xFF, 0x00, 0xDF, 0xFF, 0xFF, 0x00, 0xE0, 0xFF, 0xFF, 0x00, 0xE1, 0xFF, 0xFF, 0x00, 0xE2,
    0xFF, 0xFF, 0x00, 0xE3, 0xFF, 0xFF, 0x00, 0xE4, 0xFF, 0xFF, 0x00, 0xE5, 0xFF, 0xFF, 0x00, 0xE6,
    0xFF, 0xFF, 0x00, 0xE7, 0xFF, 0xFA, 0x00, 0xE8, 0xFF, 0xFA, 0x00, 0xE9, 0xFF, 0xFA, 0x00, 0xEA,
    0xFF, 0xFA, 0x00, 0xEB, 0xFF, 0xD6, 0x00, 0xEC, 0xFF, 0xD6, 0x00, 0xED, 0xFF, 0xD6, 0x00, 0xEE,
    0xFF, 0xD6, 0x00, 0xEF, 0xFF, 0xD6, 0x00, 0xF0, 0xFF, 0xD6, 0x00, 0xF1, 0xFF, 0xD6, 0x00, 0xF2,
    0xFF, 0xD6, 0x00, 0xF3, 0xFF, 0xD6, 0x00, 0xF4, 0xFF, 0xD6, 0x01, 0x20, 0xFF, 0xC4, 0x01, 0x40,
    0xFF, 0xF5, 0x00, 0x83, 0x00, 0x0D, 0xFF, 0xDF, 0x00, 0x0E, 0xFF, 0xDF, 0x00, 0x0F, 0xFF, 0xDF,
    0x00, 0x10, 0xFF, 0xDF, 0x00, 0x11, 0xFF, 0xDF, 0x00, 0x15, 0xFF, 0xEB, 0x00, 0x20, 0xFF, 0xDF,
    0x00, 0x21, 0xFF, 0xDF, 0x00, 0x22, 0xFF, 0xDF, 0x00, 0x23, 0xFF, 0xDF, 0x00, 0x2A, 0x00, 0x13,
    0x00, 0x2B, 0x00, 0x09, 0x00, 0x30, 0xFF, 0xE1, 0x00, 0x39, 0xFF, 0xED, 0x00, 0x41, 0xFF, 0xDF,
    0x00, 0x42, 0xFF, 0xDF, 0x00, 0x43, 0xFF, 0xDF, 0x00, 0x44, 0xFF, 0xDF, 0x00, 0x45, 0xFF, 0xDF,
    0x00, 0x46, 0xFF, 0xDF, 0x00, 0x47, 0xFF, 0xDF, 0x00, 0x48, 0xFF, 0xDF, 0x00, 0x49, 0xFF, 0xDF,
    0x00, 0x4A, 0xFF, 0xDF, 0x00, 0x4D, 0xFF, 0xDF, 0x00, 0x52, 0xFF, 0xE8, 0x00, 0x53, 0xFF, 0xE8,
    0x00, 0x54, 0xFF, 0xE8, 0x00, 0x55, 0xFF, 0xE8, 0x00, 0x56, 0xFF, 0xE8, 0x00, 0x75, 0xFF, 0xF2,
    0x00, 0x76, 0xFF, 0xF2, 0x00, 0x77, 0xFF, 0xF2, 0x00, 0x78, 0xFF, 0xF2, 0x00, 0x79, 0xFF, 0xF2,
    0x00, 0x7A, 0xFF, 0xF2, 0x00, 0x7B, 0xFF, 0xF2, 0x00, 0x7C, 0xFF, 0xF2, 0x00, 0x7D, 0xFF, 0xF2,
    0x00, 0x7E, 0xFF, 0xF2, 0x00, 0x7F, 0xFF, 0xF2, 0x00, 0x81, 0xFF, 0xE3, 0x00, 0x82, 0xFF, 0xE3,
    0x00, 0x83, 0xFF, 0xE3, 0x00, 0x84, 0xFF, 0xE3, 0x00, 0x85, 0xFF, 0xE3, 0x00, 0x86, 0xFF, 0xE3,
    0x00, 0x87, 0xFF, 0xE3, 0x00, 0x88, 0xFF, 0xE3, 0x00, 0x89, 0xFF, 0xE3, 0x00, 0x8A, 0xFF, 0xE3,
    0x00, 0x8B, 0xFF, 0xE3, 0x00, 0x8C, 0xFF, 0xE3, 0x00, 0x8D, 0xFF, 0xE3, 0x00, 0x8E, 0xFF, 0xE3,
    0x00, 0x8F, 0xFF, 0xE3, 0x00, 0x90, 0xFF, 0xE3, 0x00, 0x91, 0xFF, 0xE3, 0x00, 0x92, 0xFF, 0xE3,
    0x00, 0x93, 0xFF, 0xE8, 0x00, 0x9B, 0xFF, 0xF5, 0x00, 0x9D, 0x00, 0x01, 0x00, 0x9E, 0x00, 0x1A,
    0x00, 0xA0, 0x00, 0x0E, 0x00, 0xA5, 0x00, 0x14, 0x00, 0xA6, 0x00, 0x0B, 0x00, 0xAF, 0xFF, 0xF1,
    0x00, 0xB0, 0xFF, 0xF5, 0x00, 0xB1, 0xFF, 0xF5, 0x00, 0xB2, 0xFF, 0xF5, 0x00, 0xB3, 0xFF, 0xF5,
    0x00, 0xB4, 0xFF, 0xF5, 0x00, 0xB5, 0xFF, 0xF5, 0x00, 0xB6, 0xFF, 0xF5, 0x00, 0xB7, 0xFF, 0xE3,
    0x00, 0xB8, 0xFF, 0xE3, 0x00, 0xB9, 0xFF, 0xE3, 0x00, 0xBA, 0xFF, 0xE3, 0x00, 0xBB, 0xFF, 0xE3,
    0x00, 0xBC, 0xFF, 0xE3, 0x00, 0xBD, 0xFF, 0xE3, 0x00, 0xBE, 0xFF, 0xE3, 0x00, 0xBF, 0xFF, 0xE3,
    0x00, 0xC0, 0xFF, 0xE3, 0x00, 0xC1, 0xFF, 0xF5, 0x00, 0xC3, 0xFF, 0xE3, 0x00, 0xC4, 0xFF, 0xF5,
    0x00, 0xC5, 0xFF, 0xF5, 0x00, 0xC6, 0xFF, 0xF5, 0x00, 0xC7, 0xFF, 0xF5, 0x00, 0xC8, 0xFF, 0xEB,
    0x00, 0xC9, 0xFF, 0xEB, 0x00, 0xCA, 0xFF, 0xEB, 0x00, 0xCB, 0xFF, 0xEB, 0x00, 0xCC, 0xFF, 0xEB,
    0x00, 0xCE, 0xFF, 0xE9, 0x00, 0xCF, 0xFF, 0xE9, 0x00, 0xD0, 0xFF, 0xE9, 0x00, 0xD1, 0xFF, 0xE6,
    0x00, 0xD2, 0xFF, 0xE6, 0x00, 0xD3, 0xFF, 0xE6, 0x00, 0xD4, 0xFF, 0xE6, 0x00, 0xD5, 0xFF, 0xE6,
    0x00, 0xD6, 0xFF, 0xE6, 0x00, 0xD7, 0xFF, 0xE6, 0x00, 0xD8, 0xFF, 0xE6, 0x00, 0xD9, 0xFF, 0xE6,
    0x00, 0xDA, 0xFF, 0xE6, 0x00, 0xDB, 0xFF, 0xDD, 0x00, 0xDC, 0xFF, 0xE0, 0x00, 0xDD, 0xFF, 0xE0,
    0x00, 0xDE, 0xFF, 0xE0, 0x00, 0xDF, 0xFF, 0xE0, 0x00, 0xE0, 0xFF, 0xE0, 0x00, 0xE2, 0xFF, 0xE1,
    0x00, 0xE3, 0xFF, 0xE1, 0x00, 0xE4, 0xFF, 0xE1, 0x00, 0xE5, 0xFF, 0xE1, 0x00, 0xE6, 0xFF, 0xE1,
    0x00, 0xEB, 0xFF, 0xE3, 0x00, 0xEC, 0xFF, 0xE3, 0x00, 0xED, 0xFF, 0xE3, 0x00, 0xEE, 0xFF, 0xE3,
    0x00, 0xEF, 0xFF, 0xE3, 0x00, 0xF0, 0xFF, 0xE3, 0x00, 0xF1, 0xFF, 0xE3, 0x00, 0xF2, 0xFF, 0xE3,
    0x00, 0xF3, 0xFF, 0xE3, 0x00, 0xF4, 0xFF, 0xE3, 0x00, 0xF5, 0xFF, 0xE8, 0x00, 0xF6, 0xFF, 0xE8,
    0x00, 0x8B, 0x00, 0x0D, 0xFF, 0xFF, 0x00, 0x0E, 0xFF, 0xFF, 0x00, 0x0F, 0xFF, 0xFF, 0x00, 0x10,
    0xFF, 0xFF, 0x00, 0x11, 0xFF, 0xFF, 0x00, 0x20, 0xFF, 0xFF, 0x00, 0x21, 0xFF, 0xFF, 0x00, 0x22,
    0xFF, 0xFF, 0x00, 0x23, 0xFF, 0xFF, 0x00, 0x26, 0xFF, 0xF0, 0x00, 0x27, 0xFF, 0xFA, 0x00, 0x28,
    0xFF, 0xFA, 0x00, 0x29, 0xFF, 0xF0, 0x00, 0x2A, 0xFF, 0xF0, 0x00, 0x2B, 0xFF, 0xF0, 0x00, 0x2C,
    0xFF, 0xF0, 0x00, 0x2D, 0xFF, 0xF0, 0x00, 0x2E, 0xFF, 0xF0, 0x00, 0x2F, 0xFF, 0xF0, 0x00, 0x30,
    0xFF, 0xF6, 0x00, 0x31, 0xFF, 0xF6, 0x00, 0x39, 0xFF, 0xF2, 0x00, 0x41, 0xFF, 0xFF, 0x00, 0x42,
    0xFF, 0xFF, 0x00, 0x43, 0xFF, 0xFF, 0x00, 0x44, 0xFF, 0xFF, 0x00, 0x45, 0xFF, 0xFF, 0x00, 0x46,
    0xFF, 0xFF, 0x00, 0x47, 0xFF, 0xFF, 0x00, 0x48, 0xFF, 0xFF, 0x00, 0x49, 0xFF, 0xFF, 0x00, 0x4A,
    0xFF, 0xFF, 0x00, 0x4D, 0xFF, 0xFF, 0x00, 0x52, 0xFF, 0xFF, 0x00, 0x53, 0xFF, 0xFF, 0x00, 0x54,
    0xFF, 0xFF, 0x00, 0x55, 0xFF, 0xFF, 0x00, 0x56, 0xFF, 0xFF, 0x00, 0x58, 0xFF, 0xCF, 0x00, 0x59,
    0xFF, 0xCF, 0x00, 0x5A, 0xFF, 0xCF, 0x00, 0x5B, 0xFF, 0xFA, 0x00, 0x5C, 0xFF, 0xFA, 0x00, 0x5D,
    0xFF, 0xFA, 0x00, 0x5E, 0xFF, 0xFA, 0x00, 0x5F, 0xFF, 0xFA, 0x00, 0x60, 0xFF, 0xFA, 0x00, 0x61,
    0xFF, 0xFA, 0x00, 0x62, 0xFF, 0xFA, 0x00, 0x63, 0xFF, 0xFA, 0x00, 0x64, 0xFF, 0xFA, 0x00, 0x65,
    0xFF, 0xDD, 0x00, 0x66, 0xFF, 0xEC, 0x00, 0x67, 0xFF, 0xEC, 0x00, 0x68, 0xFF, 0xEC, 0x00, 0x69,
    0xFF, 0xEC, 0x00, 0x6A, 0xFF, 0xEC, 0x00, 0x6C, 0xFF, 0xCB, 0x00, 0x6D, 0xFF, 0xCB, 0x00, 0x6E,
    0xFF, 0xCB, 0x00, 0x6F, 0xFF, 0xCB, 0x00, 0x70, 0xFF, 0xCB, 0x00, 0x81, 0xFF, 0xF9, 0x00, 0x82,
    0xFF, 0xF9, 0x00, 0x83, 0xFF, 0xF9, 0x00, 0x84, 0xFF, 0xF9, 0x00, 0x85, 0xFF, 0xF9, 0x00, 0x86,
    0xFF, 0xFB, 0x00, 0x87, 0xFF, 0xFB, 0x00, 0x88, 0xFF, 0xFB, 0x00, 0x8A, 0xFF, 0xF9, 0x00, 0x8B,
    0xFF, 0xF9, 0x00, 0x8C, 0xFF, 0xF9, 0x00, 0x8D, 0xFF, 0xF9, 0x00, 0x8E, 0xFF, 0xF9, 0x00, 0x8F,
    0xFF, 0xF9, 0x00, 0x90, 0xFF, 0xF9, 0x00, 0x91, 0xFF, 0xF9, 0x00, 0x92, 0xFF, 0xF9, 0x00, 0x93,
    0xFF, 0xFF, 0x00, 0x94, 0xFF, 0xFB, 0x00, 0x95, 0xFF, 0xFB, 0x00, 0x96, 0xFF, 0xFB, 0x00, 0x97,
    0xFF, 0xFB, 0x00, 0xAF, 0xFF, 0xF9, 0x00, 0xB7, 0xFF, 0xF9, 0x00, 0xB8, 0xFF, 0xF9, 0x00, 0xB9,
    0xFF, 0xF9, 0x00, 0xBA, 0xFF, 0xF9, 0x00, 0xBB, 0xFF, 0xF9, 0x00, 0xBC, 0xFF, 0xF9, 0x00, 0xBD,
    0xFF, 0xF9, 0x00, 0xBE, 0xFF, 0xF9, 0x00, 0xBF, 0xFF, 0xF9, 0x00, 0xC0, 0xFF, 0xF9, 0x00, 0xC3,
    0xFF, 0xFB, 0x00, 0xC8, 0xFF, 0xFE, 0x00, 0xC9, 0xFF, 0xFE, 0x00, 0xCA, 0xFF, 0xFE, 0x00, 0xCB,
    0xFF, 0xFE, 0x00, 0xCC, 0xFF, 0xFE, 0x00, 0xCE, 0xFF, 0xFF, 0x00, 0xCF, 0xFF, 0xFF, 0x00, 0xD0,
    0xFF, 0xFF, 0x00, 0xDB, 0xFF, 0xFC, 0x00, 0xDC, 0xFF, 0xFF, 0x00, 0xDD, 0xFF, 0xFF, 0x00, 0xDE,
    0xFF, 0xFF, 0x00, 0xDF, 0xFF, 0xFF, 0x00, 0xE0, 0xFF, 0xFF, 0x00, 0xE2, 0xFF, 0xFC, 0x00, 0xE3,
    0xFF, 0xFC, 0x00, 0xE4, 0xFF, 0xFC, 0x00, 0xE5, 0xFF, 0xFC, 0x00, 0xE6, 0xFF, 0xFC, 0x00, 0xEB,
    0xFF, 0xFB, 0x00, 0xEC, 0xFF, 0xFB, 0x00, 0xED, 0xFF, 0xFB, 0x00, 0xEE, 0xFF, 0xFB, 0x00, 0xEF,
    0xFF, 0xFB, 0x00, 0xF0, 0xFF, 0xFB, 0x00, 0xF1, 0xFF, 0xFB, 0x00, 0xF2, 0xFF, 0xFB, 0x00, 0xF3,
    0xFF, 0xFB, 0x00, 0xF4, 0xFF, 0xFB, 0x00, 0xF5, 0xFF, 0xFF, 0x00, 0xF6, 0xFF, 0xFF, 0x01, 0x22,
    0xFF, 0xEE, 0x01, 0x2A, 0xFF, 0xD5, 0x01, 0x2B, 0xFF, 0xD5, 0x01, 0x2C, 0xFF, 0xD5, 0x01, 0x36,
    0xFF, 0xE2, 0x01, 0x37, 0xFF, 0xDF, 0x01, 0x38, 0xFF, 0xE2, 0x01, 0x39, 0xFF, 0xDF, 0x01, 0x3A,
    0xFF, 0xE3, 0x01, 0x3C, 0xFF, 0xE3, 0x01, 0x3E, 0xFF, 0xDC, 0x01, 0x3F, 0xFF, 0xDC, 0x00, 0x8B,
    0x00, 0x0D, 0xFF, 0xE8, 0x00, 0x0E, 0xFF, 0xE8, 0x00, 0x0F, 0xFF, 0xE8, 0x00, 0x10, 0xFF, 0xE8,
    0x00, 0x11, 0xFF, 0xE8, 0x00, 0x20, 0xFF, 0xE8, 0x00, 0x21, 0xFF, 0xE8, 0x00, 0x22, 0xFF, 0xE8,
    0x00, 0x23, 0xFF, 0xE8, 0x00, 0x27, 0xFF, 0xF1, 0x00, 0x28, 0xFF, 0xF1, 0x00, 0x41, 0xFF, 0xE8,
    0x00, 0x42, 0xFF, 0xE8, 0x00, 0x43, 0xFF, 0xE8, 0x00, 0x44, 0xFF, 0xE8, 0x00, 0x45, 0xFF, 0xE8,
    0x00, 0x46, 0xFF, 0xE8, 0x00, 0x47, 0xFF, 0xE8, 0x00, 0x48, 0xFF, 0xE8, 0x00, 0x49, 0xFF, 0xE8,
    0x00, 0x4A, 0xFF, 0xE8, 0x00, 0x4D, 0xFF, 0xE8, 0x00, 0x52, 0xFF, 0xF8, 0x00, 0x53, 0xFF, 0xF8,
    0x00, 0x54, 0xFF, 0xF8, 0x00, 0x55, 0xFF, 0xF8, 0x00, 0x56, 0xFF, 0xF8, 0x00, 0x58, 0xFF, 0xD1,
    0x00, 0x59, 0xFF, 0xD1, 0x00, 0x5A, 0xFF, 0xD1, 0x00, 0x5B, 0xFF, 0xF1, 0x00, 0x5C, 0xFF, 0xF1,
    0x00, 0x5D, 0xFF, 0xF1, 0x00, 0x5E, 0xFF, 0xF1, 0x00, 0x5F, 0xFF, 0xF1, 0x00, 0x60, 0xFF, 0xF1,
    0x00, 0x61, 0xFF, 0xF1, 0x00, 0x62, 0xFF, 0xF1, 0x00, 0x63, 0xFF, 0xF1, 0x00, 0x64, 0xFF, 0xF1,
    0x00, 0x65, 0xFF, 0xD2, 0x00, 0x66, 0xFF, 0xD7, 0x00, 0x67, 0xFF, 0xD7, 0x00, 0x68, 0xFF, 0xD7,
    0x00, 0x69, 0xFF, 0xD7, 0x00, 0x6A, 0xFF, 0xD7, 0x00, 0x6C, 0xFF, 0xD0, 0x00, 0x6D, 0xFF, 0xD0,
    0x00, 0x6E, 0xFF, 0xD0, 0x00, 0x6F, 0xFF, 0xD0, 0x00, 0x70, 0xFF, 0xD0, 0x00, 0x81, 0xFF, 0xF2,
    0x00, 0x82, 0xFF, 0xF2, 0x00, 0x83, 0xFF, 0xF2, 0x00, 0x84, 0xFF, 0xF2, 0x00, 0x85, 0xFF, 0xF2,
    0x00, 0x86, 0xFF, 0xF3, 0x00, 0x87, 0xFF, 0xF3, 0x00, 0x88, 0xFF, 0xF3, 0x00, 0x8A, 0xFF, 0xF2,
    0x00, 0x8B, 0xFF, 0xF2, 0x00, 0x8C, 0xFF, 0xF2, 0x00, 0x8D, 0xFF, 0xF2, 0x00, 0x8E, 0xFF, 0xF2,
    0x00, 0x8F, 0xFF, 0xF2, 0x00, 0x90, 0xFF, 0xF2, 0x00, 0x91, 0xFF, 0xF2, 0x00, 0x92, 0xFF, 0xF2,
    0x00, 0x9A, 0xFF, 0xF2, 0x00, 0x9B, 0xFF, 0xF2, 0x00, 0x9C, 0xFF, 0xF2, 0x00, 0x9D, 0xFF, 0xF2,
    0x00, 0x9E, 0xFF, 0xF2, 0x00, 0x9F, 0xFF, 0xF2, 0x00, 0xA0, 0xFF, 0xF2, 0x00, 0xA1, 0xFF, 0xF2,
    0x00, 0xA2, 0xFF, 0xF2, 0x00, 0xA3, 0xFF, 0xF2, 0x00, 0xA4, 0xFF, 0xF2, 0x00, 0xA5, 0xFF, 0xF2,
    0x00, 0xA6, 0xFF, 0xF2, 0x00, 0xB0, 0xFF, 0xF8, 0x00, 0xB1, 0xFF, 0xF8, 0x00, 0xB2, 0xFF, 0xF8,
    0x00, 0xB3, 0xFF, 0xF8, 0x00, 0xB4, 0xFF, 0xF8, 0x00, 0xB5, 0xFF, 0xF8, 0x00, 0xB6, 0xFF, 0xF8,
    0x00, 0xB7, 0xFF, 0xF2, 0x00, 0xB8, 0xFF, 0xF2, 0x00, 0xB9, 0xFF, 0xF2, 0x00, 0xBA, 0xFF, 0xF2,
    0x00, 0xBB, 0xFF, 0xF2, 0x00, 0xBC, 0xFF, 0xF2, 0x00, 0xBD, 0xFF, 0xF2, 0x00, 0xBE, 0xFF, 0xF2,
    0x00, 0xBF, 0xFF, 0xF2, 0x00, 0xC0, 0xFF, 0xF2, 0x00, 0xC1, 0xFF, 0xF8, 0x00, 0xC3, 0xFF, 0xF3,
    0x00, 0xC4, 0xFF, 0xF8, 0x00, 0xC5, 0xFF, 0xF8, 0x00, 0xC6, 0xFF, 0xF8, 0x00, 0xC7, 0xFF, 0xF8,
    0x00, 0xCE, 0xFF, 0xE9, 0x00, 0xCF, 0xFF, 0xE9, 0x00, 0xD0, 0xFF, 0xE9, 0x00, 0xD1, 0xFF, 0xF2,
    0x00, 0xD2, 0xFF, 0xF2, 0x00, 0xD3, 0xFF, 0xF2, 0x00, 0xD4, 0xFF, 0xF2, 0x00, 0xD5, 0xFF, 0xF2,
    0x00, 0xD6, 0xFF, 0xF2, 0x00, 0xD7, 0xFF, 0xF2, 0x00, 0xD8, 0xFF, 0xF2, 0x00, 0xD9, 0xFF, 0xF2,
    0x00, 0xDA, 0xFF, 0xF2, 0x00, 0xDB, 0xFF, 0xDB, 0x00, 0xDC, 0xFF, 0xDF, 0x00, 0xDD, 0xFF, 0xDF,
    0x00, 0xDE, 0xFF, 0xDF, 0x00, 0xDF, 0xFF, 0xDF, 0x00, 0xE0, 0xFF, 0xDF, 0x00, 0xE2, 0xFF, 0xD9,
    0x00, 0xE3, 0xFF, 0xD9, 0x00, 0xE4, 0xFF, 0xD9, 0x00, 0xE5, 0xFF, 0xD9, 0x00, 0xE6, 0xFF, 0xD9,
    0x00, 0xEB, 0xFF, 0xF3, 0x00, 0xEC, 0xFF, 0xF3, 0x00, 0xED, 0xFF, 0xF3, 0x00, 0xEE, 0xFF, 0xF3,
    0x00, 0xEF, 0xFF, 0xF3, 0x00, 0xF0, 0xFF, 0xF3, 0x00, 0xF1, 0xFF, 0xF3, 0x00, 0xF2, 0xFF, 0xF3,
    0x00, 0xF3, 0xFF, 0xF3, 0x00, 0xF4, 0xFF, 0xF3, 0x00, 0xF7, 0xFF, 0xC9, 0x00, 0x8C, 0x00, 0x0D,
    0xFF, 0xBD, 0x00, 0x0E, 0xFF, 0xBD, 0x00, 0x0F, 0xFF, 0xBD, 0x00, 0x10, 0xFF, 0xBD, 0x00, 0x11,
    0xFF, 0xBD, 0x00, 0x20, 0xFF, 0xBD, 0x00, 0x21, 0xFF, 0xBD, 0x00, 0x22, 0xFF, 0xBD, 0x00, 0x23,
    0xFF, 0xBD, 0x00, 0x27, 0xFF, 0xC2, 0x00, 0x28, 0xFF, 0xC2, 0x00, 0x30, 0xFF, 0xCD, 0x00, 0x41,
    0xFF, 0xBD, 0x00, 0x42, 0xFF, 0xBD, 0x00, 0x43, 0xFF, 0xBD, 0x00, 0x44, 0xFF, 0xBD, 0x00, 0x45,
    0xFF, 0xBD, 0x00, 0x46, 0xFF, 0xBD, 0x00, 0x47, 0xFF, 0xBD, 0x00, 0x48, 0xFF, 0xBD, 0x00, 0x49,
    0xFF, 0xBD, 0x00, 0x4A, 0xFF, 0xBD, 0x00, 0x4D, 0xFF, 0xBD, 0x00, 0x52, 0xFF, 0xC6, 0x00, 0x53,
    0xFF, 0xC6, 0x00, 0x54, 0xFF, 0xC6, 0x00, 0x55, 0xFF, 0xC6, 0x00, 0x56, 0xFF, 0xC6, 0x00, 0x58,
    0xFF, 0xC2, 0x00, 0x59, 0xFF, 0xC2, 0x00, 0x5A, 0xFF, 0xC2, 0x00, 0x5B, 0xFF, 0xC2, 0x00, 0x5C,
    0xFF, 0xC2, 0x00, 0x5D, 0xFF, 0xC2, 0x00, 0x5E, 0xFF, 0xC2, 0x00, 0x5F, 0xFF, 0xC2, 0x00, 0x60,
    0xFF, 0xC2, 0x00, 0x61, 0xFF, 0xC2, 0x00, 0x62, 0xFF, 0xC2, 0x00, 0x63, 0xFF, 0xC2, 0x00, 0x64,
    0xFF, 0xC2, 0x00, 0x65, 0xFF, 0xB9, 0x00, 0x66, 0xFF, 0xC7, 0x00, 0x67, 0xFF, 0xC7, 0x00, 0x68,
    0xFF, 0xC7, 0x00, 0x69, 0xFF, 0xC7, 0x00, 0x6A, 0xFF, 0xC7, 0x00, 0x6C, 0xFF, 0xB9, 0x00, 0x6D,
    0xFF, 0xB9, 0x00, 0x6E, 0xFF, 0xB9, 0x00, 0x6F, 0xFF, 0xB9, 0x00, 0x70, 0xFF, 0xB9, 0x00, 0x75,
    0xFF, 0xDF, 0x00, 0x76, 0xFF, 0xDF, 0x00, 0x77, 0xFF, 0xDF, 0x00, 0x78, 0xFF, 0xDF, 0x00, 0x79,
    0xFF, 0xDF, 0x00, 0x7A, 0xFF, 0xDF, 0x00, 0x7B, 0xFF, 0xDF, 0x00, 0x7C, 0xFF, 0xDF, 0x00, 0x7D,
    0xFF, 0xDF, 0x00, 0x7E, 0xFF, 0xDF, 0x00, 0x7F, 0xFF, 0xDF, 0x00, 0x81, 0xFF, 0xCB, 0x00, 0x82,
    0xFF, 0xCB, 0x00, 0x83, 0xFF, 0xCB, 0x00, 0x84, 0xFF, 0xCB, 0x00, 0x85, 0xFF, 0xCB, 0x00, 0x86,
    0xFF, 0xCE, 0x00, 0x87, 0xFF, 0xCE, 0x00, 0x88, 0xFF, 0xCE, 0x00, 0x89, 0xFF, 0xCE, 0x00, 0x8A,
    0xFF, 0xCB, 0x00, 0x8B, 0xFF, 0xCB, 0x00, 0x8C, 0xFF, 0xCB, 0x00, 0x8D, 0xFF, 0xCB, 0x00, 0x8E,
    0xFF, 0xCB, 0x00, 0x8F, 0xFF, 0xCB, 0x00, 0x90, 0xFF, 0xCB, 0x00, 0x91, 0xFF, 0xCB, 0x00, 0x92,
    0xFF, 0xCB, 0x00, 0x93, 0xFF, 0xE7, 0x00, 0xA5, 0x00, 0x0B, 0x00, 0xAA, 0xFF, 0xFC, 0x00, 0xAB,
    0xFF, 0xFC, 0x00, 0xAC, 0xFF, 0xFC, 0x00, 0xAD, 0xFF, 0xFC, 0x00, 0xAE, 0xFF, 0xFC, 0x00, 0xB7,
    0xFF, 0xCB, 0x00, 0xB8, 0xFF, 0xCB, 0x00, 0xB9, 0xFF, 0xCB, 0x00, 0xBA, 0xFF, 0xCB, 0x00, 0xBB,
    0xFF, 0xCB, 0x00, 0xBC, 0xFF, 0xCB, 0x00, 0xBD, 0xFF, 0xCB, 0x00, 0xBE, 0xFF, 0xCB, 0x00, 0xBF,
    0xFF, 0xCB, 0x00, 0xC0, 0xFF, 0xCB, 0x00, 0xC3, 0xFF, 0xCE, 0x00, 0xC8, 0xFF, 0xD3, 0x00, 0xC9,
    0xFF, 0xD3, 0x00, 0xCA, 0xFF, 0xD3, 0x00, 0xCB, 0xFF, 0xD3, 0x00, 0xCC, 0xFF, 0xD3, 0x00, 0xCE,
    0xFF, 0xD5, 0x00, 0xCF, 0xFF, 0xD5, 0x00, 0xD0, 0xFF, 0xD5, 0x00, 0xD1, 0xFF, 0xCF, 0x00, 0xD2,
    0xFF, 0xCF, 0x00, 0xD3, 0xFF, 0xCF, 0x00, 0xD4, 0xFF, 0xCF, 0x00, 0xD5, 0xFF, 0xCF, 0x00, 0xD6,
    0xFF, 0xCF, 0x00, 0xD7, 0xFF, 0xCF, 0x00, 0xD8, 0xFF, 0xCF, 0x00, 0xD9, 0xFF, 0xCF, 0x00, 0xDA,
    0xFF, 0xCF, 0x00, 0xDB, 0xFF, 0xC6, 0x00, 0xDC, 0xFF, 0xCE, 0x00, 0xDD, 0xFF, 0xCE, 0x00, 0xDE,
    0xFF, 0xCE, 0x00, 0xDF, 0xFF, 0xCE, 0x00, 0xE0, 0xFF, 0xCE, 0x00, 0xE2, 0xFF, 0xD3, 0x00, 0xE3,
    0xFF, 0xD3, 0x00, 0xE4, 0xFF, 0xD3, 0x00, 0xE5, 0xFF, 0xD3, 0x00, 0xE6, 0xFF, 0xD3, 0x00, 0xEB,
    0xFF, 0xCE, 0x00, 0xEC, 0xFF, 0xCE, 0x00, 0xED, 0xFF, 0xCE, 0x00, 0xEE, 0xFF, 0xCE, 0x00, 0xEF,
    0xFF, 0xCE, 0x00, 0xF0, 0xFF, 0xCE, 0x00, 0xF1, 0xFF, 0xCE, 0x00, 0xF2, 0xFF, 0xCE, 0x00, 0xF3,
    0xFF, 0xCE, 0x00, 0xF4, 0xFF, 0xCE, 0x00, 0xF5, 0xFF, 0xE7, 0x00, 0xF6, 0xFF, 0xE7, 0x00, 0x8F,
    0x00, 0x0B, 0x00, 0x05, 0x00, 0x0D, 0xFF, 0xD9, 0x00, 0x0E, 0xFF, 0xD9, 0x00, 0x0F, 0xFF, 0xD9,
    0x00, 0x10, 0xFF, 0xD9, 0x00, 0x11, 0xFF, 0xD9, 0x00, 0x15, 0xFF, 0xE8, 0x00, 0x20, 0xFF, 0xD9,
    0x00, 0x21, 0xFF, 0xD9, 0x00, 0x22, 0xFF, 0xD9, 0x00, 0x23, 0xFF, 0xD9, 0x00, 0x27, 0xFF, 0xFE,
    0x00, 0x28, 0xFF, 0xFE, 0x00, 0x2A, 0x00, 0x15, 0x00, 0x2B, 0x00, 0x0D, 0x00, 0x30, 0xFF, 0xDC,
    0x00, 0x39, 0xFF, 0xE9, 0x00, 0x41, 0xFF, 0xD9, 0x00, 0x42, 0xFF, 0xD9, 0x00, 0x43, 0xFF, 0xD9,
    0x00, 0x44, 0xFF, 0xD9, 0x00, 0x45, 0xFF, 0xD9, 0x00, 0x46, 0xFF, 0xD9, 0x00, 0x47, 0xFF, 0xD9,
    0x00, 0x48, 0xFF, 0xD9, 0x00, 0x49, 0xFF, 0xD9, 0x00, 0x4A, 0xFF, 0xD9, 0x00, 0x4D, 0xFF, 0xD9,
    0x00, 0x52, 0xFF, 0xE5, 0x00, 0x53, 0xFF, 0xE5, 0x00, 0x54, 0xFF, 0xE5, 0x00, 0x55, 0xFF, 0xE5,
    0x00, 0x56, 0xFF, 0xE5, 0x00, 0x5B, 0xFF, 0xFE, 0x00, 0x5C, 0xFF, 0xFE, 0x00, 0x5D, 0xFF, 0xFE,
    0x00, 0x5E, 0xFF, 0xFE, 0x00, 0x5F, 0xFF, 0xFE, 0x00, 0x60, 0xFF, 0xFE, 0x00, 0x61, 0xFF, 0xFE,
    0x00, 0x62, 0xFF, 0xFE, 0x00, 0x63, 0xFF, 0xFE, 0x00, 0x64, 0xFF, 0xFE, 0x00, 0x75, 0xFF, 0xF3,
    0x00, 0x76, 0xFF, 0xF3, 0x00, 0x77, 0xFF, 0xF3, 0x00, 0x78, 0xFF, 0xF3, 0x00, 0x79, 0xFF, 0xF3,
    0x00, 0x7A, 0xFF, 0xF3, 0x00, 0x7B, 0xFF, 0xF3, 0x00, 0x7C, 0xFF, 0xF3, 0x00, 0x7D, 0xFF, 0xF3,
    0x00, 0x7E, 0xFF, 0xF3, 0x00, 0x7F, 0xFF, 0xF3, 0x00, 0x81, 0xFF, 0xE1, 0x00, 0x82, 0xFF, 0xE1,
    0x00, 0x83, 0xFF, 0xE1, 0x00, 0x84, 0xFF, 0xE1, 0x00, 0x85, 0xFF, 0xE1, 0x00, 0x86, 0xFF, 0xE1,
    0x00, 0x87, 0xFF, 0xE1, 0x00, 0x88, 0xFF, 0xE1, 0x00, 0x89, 0xFF, 0xE2, 0x00, 0x8A, 0xFF, 0xE1,
    0x00, 0x8B, 0xFF, 0xE1, 0x00, 0x8C, 0xFF, 0xE1, 0x00, 0x8D, 0xFF, 0xE1, 0x00, 0x8E, 0xFF, 0xE1,
    0x00, 0x8F, 0xFF, 0xE1, 0x00, 0x90, 0xFF, 0xE1, 0x00, 0x91, 0xFF, 0xE1, 0x00, 0x92, 0xFF, 0xE1,
    0x00, 0x93, 0xFF, 0xE8, 0x00, 0x9B, 0xFF, 0xF5, 0x00, 0x9E, 0x00, 0x1B, 0x00, 0xA0, 0x00, 0x0E,
    0x00, 0xA5, 0x00, 0x16, 0x00, 0xA6, 0x00, 0x0C, 0x00, 0xAF, 0xFF, 0xEE, 0x00, 0xB0, 0xFF, 0xF5,
    0x00, 0xB1, 0xFF, 0xF5, 0x00, 0xB2, 0xFF, 0xF5, 0x00, 0xB3, 0xFF, 0xF5, 0x00, 0xB4, 0xFF, 0xF5,
    0x00, 0xB5, 0xFF, 0xF5, 0x00, 0xB6, 0xFF, 0xF5, 0x00, 0xB7, 0xFF, 0xE1, 0x00, 0xB8, 0xFF, 0xE1,
    0x00, 0xB9, 0xFF, 0xE1, 0x00, 0xBA, 0xFF, 0xE1, 0x00, 0xBB, 0xFF, 0xE1, 0x00, 0xBC, 0xFF, 0xE1,
    0x00, 0xBD, 0xFF, 0xE1, 0x00, 0xBE, 0xFF, 0xE1, 0x00, 0xBF, 0xFF, 0xE1, 0x00, 0xC0, 0xFF, 0xE1,
    0x00, 0xC1, 0xFF, 0xF5, 0x00, 0xC3, 0xFF, 0xE1, 0x00, 0xC4, 0xFF, 0xF5, 0x00, 0xC5, 0xFF, 0xF5,
    0x00, 0xC6, 0xFF, 0xF5, 0x00, 0xC7, 0xFF, 0xF5, 0x00, 0xC8, 0xFF, 0xEB, 0x00, 0xC9, 0xFF, 0xEB,
    0x00, 0xCA, 0xFF, 0xEB, 0x00, 0xCB, 0xFF, 0xEB, 0x00, 0xCC, 0xFF, 0xEB, 0x00, 0xCE, 0xFF, 0xE7,
    0x00, 0xCF, 0xFF, 0xE7, 0x00, 0xD0, 0xFF, 0xE7, 0x00, 0xD1, 0xFF, 0xE5, 0x00, 0xD2, 0xFF, 0xE5,
    0x00, 0xD3, 0xFF, 0xE5, 0x00, 0xD4, 0xFF, 0xE5, 0x00, 0xD5, 0xFF, 0xE5, 0x00, 0xD6, 0xFF, 0xE5,
    0x00, 0xD7, 0xFF, 0xE5, 0x00, 0xD8, 0xFF, 0xE5, 0x00, 0xD9, 0xFF, 0xE5, 0x00, 0xDA, 0xFF, 0xE5,
    0x00, 0xDB, 0xFF, 0xDC, 0x00, 0xDC, 0xFF, 0xDF, 0x00, 0xDD, 0xFF, 0xDF, 0x00, 0xDE, 0xFF, 0xDF,
    0x00, 0xDF, 0xFF, 0xDF, 0x00, 0xE0, 0xFF, 0xDF, 0x00, 0xE2, 0xFF, 0xE0, 0x00, 0xE3, 0xFF, 0xE0,
    0x00, 0xE4, 0xFF, 0xE0, 0x00, 0xE5, 0xFF, 0xE0, 0x00, 0xE6, 0xFF, 0xE0, 0x00, 0xEB, 0xFF, 0xE1,
    0x00, 0xEC, 0xFF, 0xE1, 0x00, 0xED, 0xFF, 0xE1, 0x00, 0xEE, 0xFF, 0xE1, 0x00, 0xEF, 0xFF, 0xE1,
    0x00, 0xF0, 0xFF, 0xE1, 0x00, 0xF1, 0xFF, 0xE1, 0x00, 0xF2, 0xFF, 0xE1, 0x00, 0xF3, 0xFF, 0xE1,
    0x00, 0xF4, 0xFF, 0xE1, 0x00, 0xF5, 0xFF, 0xE8, 0x00, 0xF6, 0xFF, 0xE8, 0x00, 0x93, 0x00, 0x0C,
    0x00, 0x02, 0x00, 0x0D, 0x00, 0x02, 0x00, 0x0E, 0x00, 0x02, 0x00, 0x0F, 0x00, 0x02, 0x00, 0x10,
    0x00, 0x02, 0x00, 0x11, 0x00, 0x02, 0x00, 0x12, 0x00, 0x02, 0x00, 0x13, 0x00, 0x02, 0x00, 0x14,
    0x00, 0x02, 0x00, 0x15, 0x00, 0x00, 0x00, 0x16, 0x00, 0x02, 0x00, 0x17, 0x00, 0x02, 0x00, 0x18,
    0x00, 0x02, 0x00, 0x19, 0x00, 0x02, 0x00, 0x1A, 0x00, 0x02, 0x00, 0x1B, 0x00, 0x02, 0x00, 0x1C,
    0x00, 0x02, 0x00, 0x1D, 0x00, 0x02, 0x00, 0x1E, 0x00, 0x02, 0x00, 0x1F, 0x00, 0x02, 0x00, 0x20,
    0x00, 0x02, 0x00, 0x21, 0x00, 0x02, 0x00, 0x22, 0x00, 0x02, 0x00, 0x23, 0x00, 0x02, 0x00, 0x24,
    0x00, 0x02, 0x00, 0x25, 0x00, 0x02, 0x00, 0x26, 0x00, 0x0F, 0x00, 0x27, 0x00, 0x09, 0x00, 0x28,
    0x00, 0x09, 0x00, 0x29, 0x00, 0x0F, 0x00, 0x2A, 0x00, 0x0F, 0x00, 0x2B, 0x00, 0x0F, 0x00, 0x2C,
    0x00, 0x0F, 0x00, 0x2D, 0x00, 0x0F, 0x00, 0x2E, 0x00, 0x0F, 0x00, 0x2F, 0x00, 0x0F, 0x00, 0x32,
    0x00, 0x02, 0x00, 0x33, 0x00, 0x02, 0x00, 0x34, 0x00, 0x02, 0x00, 0x35, 0x00, 0x02, 0x00, 0x36,
    0x00, 0x02, 0x00, 0x37, 0x00, 0x02, 0x00, 0x38, 0x00, 0x02, 0x00, 0x3A, 0x00, 0x02, 0x00, 0x3B,
    0x00, 0x02, 0x00, 0x3C, 0x00, 0x02, 0x00, 0x3D, 0x00, 0x02, 0x00, 0x3E, 0x00, 0x02, 0x00, 0x3F,
    0x00, 0x02, 0x00, 0x40, 0x00, 0x02, 0x00, 0x41, 0x00, 0x02, 0x00, 0x42, 0x00, 0x02, 0x00, 0x43,
    0x00, 0x02, 0x00, 0x44, 0x00, 0x02, 0x00, 0x45, 0x00, 0x02, 0x00, 0x46, 0x00, 0x02, 0x00, 0x47,
    0x00, 0x02, 0x00, 0x48, 0x00, 0x02, 0x00, 0x49, 0x00, 0x02, 0x00, 0x4A, 0x00, 0x02, 0x00, 0x4B,
    0x00, 0x02, 0x00, 0x4C, 0x00, 0x02, 0x00, 0x4D, 0x00, 0x02, 0x00, 0x4E, 0x00, 0x02, 0x00, 0x4F,
    0x00, 0x02, 0x00, 0x50, 0x00, 0x02, 0x00, 0x51, 0x00, 0x02, 0x00, 0x52, 0x00, 0x0B, 0x00, 0x53,
    0x00, 0x0B, 0x00, 0x54, 0x00, 0x0B, 0x00, 0x55, 0x00, 0x0B, 0x00, 0x56, 0x00, 0x0B, 0x00, 0x57,
    0x00, 0x02, 0x00, 0x58, 0x00, 0x1D, 0x00, 0x59, 0x00, 0x1D, 0x00, 0x5A, 0x00, 0x1D, 0x00, 0x5B,
    0x00, 0x09, 0x00, 0x5C, 0x00, 0x09, 0x00, 0x5D, 0x00, 0x09, 0x00, 0x5E, 0x00, 0x09, 0x00, 0x5F,
    0x00, 0x09, 0x00, 0x60, 0x00, 0x09, 0x00, 0x61, 0x00, 0x09, 0x00, 0x62, 0x00, 0x09, 0x00, 0x63,
    0x00, 0x09, 0x00, 0x64, 0x00, 0x09, 0x00, 0x65, 0x00, 0x12, 0x00, 0x66, 0x00, 0x13, 0x00, 0x67,
    0x00, 0x13, 0x00, 0x68, 0x00, 0x13, 0x00, 0x69, 0x00, 0x13, 0x00, 0x6A, 0x00, 0x13, 0x00, 0x6B,
    0x00, 0x03, 0x00, 0x6C, 0x00, 0x04, 0x00, 0x6D, 0x00, 0x04, 0x00, 0x6E, 0x00, 0x04, 0x00, 0x6F,
    0x00, 0x04, 0x00, 0x70, 0x00, 0x04, 0x00, 0x71, 0x00, 0x15, 0x00, 0x72, 0x00, 0x15, 0x00, 0x73,
    0x00, 0x15, 0x00, 0x74, 0x00, 0x15, 0x00, 0x78, 0x00, 0x02, 0x00, 0x80, 0x00, 0x03, 0x00, 0x8D,
    0x00, 0x01, 0x00, 0x98, 0x00, 0x03, 0x00, 0x99, 0x00, 0x03, 0x00, 0x9A, 0x00, 0x09, 0x00, 0x9B,
    0x00, 0x09, 0x00, 0x9C, 0x00, 0x09, 0x00, 0x9D, 0x00, 0x63, 0x00, 0x9E, 0x00, 0x38, 0x00, 0x9F,
    0x00, 0x09, 0x00, 0xA0, 0x00, 0x02, 0x00, 0xA1, 0x00, 0x09, 0x00, 0xA2, 0x00, 0x09, 0x00, 0xA3,
    0x00, 0x09, 0x00, 0xA4, 0x00, 0x09, 0x00, 0xA5, 0x00, 0x09, 0x00, 0xA6, 0x00, 0x09, 0x00, 0xA7,
    0x00, 0x09, 0x00, 0xA8, 0x00, 0x03, 0x00, 0xA9, 0x00, 0x03, 0x00, 0xAA, 0x00, 0x09, 0x00, 0xAB,
    0x00, 0x09, 0x00, 0xAC, 0x00, 0x09, 0x00, 0xAD, 0x00, 0x09, 0x00, 0xAE, 0x00, 0x09, 0x00, 0xB9,
    0x00, 0x01, 0x00, 0xC2, 0x00, 0x03, 0x00, 0xCD, 0x00, 0x03, 0x01, 0x19, 0x00, 0x01, 0x01, 0x1A,
    0x00, 0x01, 0x01, 0x1C, 0x00, 0x1A, 0x01, 0x1E, 0x00, 0x26, 0x01, 0x20, 0xFF, 0xFE, 0x01, 0x22,
    0x00, 0x22, 0x01, 0x24, 0xFF, 0xF7, 0x01, 0x36, 0x00, 0x1F, 0x01, 0x37, 0x00, 0x1C, 0x01, 0x38,
    0x00, 0x1F, 0x01, 0x39, 0x00, 0x1C, 0x01, 0x3E, 0x00, 0x20, 0x01, 0x3F, 0x00, 0x20, 0x01, 0x45,
    0x00, 0x01, 0x01, 0x48, 0x00, 0x01, 0x01, 0x49, 0x00, 0x1E, 0x00, 0x9B, 0x00, 0x0C, 0x00, 0x0B,
    0x00, 0x0D, 0x00, 0x01, 0x00, 0x0E, 0x00, 0x01, 0x00, 0x0F, 0x00, 0x01, 0x00, 0x10, 0x00, 0x01,
    0x00, 0x11, 0x00, 0x01, 0x00, 0x12, 0x00, 0x0B, 0x00, 0x13, 0x00, 0x0B, 0x00, 0x14, 0x00, 0x0B,
    0x00, 0x15, 0x00, 0x08, 0x00, 0x16, 0x00, 0x0B, 0x00, 0x17, 0x00, 0x0B, 0x00, 0x18, 0x00, 0x0B,
    0x00, 0x19, 0x00, 0x0B, 0x00, 0x1A, 0x00, 0x0B, 0x00, 0x1B, 0x00, 0x0B, 0x00, 0x1C, 0x00, 0x0B,
    0x00, 0x1D, 0x00, 0x0B, 0x00, 0x1E, 0x00, 0x0B, 0x00, 0x1F, 0x00, 0x0B, 0x00, 0x20, 0x00, 0x01,
    0x00, 0x21, 0x00, 0x01, 0x00, 0x22, 0x00, 0x01, 0x00, 0x23, 0x00, 0x01, 0x00, 0x24, 0x00, 0x0B,
    0x00, 0x25, 0x00, 0x0B, 0x00, 0x26, 0x00, 0x18, 0x00, 0x27, 0x00, 0x0F, 0x00, 0x28, 0x00, 0x0F,
    0x00, 0x29, 0x00, 0x18, 0x00, 0x2A, 0x00, 0x18, 0x00, 0x2B, 0x00, 0x18, 0x00, 0x2C, 0x00, 0x18,
    0x00, 0x2D, 0x00, 0x18, 0x00, 0x2E, 0x00, 0x18, 0x00, 0x2F, 0x00, 0x18, 0x00, 0x32, 0x00, 0x0B,
    0x00, 0x33, 0x00, 0x0B, 0x00, 0x34, 0x00, 0x0B, 0x00, 0x35, 0x00, 0x0B, 0x00, 0x36, 0x00, 0x0B,
    0x00, 0x37, 0x00, 0x0B, 0x00, 0x38, 0x00, 0x0B, 0x00, 0x3A, 0x00, 0x0B, 0x00, 0x3B, 0x00, 0x0B,
    0x00, 0x3C, 0x00, 0x0B, 0x00, 0x3D, 0x00, 0x0B, 0x00, 0x3E, 0x00, 0x0B, 0x00, 0x3F, 0x00, 0x0B,
    0x00, 0x40, 0x00, 0x0B, 0x00, 0x41, 0x00, 0x01, 0x00, 0x42, 0x00, 0x01, 0x00, 0x43, 0x00, 0x01,
    0x00, 0x44, 0x00, 0x01, 0x00, 0x45, 0x00, 0x01, 0x00, 0x46, 0x00, 0x01, 0x00, 0x47, 0x00, 0x01,
    0x00, 0x48, 0x00, 0x01, 0x00, 0x49, 0x00, 0x01, 0x00, 0x4A, 0x00, 0x01, 0x00, 0x4B, 0x00, 0x0B,
    0x00, 0x4C, 0x00, 0x0B, 0x00, 0x4D, 0x00, 0x01, 0x00, 0x4E, 0x00, 0x0B, 0x00, 0x4F, 0x00, 0x0B,
    0x00, 0x50, 0x00, 0x0B, 0x00, 0x51, 0x00, 0x0B, 0x00, 0x52, 0x00, 0x03, 0x00, 0x53, 0x00, 0x03,
    0x00, 0x54, 0x00, 0x03, 0x00, 0x55, 0x00, 0x03, 0x00, 0x56, 0x00, 0x03, 0x00, 0x57, 0x00, 0x0B,
    0x00, 0x58, 0x00, 0x26, 0x00, 0x59, 0x00, 0x26, 0x00, 0x5A, 0x00, 0x26, 0x00, 0x5B, 0x00, 0x0F,
    0x00, 0x5C, 0x00, 0x0F, 0x00, 0x5D, 0x00, 0x0F, 0x00, 0x5E, 0x00, 0x0F, 0x00, 0x5F, 0x00, 0x0F,
    0x00, 0x60, 0x00, 0x0F, 0x00, 0x61, 0x00, 0x0F, 0x00, 0x62, 0x00, 0x0F, 0x00, 0x63, 0x00, 0x0F,
    0x00, 0x64, 0x00, 0x0F, 0x00, 0x65, 0x00, 0x1A, 0x00, 0x66, 0x00, 0x19, 0x00, 0x67, 0x00, 0x19,
    0x00, 0x68, 0x00, 0x19, 0x00, 0x69, 0x00, 0x19, 0x00, 0x6A, 0x00, 0x19, 0x00, 0x6B, 0x00, 0x18,
    0x00, 0x6C, 0x00, 0x1D, 0x00, 0x6D, 0x00, 0x1D, 0x00, 0x6E, 0x00, 0x1D, 0x00, 0x6F, 0x00, 0x1D,
    0x00, 0x70, 0x00, 0x1D, 0x00, 0x71, 0x00, 0x1D, 0x00, 0x72, 0x00, 0x1D, 0x00, 0x73, 0x00, 0x1D,
    0x00, 0x74, 0x00, 0x1D, 0x00, 0x7E, 0x00, 0x02, 0x00, 0x80, 0x00, 0x0C, 0x00, 0x8E, 0x00, 0x02,
    0x00, 0x93, 0x00, 0x01, 0x00, 0x98, 0x00, 0x0C, 0x00, 0x99, 0x00, 0x0C, 0x00, 0x9A, 0x00, 0x0D,
    0x00, 0x9B, 0x00, 0x0D, 0x00, 0x9C, 0x00, 0x0D, 0x00, 0x9D, 0x00, 0x38, 0x00, 0x9E, 0x00, 0x49,
    0x00, 0x9F, 0x00, 0x0D, 0x00, 0xA0, 0x00, 0x1F, 0x00, 0xA1, 0x00, 0x0D, 0x00, 0xA2, 0x00, 0x0D,
    0x00, 0xA3, 0x00, 0x0D, 0x00, 0xA4, 0x00, 0x0D, 0x00, 0xA5, 0x00, 0x0D, 0x00, 0xA6, 0x00, 0x0D,
    0x00, 0xA7, 0x00, 0x0D, 0x00, 0xA8, 0x00, 0x0C, 0x00, 0xA9, 0x00, 0x0C, 0x00, 0xAA, 0x00, 0x0D,
    0x00, 0xAB, 0x00, 0x0D, 0x00, 0xAC, 0x00, 0x0D, 0x00, 0xAD, 0x00, 0x0D, 0x00, 0xAE, 0x00, 0x0D,
    0x00, 0xBA, 0x00, 0x02, 0x00, 0xBF, 0x00, 0x01, 0x00, 0xC2, 0x00, 0x0C, 0x00, 0xCD, 0x00, 0x0C,
    0x00, 0xCE, 0x00, 0x01, 0x00, 0xCF, 0x00, 0x01, 0x00, 0xD0, 0x00, 0x01, 0x00, 0xD5, 0x00, 0x01,
    0x00, 0xF4, 0x00, 0x01, 0x00, 0xF5, 0x00, 0x01, 0x00, 0xF6, 0x00, 0x01, 0x01, 0x1C, 0x00, 0x10,
    0x01, 0x1E, 0x00, 0x1D, 0x01, 0x20, 0xFF, 0xFE, 0x01, 0x22, 0x00, 0x12, 0x01, 0x24, 0xFF, 0xF7,
    0x01, 0x2F, 0x00, 0x09, 0x01, 0x31, 0x00, 0x18, 0x01, 0x33, 0x00, 0x19, 0x01, 0x36, 0x00, 0x14,
    0x01, 0x37, 0x00, 0x14, 0x01, 0x38, 0x00, 0x14, 0x01, 0x39, 0x00, 0x14, 0x01, 0x3E, 0x00, 0x19,
    0x01, 0x3F, 0x00, 0x19, 0x01, 0x49, 0x00, 0x16, 0x00, 0xA9, 0x00, 0x0D, 0xFF, 0xDD, 0x00, 0x0E,
    0xFF, 0xDD, 0x00, 0x0F, 0xFF, 0xDD, 0x00, 0x10, 0xFF, 0xDD, 0x00, 0x11, 0xFF, 0xDD, 0x00, 0x15,
    0xFF, 0xE7, 0x00, 0x20, 0xFF, 0xDD, 0x00, 0x21, 0xFF, 0xDD, 0x00, 0x22, 0xFF, 0xDD, 0x00, 0x23,
    0xFF, 0xDD, 0x00, 0x27, 0xFF, 0xFA, 0x00, 0x28, 0xFF, 0xFA, 0x00, 0x30, 0xFF, 0xE4, 0x00, 0x31,
    0xFF, 0xE4, 0x00, 0x39, 0xFF, 0xF2, 0x00, 0x41, 0xFF, 0xDD, 0x00, 0x42, 0xFF, 0xDD, 0x00, 0x43,
    0xFF, 0xDD, 0x00, 0x44, 0xFF, 0xDD, 0x00, 0x45, 0xFF, 0xDD, 0x00, 0x46, 0xFF, 0xDD, 0x00, 0x47,
    0xFF, 0xDD, 0x00, 0x48, 0xFF, 0xDD, 0x00, 0x49, 0xFF, 0xDD, 0x00, 0x4A, 0xFF, 0xDD, 0x00, 0x4D,
    0xFF, 0xDD, 0x00, 0x52, 0xFF, 0xDF, 0x00, 0x53, 0xFF, 0xDF, 0x00, 0x54, 0xFF, 0xDF, 0x00, 0x55,
    0xFF, 0xDF, 0x00, 0x56, 0xFF, 0xDF, 0x00, 0x58, 0xFF, 0xFD, 0x00, 0x59, 0xFF, 0xFD, 0x00, 0x5A,
    0xFF, 0xFD, 0x00, 0x5B, 0xFF, 0xFA, 0x00, 0x5C, 0xFF, 0xFA, 0x00, 0x5D, 0xFF, 0xFA, 0x00, 0x5E,
    0xFF, 0xFA, 0x00, 0x5F, 0xFF, 0xFA, 0x00, 0x60, 0xFF, 0xFA, 0x00, 0x61, 0xFF, 0xFA, 0x00, 0x62,
    0xFF, 0xFA, 0x00, 0x63, 0xFF, 0xFA, 0x00, 0x64, 0xFF, 0xFA, 0x00, 0x75, 0xFF, 0xF1, 0x00, 0x76,
    0xFF, 0xF1, 0x00, 0x77, 0xFF, 0xF1, 0x00, 0x78, 0xFF, 0xF1, 0x00, 0x79, 0xFF, 0xF1, 0x00, 0x7A,
    0xFF, 0xF1, 0x00, 0x7B, 0xFF, 0xF1, 0x00, 0x7C, 0xFF, 0xF1, 0x00, 0x7D, 0xFF, 0xF1, 0x00, 0x7E,
    0xFF, 0xF1, 0x00, 0x7F, 0xFF, 0xF1, 0x00, 0x81, 0xFF, 0xDB, 0x00, 0x82, 0xFF, 0xDB, 0x00, 0x83,
    0xFF, 0xDB, 0x00, 0x84, 0xFF, 0xDB, 0x00, 0x85, 0xFF, 0xDB, 0x00, 0x86, 0xFF, 0xDD, 0x00, 0x87,
    0xFF, 0xDD, 0x00, 0x88, 0xFF, 0xDD, 0x00, 0x89, 0xFF, 0xDE, 0x00, 0x8A, 0xFF, 0xDB, 0x00, 0x8B,
    0xFF, 0xDB, 0x00, 0x8C, 0xFF, 0xDB, 0x00, 0x8D, 0xFF, 0xDB, 0x00, 0x8E, 0xFF, 0xDB, 0x00, 0x8F,
    0xFF, 0xDB, 0x00, 0x90, 0xFF, 0xDB, 0x00, 0x91, 0xFF, 0xDB, 0x00, 0x92, 0xFF, 0xDB, 0x00, 0x93,
    0xFF, 0xE8, 0x00, 0x94, 0xFF, 0xE8, 0x00, 0x95, 0xFF, 0xE8, 0x00, 0x96, 0xFF, 0xE8, 0x00, 0x97,
    0xFF, 0xE8, 0x00, 0x9D, 0x00, 0x03, 0x00, 0x9E, 0x00, 0x1A, 0x00, 0xA0, 0x00, 0x0C, 0x00, 0xAF,
    0xFF, 0xEA, 0x00, 0xB0, 0xFF, 0xFC, 0x00, 0xB1, 0xFF, 0xFC, 0x00, 0xB2, 0xFF, 0xFC, 0x00, 0xB3,
    0xFF, 0xFC, 0x00, 0xB4, 0xFF, 0xFC, 0x00, 0xB5, 0xFF, 0xFC, 0x00, 0xB6, 0xFF, 0xFC, 0x00, 0xB7,
    0xFF, 0xDB, 0x00, 0xB8, 0xFF, 0xDB, 0x00, 0xB9, 0xFF, 0xDB, 0x00, 0xBA, 0xFF, 0xDB, 0x00, 0xBB,
    0xFF, 0xDB, 0x00, 0xBC, 0xFF, 0xDB, 0x00, 0xBD, 0xFF, 0xDB, 0x00, 0xBE, 0xFF, 0xDB, 0x00, 0xBF,
    0xFF, 0xDB, 0x00, 0xC0, 0xFF, 0xDB, 0x00, 0xC1, 0xFF, 0xFC, 0x00, 0xC3, 0xFF, 0xDD, 0x00, 0xC4,
    0xFF, 0xFC, 0x00, 0xC5, 0xFF, 0xFC, 0x00, 0xC6, 0xFF, 0xFC, 0x00, 0xC7, 0xFF, 0xFC, 0x00, 0xCE,
    0xFF, 0xEA, 0x00, 0xCF, 0xFF, 0xEA, 0x00, 0xD0, 0xFF, 0xEA, 0x00, 0xD1, 0xFF, 0xE6, 0x00, 0xD2,
    0xFF, 0xE6, 0x00, 0xD3, 0xFF, 0xE6, 0x00, 0xD4, 0xFF, 0xE6, 0x00, 0xD5, 0xFF, 0xE6, 0x00, 0xD6,
    0xFF, 0xE6, 0x00, 0xD7, 0xFF, 0xE6, 0x00, 0xD8, 0xFF, 0xE6, 0x00, 0xD9, 0xFF, 0xE6, 0x00, 0xDA,
    0xFF, 0xE6, 0x00, 0xDB, 0xFF, 0xDE, 0x00, 0xDC, 0xFF, 0xE1, 0x00, 0xDD, 0xFF, 0xE1, 0x00, 0xDE,
    0xFF, 0xE1, 0x00, 0xDF, 0xFF, 0xE1, 0x00, 0xE0, 0xFF, 0xE1, 0x00, 0xE2, 0xFF, 0xDE, 0x00, 0xE3,
    0xFF, 0xDE, 0x00, 0xE4, 0xFF, 0xDE, 0x00, 0xE5, 0xFF, 0xDE, 0x00, 0xE6, 0xFF, 0xDE, 0x00, 0xEB,
    0xFF, 0xDD, 0x00, 0xEC, 0xFF, 0xDD, 0x00, 0xED, 0xFF, 0xDD, 0x00, 0xEE, 0xFF, 0xDD, 0x00, 0xEF,
    0xFF, 0xDD, 0x00, 0xF0, 0xFF, 0xDD, 0x00, 0xF1, 0xFF, 0xDD, 0x00, 0xF2, 0xFF, 0xDD, 0x00, 0xF3,
    0xFF, 0xDD, 0x00, 0xF4, 0xFF, 0xDD, 0x00, 0xF5, 0xFF, 0xE8, 0x00, 0xF6, 0xFF, 0xE8, 0x00, 0xF7,
    0xFF, 0xF0, 0x00, 0xF8, 0xFF, 0xF2, 0x00, 0xFA, 0xFF, 0xE6, 0x00, 0xFD, 0xFF, 0xF6, 0x00, 0xFE,
    0xFF, 0xE4, 0x00, 0xFF, 0xFF, 0xFB, 0x01, 0x00, 0xFF, 0xEC, 0x01, 0x02, 0xFF, 0xF7, 0x01, 0x03,
    0xFF, 0xF4, 0x01, 0x04, 0xFF, 0xE6, 0x01, 0x13, 0xFF, 0xF3, 0x01, 0x14, 0xFF, 0xF3, 0x01, 0x1E,
    0xFF, 0xEC, 0x01, 0x20, 0xFF, 0xC7, 0x01, 0x22, 0xFF, 0xEB, 0x01, 0x2A, 0xFF, 0xC4, 0x01, 0x2B,
    0xFF, 0xC4, 0x01, 0x2C, 0xFF, 0xC4, 0x01, 0x36, 0xFF, 0xF5, 0x01, 0x38, 0xFF, 0xF5, 0x01, 0x3A,
    0xFF, 0xD3, 0x01, 0x3C, 0xFF, 0xD3, 0x01, 0x44, 0xFF, 0xE8, 0x01, 0x48, 0xFF, 0xE1, 0x01, 0x49,
    0xFF, 0xE9, 0x01, 0x4A, 0x00, 0x09, 0x01, 0x4E, 0xFF, 0xE8, 0x01, 0x50, 0xFF, 0xF1, 0x00, 0xAA,
    0x00, 0x01, 0xFF, 0xDA, 0x00, 0x02, 0xFF, 0xDA, 0x00, 0x03, 0xFF, 0xDA, 0x00, 0x04, 0xFF, 0xDA,
    0x00, 0x05, 0xFF, 0xDA, 0x00, 0x06, 0xFF, 0xDA, 0x00, 0x07, 0xFF, 0xDA, 0x00, 0x08, 0xFF, 0xDA,
    0x00, 0x09, 0xFF, 0xDA, 0x00, 0x0A, 0xFF, 0xDA, 0x00, 0x0B, 0xFF, 0xCF, 0x00, 0x0C, 0xFF, 0xFD,
    0x00, 0x12, 0xFF, 0xFD, 0x00, 0x13, 0xFF, 0xFD, 0x00, 0x14, 0xFF, 0xFD, 0x00, 0x15, 0xFF, 0xFD,
    0x00, 0x16, 0xFF, 0xFD, 0x00, 0x17, 0xFF, 0xFD, 0x00, 0x18, 0xFF, 0xFD, 0x00, 0x19, 0xFF, 0xFD,
    0x00, 0x1A, 0xFF, 0xFD, 0x00, 0x1B, 0xFF, 0xFD, 0x00, 0x1C, 0xFF, 0xFD, 0x00, 0x1D, 0xFF, 0xFD,
    0x00, 0x1E, 0xFF, 0xFD, 0x00, 0x1F, 0xFF, 0xFD, 0x00, 0x24, 0xFF, 0xFD, 0x00, 0x25, 0xFF, 0xFD,
    0x00, 0x26, 0xFF, 0xE1, 0x00, 0x29, 0xFF, 0xE1, 0x00, 0x2A, 0xFF, 0xE1, 0x00, 0x2B, 0xFF, 0xE1,
    0x00, 0x2C, 0xFF, 0xE1, 0x00, 0x2D, 0xFF, 0xE1, 0x00, 0x2E, 0xFF, 0xE1, 0x00, 0x2F, 0xFF, 0xE1,
    0x00, 0x32, 0xFF, 0xFD, 0x00, 0x33, 0xFF, 0xFD, 0x00, 0x34, 0xFF, 0xFD, 0x00, 0x35, 0xFF, 0xFD,
    0x00, 0x36, 0xFF, 0xFD, 0x00, 0x37, 0xFF, 0xFD, 0x00, 0x38, 0xFF, 0xFD, 0x00, 0x3A, 0xFF, 0xFD,
    0x00, 0x3B, 0xFF, 0xFD, 0x00, 0x3C, 0xFF, 0xFD, 0x00, 0x3D, 0xFF, 0xFD, 0x00, 0x3E, 0xFF, 0xFD,
    0x00, 0x3F, 0xFF, 0xFD, 0x00, 0x40, 0xFF, 0xFD, 0x00, 0x4B, 0xFF, 0xFD, 0x00, 0x4C, 0xFF, 0xFD,
    0x00, 0x4E, 0xFF, 0xFD, 0x00, 0x4F, 0xFF, 0xFD, 0x00, 0x50, 0xFF, 0xFD, 0x00, 0x51, 0xFF, 0xFD,
    0x00, 0x57, 0xFF, 0xFD, 0x00, 0x58, 0xFF, 0xA5, 0x00, 0x59, 0xFF, 0xA5, 0x00, 0x5A, 0xFF, 0xA5,
    0x00, 0x65, 0xFF, 0xDD, 0x00, 0x66, 0xFF, 0xEB, 0x00, 0x67, 0xFF, 0xEB, 0x00, 0x68, 0xFF, 0xEB,
    0x00, 0x69, 0xFF, 0xEB, 0x00, 0x6A, 0xFF, 0xEB, 0x00, 0x6B, 0xFF, 0xB4, 0x00, 0x6C, 0xFF, 0xBD,
    0x00, 0x6D, 0xFF, 0xBD, 0x00, 0x6E, 0xFF, 0xBD, 0x00, 0x6F, 0xFF, 0xBD, 0x00, 0x70, 0xFF, 0xBD,
    0x00, 0x71, 0xFF, 0xD3, 0x00, 0x72, 0xFF, 0xD3, 0x00, 0x73, 0xFF, 0xD3, 0x00, 0x74, 0xFF, 0xD3,
    0x00, 0x75, 0xFF, 0xFF, 0x00, 0x76, 0xFF, 0xFF, 0x00, 0x77, 0xFF, 0xFF, 0x00, 0x78, 0xFF, 0xFF,
    0x00, 0x79, 0xFF, 0xFF, 0x00, 0x7A, 0xFF, 0xFF, 0x00, 0x7B, 0xFF, 0xFF, 0x00, 0x7C, 0xFF, 0xFF,
    0x00, 0x7D, 0xFF, 0xFF, 0x00, 0x7E, 0xFF, 0xFF, 0x00, 0x7F, 0xFF, 0xFF, 0x00, 0x80, 0xFF, 0xFF,
    0x00, 0x93, 0xFF, 0xFC, 0x00, 0x98, 0xFF, 0xFF, 0x00, 0x99, 0xFF, 0xFF, 0x00, 0x9A, 0xFF, 0xFF,
    0x00, 0x9B, 0xFF, 0xFF, 0x00, 0x9C, 0xFF, 0xFF, 0x00, 0x9D, 0xFF, 0xFF, 0x00, 0x9E, 0xFF, 0xFF,
    0x00, 0x9F, 0xFF, 0xFF, 0x00, 0xA0, 0xFF, 0xFF, 0x00, 0xA1, 0xFF, 0xFF, 0x00, 0xA2, 0xFF, 0xFF,
    0x00, 0xA3, 0xFF, 0xFF, 0x00, 0xA4, 0xFF, 0xFF, 0x00, 0xA5, 0xFF, 0xFF, 0x00, 0xA6, 0xFF, 0xFF,
    0x00, 0xA7, 0xFF, 0xFF, 0x00, 0xA8, 0xFF, 0xFF, 0x00, 0xA9, 0xFF, 0xFF, 0x00, 0xAA, 0xFF, 0xFF,
    0x00, 0xAB, 0xFF, 0xFF, 0x00, 0xAC, 0xFF, 0xFF, 0x00, 0xAD, 0xFF, 0xFF, 0x00, 0xAE, 0xFF, 0xFF,
    0x00, 0xB0, 0xFF, 0xFF, 0x00, 0xB1, 0xFF, 0xFF, 0x00, 0xB2, 0xFF, 0xFF, 0x00, 0xB3, 0xFF, 0xFF,
    0x00, 0xB4, 0xFF, 0xFF, 0x00, 0xB5, 0xFF, 0xFF, 0x00, 0xB6, 0xFF, 0xFF, 0x00, 0xC1, 0xFF, 0xFF,
    0x00, 0xC2, 0xFF, 0xFF, 0x00, 0xC4, 0xFF, 0xFF, 0x00, 0xC5, 0xFF, 0xFF, 0x00, 0xC6, 0xFF, 0xFF,
    0x00, 0xC7, 0xFF, 0xFF, 0x00, 0xCD, 0xFF, 0xFF, 0x00, 0xCE, 0xFF, 0xFF, 0x00, 0xCF, 0xFF, 0xFF,
    0x00, 0xD0, 0xFF, 0xFF, 0x00, 0xDB, 0xFF, 0xF7, 0x00, 0xDC, 0xFF, 0xFB, 0x00, 0xDD, 0xFF, 0xFB,
    0x00, 0xDE, 0xFF, 0xFB, 0x00, 0xDF, 0xFF, 0xFB, 0x00, 0xE0, 0xFF, 0xFB, 0x00, 0xE1, 0xFF, 0xE7,
    0x00, 0xE2, 0xFF, 0xF7, 0x00, 0xE3, 0xFF, 0xF7, 0x00, 0xE4, 0xFF, 0xF7, 0x00, 0xE5, 0xFF, 0xF7,
    0x00, 0xE6, 0xFF, 0xF7, 0x00, 0xE7, 0xFF, 0xF2, 0x00, 0xE8, 0xFF, 0xF2, 0x00, 0xE9, 0xFF, 0xF2,
    0x00, 0xEA, 0xFF, 0xF2, 0x00, 0xF5, 0xFF, 0xFC, 0x00, 0xF6, 0xFF, 0xFC, 0x01, 0x17, 0xFF, 0xAC,
    0x01, 0x18, 0xFF, 0xAC, 0x01, 0x19, 0xFF, 0xFD, 0x01, 0x1A, 0xFF, 0xFD, 0x01, 0x1B, 0xFF, 0xAC,
    0x01, 0x22, 0xFF, 0xFB, 0x01, 0x24, 0xFF, 0xD7, 0x01, 0x25, 0xFF, 0xD9, 0x01, 0x2D, 0xFF, 0xB2,
    0x01, 0x2F, 0xFF, 0xCB, 0x01, 0x31, 0xFF, 0xD6, 0x01, 0x33, 0xFF, 0xCF, 0x01, 0x34, 0xFF, 0xAC,
    0x01, 0x35, 0xFF, 0xAC, 0x01, 0x36, 0xFF, 0xEC, 0x01, 0x37, 0xFF, 0xE7, 0x01, 0x38, 0xFF, 0xEC,
    0x01, 0x39, 0xFF, 0xE7, 0x01, 0x3B, 0xFF, 0xF4, 0x01, 0x3D, 0xFF, 0xF4, 0x01, 0x3E, 0xFF, 0xE0,
    0x01, 0x3F, 0xFF, 0xE0, 0x01, 0x4A, 0xFF, 0xD1, 0x00, 0xB7, 0x00, 0x01, 0xFF, 0xD8, 0x00, 0x02,
    0xFF, 0xD8, 0x00, 0x03, 0xFF, 0xD8, 0x00, 0x04, 0xFF, 0xD8, 0x00, 0x05, 0xFF, 0xD8, 0x00, 0x06,
    0xFF, 0xD8, 0x00, 0x07, 0xFF, 0xD8, 0x00, 0x08, 0xFF, 0xD8, 0x00, 0x09, 0xFF, 0xD8, 0x00, 0x0A,
    0xFF, 0xD8, 0x00, 0x0B, 0xFF, 0xD3, 0x00, 0x0C, 0xFF, 0xF2, 0x00, 0x12, 0xFF, 0xF2, 0x00, 0x13,
    0xFF, 0xF2, 0x00, 0x14, 0xFF, 0xF2, 0x00, 0x15, 0xFF, 0xFE, 0x00, 0x16, 0xFF, 0xF2, 0x00, 0x17,
    0xFF, 0xF2, 0x00, 0x18, 0xFF, 0xF2, 0x00, 0x19, 0xFF, 0xF2, 0x00, 0x1A, 0xFF, 0xF2, 0x00, 0x1B,
    0xFF, 0xF2, 0x00, 0x1C, 0xFF, 0xF2, 0x00, 0x1D, 0xFF, 0xF2, 0x00, 0x1E, 0xFF, 0xF2, 0x00, 0x1F,
    0xFF, 0xF2, 0x00, 0x24, 0xFF, 0xF2, 0x00, 0x25, 0xFF, 0xF2, 0x00, 0x27, 0xFF, 0xF3, 0x00, 0x28,
    0xFF, 0xF3, 0x00, 0x32, 0xFF, 0xF2, 0x00, 0x33, 0xFF, 0xF2, 0x00, 0x34, 0xFF, 0xF2, 0x00, 0x35,
    0xFF, 0xF2, 0x00, 0x36, 0xFF, 0xF2, 0x00, 0x37, 0xFF, 0xF2, 0x00, 0x38, 0xFF, 0xF2, 0x00, 0x3A,
    0xFF, 0xF2, 0x00, 0x3B, 0xFF, 0xF2, 0x00, 0x3C, 0xFF, 0xF2, 0x00, 0x3D, 0xFF, 0xF2, 0x00, 0x3E,
    0xFF, 0xF2, 0x00, 0x3F, 0xFF, 0xF2, 0x00, 0x40, 0xFF, 0xF2, 0x00, 0x4B, 0xFF, 0xF2, 0x00, 0x4C,
    0xFF, 0xF2, 0x00, 0x4E, 0xFF, 0xF2, 0x00, 0x4F, 0xFF, 0xF2, 0x00, 0x50, 0xFF, 0xF2, 0x00, 0x51,
    0xFF, 0xF2, 0x00, 0x52, 0xFF, 0xFE, 0x00, 0x53, 0xFF, 0xFE, 0x00, 0x54, 0xFF, 0xFE, 0x00, 0x55,
    0xFF, 0xFE, 0x00, 0x56, 0xFF, 0xFE, 0x00, 0x57, 0xFF, 0xF2, 0x00, 0x58, 0xFF, 0x9C, 0x00, 0x59,
    0xFF, 0x9C, 0x00, 0x5A, 0xFF, 0x9C, 0x00, 0x5B, 0xFF, 0xF3, 0x00, 0x5C, 0xFF, 0xF3, 0x00, 0x5D,
    0xFF, 0xF3, 0x00, 0x5E, 0xFF, 0xF3, 0x00, 0x5F, 0xFF, 0xF3, 0x00, 0x60, 0xFF, 0xF3, 0x00, 0x61,
    0xFF, 0xF3, 0x00, 0x62, 0xFF, 0xF3, 0x00, 0x63, 0xFF, 0xF3, 0x00, 0x64, 0xFF, 0xF3, 0x00, 0x65,
    0xFF, 0xC2, 0x00, 0x66, 0xFF, 0xD0, 0x00, 0x67, 0xFF, 0xD0, 0x00, 0x68, 0xFF, 0xD0, 0x00, 0x69,
    0xFF, 0xD0, 0x00, 0x6A, 0xFF, 0xD0, 0x00, 0x6B, 0xFF, 0xC6, 0x00, 0x6C, 0xFF, 0x9C, 0x00, 0x6D,
    0xFF, 0x9C, 0x00, 0x6E, 0xFF, 0x9C, 0x00, 0x6F, 0xFF, 0x9C, 0x00, 0x70, 0xFF, 0x9C, 0x00, 0x71,
    0xFF, 0xD7, 0x00, 0x72, 0xFF, 0xD7, 0x00, 0x73, 0xFF, 0xD7, 0x00, 0x74, 0xFF, 0xD7, 0x00, 0x75,
    0xFF, 0xFD, 0x00, 0x76, 0xFF, 0xFD, 0x00, 0x77, 0xFF, 0xFD, 0x00, 0x78, 0xFF, 0xFD, 0x00, 0x79,
    0xFF, 0xFD, 0x00, 0x7A, 0xFF, 0xFD, 0x00, 0x7B, 0xFF, 0xFD, 0x00, 0x7C, 0xFF, 0xFD, 0x00, 0x7D,
    0xFF, 0xFD, 0x00, 0x7E, 0xFF, 0xFD, 0x00, 0x7F, 0xFF, 0xFD, 0x00, 0x80, 0xFF, 0xFE, 0x00, 0x93,
    0xFF, 0xD5, 0x00, 0x98, 0xFF, 0xFE, 0x00, 0x99, 0xFF, 0xFE, 0x00, 0x9A, 0xFF, 0xFE, 0x00, 0x9B,
    0xFF, 0xFE, 0x00, 0x9C, 0xFF, 0xFE, 0x00, 0x9D, 0xFF, 0xFE, 0x00, 0x9E, 0xFF, 0xFE, 0x00, 0x9F,
    0xFF, 0xFE, 0x00, 0xA0, 0xFF, 0xFE, 0x00, 0xA1, 0xFF, 0xFE, 0x00, 0xA2, 0xFF, 0xFE, 0x00, 0xA3,
    0xFF, 0xFE, 0x00, 0xA4, 0xFF, 0xFE, 0x00, 0xA5, 0xFF, 0xFE, 0x00, 0xA6, 0xFF, 0xFE, 0x00, 0xA7,
    0xFF, 0xFE, 0x00, 0xA8, 0xFF, 0xFE, 0x00, 0xA9, 0xFF, 0xFE, 0x00, 0xAA, 0xFF, 0xDA, 0x00, 0xAB,
    0xFF, 0xDA, 0x00, 0xAC, 0xFF, 0xDA, 0x00, 0xAD, 0xFF, 0xDA, 0x00, 0xAE, 0xFF, 0xDA, 0x00, 0xB0,
    0xFF, 0xFE, 0x00, 0xB1, 0xFF, 0xFE, 0x00, 0xB2, 0xFF, 0xFE, 0x00, 0xB3, 0xFF, 0xFE, 0x00, 0xB4,
    0xFF, 0xFE, 0x00, 0xB5, 0xFF, 0xFE, 0x00, 0xB6, 0xFF, 0xFE, 0x00, 0xC1, 0xFF, 0xFE, 0x00, 0xC2,
    0xFF, 0xFE, 0x00, 0xC4, 0xFF, 0xFE, 0x00, 0xC5, 0xFF, 0xFE, 0x00, 0xC6, 0xFF, 0xFE, 0x00, 0xC7,
    0xFF, 0xFE, 0x00, 0xC8, 0xFF, 0xFD, 0x00, 0xC9, 0xFF, 0xFD, 0x00, 0xCA, 0xFF, 0xFD, 0x00, 0xCB,
    0xFF, 0xFD, 0x00, 0xCC, 0xFF, 0xFD, 0x00, 0xCD, 0xFF, 0xFE, 0x00, 0xCE, 0xFF, 0xD5, 0x00, 0xCF,
    0xFF, 0xD5, 0x00, 0xD0, 0xFF, 0xD5, 0x00, 0xD1, 0xFF, 0xFE, 0x00, 0xD2, 0xFF, 0xFE, 0x00, 0xD3,
    0xFF, 0xFE, 0x00, 0xD4, 0xFF, 0xFE, 0x00, 0xD5, 0xFF, 0xFE, 0x00, 0xD6, 0xFF, 0xFE, 0x00, 0xD7,
    0xFF, 0xFE, 0x00, 0xD8, 0xFF, 0xFE, 0x00, 0xD9, 0xFF, 0xFE, 0x00, 0xDA, 0xFF, 0xFE, 0x00, 0xDB,
    0xFF, 0xE1, 0x00, 0xDC, 0xFF, 0xE8, 0x00, 0xDD, 0xFF, 0xE8, 0x00, 0xDE, 0xFF, 0xE8, 0x00, 0xDF,
    0xFF, 0xE8, 0x00, 0xE0, 0xFF, 0xE8, 0x00, 0xE1, 0xFF, 0xCB, 0x00, 0xE2, 0xFF, 0xDE, 0x00, 0xE3,
    0xFF, 0xDE, 0x00, 0xE4, 0xFF, 0xDE, 0x00, 0xE5, 0xFF, 0xDE, 0x00, 0xE6, 0xFF, 0xDE, 0x00, 0xE7,
    0xFF, 0xD5, 0x00, 0xE8, 0xFF, 0xD5, 0x00, 0xE9, 0xFF, 0xD5, 0x00, 0xEA, 0xFF, 0xD5, 0x00, 0xF5,
    0xFF, 0xD5, 0x00, 0xF6, 0xFF, 0xD5, 0x00, 0xFC, 0xFF, 0xEB, 0x00, 0xFF, 0xFF, 0xFD, 0x01, 0x01,
    0xFF, 0xC4, 0x01, 0x02, 0xFF, 0xFD, 0x01, 0x03, 0xFF, 0xEE, 0x01, 0x17, 0xFF, 0xC3, 0x01, 0x18,
    0xFF, 0xC3, 0x01, 0x19, 0xFF, 0xCA, 0x01, 0x1A, 0xFF, 0xCA, 0x01, 0x1B, 0xFF, 0xC3, 0x01, 0x34,
    0xFF, 0xC3, 0x01, 0x35, 0xFF, 0xC3, 0x00, 0xB9, 0x00, 0x01, 0xFF, 0xBA, 0x00, 0x02, 0xFF, 0xBA,
    0x00, 0x03, 0xFF, 0xBA, 0x00, 0x04, 0xFF, 0xBA, 0x00, 0x05, 0xFF, 0xBA, 0x00, 0x06, 0xFF, 0xBA,
    0x00, 0x07, 0xFF, 0xBA, 0x00, 0x08, 0xFF, 0xBA, 0x00, 0x09, 0xFF, 0xBA, 0x00, 0x0A, 0xFF, 0xBA,
    0x00, 0x0B, 0xFF, 0xA1, 0x00, 0x0D, 0xFF, 0xE7, 0x00, 0x0E, 0xFF, 0xE7, 0x00, 0x0F, 0xFF, 0xE7,
    0x00, 0x10, 0xFF, 0xE7, 0x00, 0x11, 0xFF, 0xE7, 0x00, 0x15, 0xFF, 0xED, 0x00, 0x20, 0xFF, 0xE7,
    0x00, 0x21, 0xFF, 0xE7, 0x00, 0x22, 0xFF, 0xE7, 0x00, 0x23, 0xFF, 0xE7, 0x00, 0x30, 0xFF, 0xC2,
    0x00, 0x31, 0xFF, 0xC2, 0x00, 0x39, 0xFF, 0xE9, 0x00, 0x41, 0xFF, 0xE7, 0x00, 0x42, 0xFF, 0xE7,
    0x00, 0x43, 0xFF, 0xE7, 0x00, 0x44, 0xFF, 0xE7, 0x00, 0x45, 0xFF, 0xE7, 0x00, 0x46, 0xFF, 0xE7,
    0x00, 0x47, 0xFF, 0xE7, 0x00, 0x48, 0xFF, 0xE7, 0x00, 0x49, 0xFF, 0xE7, 0x00, 0x4A, 0xFF, 0xE7,
    0x00, 0x4D, 0xFF, 0xE7, 0x00, 0x52, 0xFF, 0xF1, 0x00, 0x53, 0xFF, 0xF1, 0x00, 0x54, 0xFF, 0xF1,
    0x00, 0x55, 0xFF, 0xF1, 0x00, 0x56, 0xFF, 0xF1, 0x00, 0x75, 0xFF, 0xCF, 0x00, 0x76, 0xFF, 0xCF,
    0x00, 0x77, 0xFF, 0xCF, 0x00, 0x78, 0xFF, 0xCF, 0x00, 0x79, 0xFF, 0xCF, 0x00, 0x7A, 0xFF, 0xCF,
    0x00, 0x7B, 0xFF, 0xCF, 0x00, 0x7C, 0xFF, 0xCF, 0x00, 0x7D, 0xFF, 0xCF, 0x00, 0x7E, 0xFF, 0xCF,
    0x00, 0x7F, 0xFF, 0xCF, 0x00, 0x81, 0xFF, 0xCC, 0x00, 0x82, 0xFF, 0xCC, 0x00, 0x83, 0xFF, 0xCC,
    0x00, 0x84, 0xFF, 0xCC, 0x00, 0x85, 0xFF, 0xCC, 0x00, 0x86, 0xFF, 0xCF, 0x00, 0x87, 0xFF, 0xCF,
    0x00, 0x88, 0xFF, 0xCF, 0x00, 0x89, 0xFF, 0xC6, 0x00, 0x8A, 0xFF, 0xCC, 0x00, 0x8B, 0xFF, 0xCC,
    0x00, 0x8C, 0xFF, 0xCC, 0x00, 0x8D, 0xFF, 0xCC, 0x00, 0x8E, 0xFF, 0xCC, 0x00, 0x8F, 0xFF, 0xCC,
    0x00, 0x90, 0xFF, 0xCC, 0x00, 0x91, 0xFF, 0xCC, 0x00, 0x92, 0xFF, 0xCC, 0x00, 0x93, 0xFF, 0xF6,
    0x00, 0x94, 0xFF, 0xD0, 0x00, 0x95, 0xFF, 0xD0, 0x00, 0x96, 0xFF, 0xD0, 0x00, 0x97, 0xFF, 0xD0,
    0x00, 0x9B, 0xFF, 0xE0, 0x00, 0x9C, 0xFF, 0xF8, 0x00, 0x9D, 0x00, 0x14, 0x00, 0x9E, 0x00, 0x1D,
    0x00, 0xA0, 0x00, 0x10, 0x00, 0xA4, 0xFF, 0xF8, 0x00, 0xA6, 0xFF, 0xE0, 0x00, 0xA7, 0xFF, 0xF5,
    0x00, 0xAF, 0xFF, 0xED, 0x00, 0xB0, 0xFF, 0xE0, 0x00, 0xB1, 0xFF, 0xE0, 0x00, 0xB2, 0xFF, 0xE0,
    0x00, 0xB3, 0xFF, 0xE0, 0x00, 0xB4, 0xFF, 0xE0, 0x00, 0xB5, 0xFF, 0xE0, 0x00, 0xB6, 0xFF, 0xE0,
    0x00, 0xB7, 0xFF, 0xCC, 0x00, 0xB8, 0xFF, 0xCC, 0x00, 0xB9, 0xFF, 0xCC, 0x00, 0xBA, 0xFF, 0xCC,
    0x00, 0xBB, 0xFF, 0xCC, 0x00, 0xBC, 0xFF, 0xCC, 0x00, 0xBD, 0xFF, 0xCC, 0x00, 0xBE, 0xFF, 0xCC,
    0x00, 0xBF, 0xFF, 0xCC, 0x00, 0xC0, 0xFF, 0xCC, 0x00, 0xC1, 0xFF, 0xE0, 0x00, 0xC3, 0xFF, 0xCF,
    0x00, 0xC4, 0xFF, 0xE0, 0x00, 0xC5, 0xFF, 0xE0, 0x00, 0xC6, 0xFF, 0xE0, 0x00, 0xC7, 0xFF, 0xE0,
    0x00, 0xC8, 0xFF, 0xD7, 0x00, 0xC9, 0xFF, 0xD7, 0x00, 0xCA, 0xFF, 0xD7, 0x00, 0xCB, 0xFF, 0xD7,
    0x00, 0xCC, 0xFF, 0xD7, 0x00, 0xCD, 0xFF, 0xE6, 0x00, 0xCE, 0xFF, 0xF9, 0x00, 0xCF, 0xFF, 0xF9,
    0x00, 0xD0, 0xFF, 0xF9, 0x00, 0xD1, 0xFF, 0xE2, 0x00, 0xD2, 0xFF, 0xE2, 0x00, 0xD3, 0xFF, 0xE2,
    0x00, 0xD4, 0xFF, 0xE2, 0x00, 0xD5, 0xFF, 0xE2, 0x00, 0xD6, 0xFF, 0xE2, 0x00, 0xD7, 0xFF, 0xE2,
    0x00, 0xD8, 0xFF, 0xE2, 0x00, 0xD9, 0xFF, 0xE2, 0x00, 0xDA, 0xFF, 0xE2, 0x00, 0xDB, 0xFF, 0xF2,
    0x00, 0xDC, 0xFF, 0xF4, 0x00, 0xDD, 0xFF, 0xF4, 0x00, 0xDE, 0xFF, 0xF4, 0x00, 0xDF, 0xFF, 0xF4,
    0x00, 0xE0, 0xFF, 0xF4, 0x00, 0xE1, 0xFF, 0xF8, 0x00, 0xE2, 0xFF, 0xF3, 0x00, 0xE3, 0xFF, 0xF3,
    0x00, 0xE4, 0xFF, 0xF3, 0x00, 0xE5, 0xFF, 0xF3, 0x00, 0xE6, 0xFF, 0xF3, 0x00, 0xE7, 0xFF, 0xED,
    0x00, 0xE8, 0xFF, 0xED, 0x00, 0xE9, 0xFF, 0xED, 0x00, 0xEA, 0xFF, 0xED, 0x00, 0xEB, 0xFF, 0xCF,
    0x00, 0xEC, 0xFF, 0xCF, 0x00, 0xED, 0xFF, 0xCF, 0x00, 0xEE, 0xFF, 0xCF, 0x00, 0xEF, 0xFF, 0xCF,
    0x00, 0xF0, 0xFF, 0xCF, 0x00, 0xF1, 0xFF, 0xCF, 0x00, 0xF2, 0xFF, 0xCF, 0x00, 0xF3, 0xFF, 0xCF,
    0x00, 0xF4, 0xFF, 0xCF, 0x00, 0xF5, 0xFF, 0xF6, 0x00, 0xF6, 0xFF, 0xF6, 0x00, 0xFA, 0xFF, 0xEB,
    0x00, 0xFC, 0xFF, 0xEF, 0x00, 0xFD, 0xFF, 0xF4, 0x00, 0xFE, 0xFF, 0xCA, 0x01, 0x00, 0xFF, 0xEE,
    0x01, 0x02, 0xFF, 0xF5, 0x01, 0x03, 0xFF, 0xF5, 0x01, 0x04, 0xFF, 0xEB, 0x01, 0x13, 0xFF, 0xE6,
    0x01, 0x14, 0xFF, 0xE6, 0x01, 0x17, 0xFF, 0x9D, 0x01, 0x18, 0xFF, 0x9D, 0x01, 0x19, 0xFF, 0xE6,
    0x01, 0x1A, 0xFF, 0xE6, 0x01, 0x1B, 0xFF, 0x9D, 0x01, 0x20, 0xFF, 0xC2, 0x01, 0x24, 0xFF, 0xB9,
    0x01, 0x2A, 0xFF, 0xC1, 0x01, 0x2B, 0xFF, 0xC1, 0x01, 0x2C, 0xFF, 0xC1, 0x01, 0x2D, 0xFF, 0xB9,
    0x01, 0x34, 0xFF, 0x9D, 0x01, 0x35, 0xFF, 0x9D, 0x01, 0x3A, 0xFF, 0xC7, 0x01, 0x3B, 0xFF, 0xE1,
    0x01, 0x3C, 0xFF, 0xC7, 0x01, 0x3D, 0xFF, 0xE1, 0x01, 0x44, 0xFF, 0xDE, 0x01, 0x45, 0xFF, 0xD5,
    0x01, 0x48, 0xFF, 0xE6, 0x01, 0x4A, 0x00, 0x0C, 0x01, 0x50, 0xFF, 0xF4, 0x00, 0xBB, 0x00, 0x01,
    0xFF, 0xAD, 0x00, 0x02, 0xFF, 0xAD, 0x00, 0x03, 0xFF, 0xAD, 0x00, 0x04, 0xFF, 0xAD, 0x00, 0x05,
    0xFF, 0xAD, 0x00, 0x06, 0xFF, 0xAD, 0x00, 0x07, 0xFF, 0xAD, 0x00, 0x08, 0xFF, 0xAD, 0x00, 0x09,
    0xFF, 0xAD, 0x00, 0x0A, 0xFF, 0xAD, 0x00, 0x0B, 0xFF, 0x9F, 0x00, 0x0D, 0xFF, 0xE8, 0x00, 0x0E,
    0xFF, 0xE8, 0x00, 0x0F, 0xFF, 0xE8, 0x00, 0x10, 0xFF, 0xE8, 0x00, 0x11, 0xFF, 0xE8, 0x00, 0x15,
    0xFF, 0xEE, 0x00, 0x20, 0xFF, 0xE8, 0x00, 0x21, 0xFF, 0xE8, 0x00, 0x22, 0xFF, 0xE8, 0x00, 0x23,
    0xFF, 0xE8, 0x00, 0x30, 0xFF, 0xC7, 0x00, 0x31, 0xFF, 0xC7, 0x00, 0x39, 0xFF, 0xEB, 0x00, 0x41,
    0xFF, 0xE8, 0x00, 0x42, 0xFF, 0xE8, 0x00, 0x43, 0xFF, 0xE8, 0x00, 0x44, 0xFF, 0xE8, 0x00, 0x45,
    0xFF, 0xE8, 0x00, 0x46, 0xFF, 0xE8, 0x00, 0x47, 0xFF, 0xE8, 0x00, 0x48, 0xFF, 0xE8, 0x00, 0x49,
    0xFF, 0xE8, 0x00, 0x4A, 0xFF, 0xE8, 0x00, 0x4D, 0xFF, 0xE8, 0x00, 0x52, 0xFF, 0xF3, 0x00, 0x53,
    0xFF, 0xF3, 0x00, 0x54, 0xFF, 0xF3, 0x00, 0x55, 0xFF, 0xF3, 0x00, 0x56, 0xFF, 0xF3, 0x00, 0x75,
    0xFF, 0xD1, 0x00, 0x76, 0xFF, 0xD1, 0x00, 0x77, 0xFF, 0xD1, 0x00, 0x78, 0xFF, 0xD1, 0x00, 0x79,
    0xFF, 0xD3, 0x00, 0x7A, 0xFF, 0xD1, 0x00, 0x7B, 0xFF, 0xD1, 0x00, 0x7C, 0xFF, 0xD1, 0x00, 0x7D,
    0xFF, 0xD1, 0x00, 0x7E, 0xFF, 0xD2, 0x00, 0x7F, 0xFF, 0xD1, 0x00, 0x81, 0xFF, 0xD8, 0x00, 0x82,
    0xFF, 0xD8, 0x00, 0x83, 0xFF, 0xD8, 0x00, 0x84, 0xFF, 0xD8, 0x00, 0x85, 0xFF, 0xD8, 0x00, 0x86,
    0xFF, 0xD9, 0x00, 0x87, 0xFF, 0xD9, 0x00, 0x88, 0xFF, 0xD9, 0x00, 0x89, 0xFF, 0xD1, 0x00, 0x8A,
    0xFF, 0xD8, 0x00, 0x8B, 0xFF, 0xD8, 0x00, 0x8C, 0xFF, 0xD8, 0x00, 0x8D, 0xFF, 0xD8, 0x00, 0x8E,
    0xFF, 0xD9, 0x00, 0x8F, 0xFF, 0xD8, 0x00, 0x90, 0xFF, 0xD8, 0x00, 0x91, 0xFF, 0xD8, 0x00, 0x92,
    0xFF, 0xD8, 0x00, 0x93, 0xFF, 0xF7, 0x00, 0x94, 0xFF, 0xDD, 0x00, 0x95, 0xFF, 0xDD, 0x00, 0x96,
    0xFF, 0xDD, 0x00, 0x97, 0xFF, 0xDD, 0x00, 0x9B, 0xFF, 0xEB, 0x00, 0x9C, 0xFF, 0xFF, 0x00, 0x9D,
    0x00, 0x1F, 0x00, 0x9E, 0x00, 0x28, 0x00, 0xA0, 0x00, 0x09, 0x00, 0xA4, 0xFF, 0xFF, 0x00, 0xA6,
    0xFF, 0xEB, 0x00, 0xA7, 0xFF, 0xFF, 0x00, 0xAF, 0xFF, 0xF4, 0x00, 0xB0, 0xFF, 0xEB, 0x00, 0xB1,
    0xFF, 0xEB, 0x00, 0xB2, 0xFF, 0xEB, 0x00, 0xB3, 0xFF, 0xEB, 0x00, 0xB4, 0xFF, 0xEB, 0x00, 0xB5,
    0xFF, 0xE4, 0x00, 0xB6, 0xFF, 0xEB, 0x00, 0xB7, 0xFF, 0xD8, 0x00, 0xB8, 0xFF, 0xD8, 0x00, 0xB9,
    0xFF, 0xD8, 0x00, 0xBA, 0xFF, 0xD9, 0x00, 0xBB, 0xFF, 0xD8, 0x00, 0xBC, 0xFF, 0xD8, 0x00, 0xBD,
    0xFF, 0xD8, 0x00, 0xBE, 0xFF, 0xD8, 0x00, 0xBF, 0xFF, 0xD8, 0x00, 0xC0, 0xFF, 0xD8, 0x00, 0xC1,
    0xFF, 0xEB, 0x00, 0xC3, 0xFF, 0xD9, 0x00, 0xC4, 0xFF, 0xEB, 0x00, 0xC5, 0xFF, 0xEB, 0x00, 0xC6,
    0xFF, 0xEB, 0x00, 0xC7, 0xFF, 0xEB, 0x00, 0xC8, 0xFF, 0xDD, 0x00, 0xC9, 0xFF, 0xDD, 0x00, 0xCA,
    0xFF, 0xDD, 0x00, 0xCB, 0xFF, 0xDD, 0x00, 0xCC, 0xFF, 0xDD, 0x00, 0xCD, 0xFF, 0xF0, 0x00, 0xCE,
    0xFF, 0xF8, 0x00, 0xCF, 0xFF, 0xF8, 0x00, 0xD0, 0xFF, 0xF8, 0x00, 0xD1, 0xFF, 0xEC, 0x00, 0xD2,
    0xFF, 0xEC, 0x00, 0xD3, 0xFF, 0xEC, 0x00, 0xD4, 0xFF, 0xEC, 0x00, 0xD5, 0xFF, 0xEC, 0x00, 0xD6,
    0xFF, 0xEC, 0x00, 0xD7, 0xFF, 0xEC, 0x00, 0xD8, 0xFF, 0xEC, 0x00, 0xD9, 0xFF, 0xEC, 0x00, 0xDA,
    0xFF, 0xEC, 0x00, 0xDB, 0xFF, 0xF5, 0x00, 0xDC, 0xFF, 0xF4, 0x00, 0xDD, 0xFF, 0xF4, 0x00, 0xDE,
    0xFF, 0xF4, 0x00, 0xDF, 0xFF, 0xF4, 0x00, 0xE0, 0xFF, 0xF4, 0x00, 0xE1, 0xFF, 0xFB, 0x00, 0xE2,
    0xFF, 0xF6, 0x00, 0xE3, 0xFF, 0xF6, 0x00, 0xE4, 0xFF, 0xF6, 0x00, 0xE5, 0xFF, 0xF7, 0x00, 0xE6,
    0xFF, 0xF6, 0x00, 0xE7, 0xFF, 0xF9, 0x00, 0xE8, 0xFF, 0xF9, 0x00, 0xE9, 0xFF, 0xF2, 0x00, 0xEA,
    0xFF, 0xF8, 0x00, 0xEB, 0xFF, 0xD9, 0x00, 0xEC, 0xFF, 0xD9, 0x00, 0xED, 0xFF, 0xD9, 0x00, 0xEE,
    0xFF, 0xD9, 0x00, 0xEF, 0xFF, 0xD9, 0x00, 0xF0, 0xFF, 0xD9, 0x00, 0xF1, 0xFF, 0xD9, 0x00, 0xF2,
    0xFF, 0xD9, 0x00, 0xF3, 0xFF, 0xD9, 0x00, 0xF4, 0xFF, 0xD9, 0x00, 0xF5, 0xFF, 0xF7, 0x00, 0xF6,
    0xFF, 0xF7, 0x00, 0xFA, 0xFF, 0xF3, 0x00, 0xFC, 0xFF, 0xF4, 0x00, 0xFD, 0xFF, 0xFA, 0x00, 0xFE,
    0xFF, 0xD4, 0x01, 0x00, 0xFF, 0xF4, 0x01, 0x02, 0xFF, 0xFE, 0x01, 0x03, 0xFF, 0xFF, 0x01, 0x04,
    0xFF, 0xF3, 0x01, 0x13, 0xFF, 0xE9, 0x01, 0x14, 0xFF, 0xE9, 0x01, 0x17, 0xFF, 0x83, 0x01, 0x18,
    0xFF, 0x83, 0x01, 0x19, 0xFF, 0xEF, 0x01, 0x1A, 0xFF, 0xEF, 0x01, 0x1B, 0xFF, 0x83, 0x01, 0x20,
    0xFF, 0xD3, 0x01, 0x24, 0xFF, 0xBB, 0x01, 0x2A, 0xFF, 0xD2, 0x01, 0x2B, 0xFF, 0xD2, 0x01, 0x2C,
    0xFF, 0xD2, 0x01, 0x2D, 0xFF, 0x9C, 0x01, 0x2F, 0xFF, 0xFE, 0x01, 0x34, 0xFF, 0x83, 0x01, 0x35,
    0xFF, 0x83, 0x01, 0x3A, 0xFF, 0xDD, 0x01, 0x3B, 0xFF, 0xEA, 0x01, 0x3C, 0xFF, 0xDD, 0x01, 0x3D,
    0xFF, 0xEA, 0x01, 0x44, 0xFF, 0xE6, 0x01, 0x45, 0xFF, 0xDC, 0x01, 0x48, 0xFF, 0xED, 0x01, 0x4A,
    0x00, 0x07, 0x01, 0x4E, 0xFF, 0xFD, 0x01, 0x50, 0xFF, 0xFE, 0x00, 0xBE, 0x00, 0x01, 0xFF, 0xBA,
    0x00, 0x02, 0xFF, 0xBA, 0x00, 0x03, 0xFF, 0xBA, 0x00, 0x04, 0xFF, 0xBA, 0x00, 0x05, 0xFF, 0xBA,
    0x00, 0x06, 0xFF, 0xBA, 0x00, 0x07, 0xFF, 0xBA, 0x00, 0x08, 0xFF, 0xBA, 0x00, 0x09, 0xFF, 0xBA,
    0x00, 0x0A, 0xFF, 0xBA, 0x00, 0x0B, 0xFF, 0xB7, 0x00, 0x0C, 0xFF, 0xF6, 0x00, 0x0D, 0xFF, 0xDF,
    0x00, 0x0E, 0xFF, 0xDF, 0x00, 0x0F, 0xFF, 0xDF, 0x00, 0x10, 0xFF, 0xDF, 0x00, 0x11, 0xFF, 0xDF,
    0x00, 0x12, 0xFF, 0xF6, 0x00, 0x13, 0xFF, 0xF6, 0x00, 0x14, 0xFF, 0xF6, 0x00, 0x15, 0xFF, 0xE7,
    0x00, 0x16, 0xFF, 0xF6, 0x00, 0x17, 0xFF, 0xF6, 0x00, 0x18, 0xFF, 0xF6, 0x00, 0x19, 0xFF, 0xF6,
    0x00, 0x1A, 0xFF, 0xF6, 0x00, 0x1B, 0xFF, 0xF6, 0x00, 0x1C, 0xFF, 0xF6, 0x00, 0x1D, 0xFF, 0xF6,
    0x00, 0x1E, 0xFF, 0xF6, 0x00, 0x1F, 0xFF, 0xF6, 0x00, 0x20, 0xFF, 0xDF, 0x00, 0x21, 0xFF, 0xDF,
    0x00, 0x22, 0xFF, 0xDF, 0x00, 0x23, 0xFF, 0xDF, 0x00, 0x24, 0xFF, 0xF6, 0x00, 0x25, 0xFF, 0xF6,
    0x00, 0x30, 0xFF, 0xC7, 0x00, 0x32, 0xFF, 0xF6, 0x00, 0x33, 0xFF, 0xF6, 0x00, 0x34, 0xFF, 0xF6,
    0x00, 0x35, 0xFF, 0xF6, 0x00, 0x36, 0xFF, 0xF6, 0x00, 0x37, 0xFF, 0xF6, 0x00, 0x38, 0xFF, 0xF6,
    0x00, 0x3A, 0xFF, 0xF6, 0x00, 0x3B, 0xFF, 0xF6, 0x00, 0x3C, 0xFF, 0xF6, 0x00, 0x3D, 0xFF, 0xF6,
    0x00, 0x3E, 0xFF, 0xF6, 0x00, 0x3F, 0xFF, 0xF6, 0x00, 0x40, 0xFF, 0xF6, 0x00, 0x41, 0xFF, 0xDF,
    0x00, 0x42, 0xFF, 0xDF, 0x00, 0x43, 0xFF, 0xDF, 0x00, 0x44, 0xFF, 0xDF, 0x00, 0x45, 0xFF, 0xDF,
    0x00, 0x46, 0xFF, 0xDF, 0x00, 0x47, 0xFF, 0xDF, 0x00, 0x48, 0xFF, 0xDF, 0x00, 0x49, 0xFF, 0xDF,
    0x00, 0x4A, 0xFF, 0xDF, 0x00, 0x4B, 0xFF, 0xF6, 0x00, 0x4C, 0xFF, 0xF6, 0x00, 0x4D, 0xFF, 0xDF,
    0x00, 0x4E, 0xFF, 0xF6, 0x00, 0x4F, 0xFF, 0xF6, 0x00, 0x50, 0xFF, 0xF6, 0x00, 0x51, 0xFF, 0xF6,
    0x00, 0x52, 0xFF, 0xEE, 0x00, 0x53, 0xFF, 0xEE, 0x00, 0x54, 0xFF, 0xEE, 0x00, 0x55, 0xFF, 0xEE,
    0x00, 0x56, 0xFF, 0xEE, 0x00, 0x57, 0xFF, 0xF6, 0x00, 0x75, 0xFF, 0xCF, 0x00, 0x76, 0xFF, 0xCF,
    0x00, 0x77, 0xFF, 0xCF, 0x00, 0x78, 0xFF, 0xCF, 0x00, 0x79, 0xFF, 0xCF, 0x00, 0x7A, 0xFF, 0xCF,
    0x00, 0x7B, 0xFF, 0xCF, 0x00, 0x7C, 0xFF, 0xCF, 0x00, 0x7D, 0xFF, 0xCF, 0x00, 0x7E, 0xFF, 0xCF,
    0x00, 0x7F, 0xFF, 0xCF, 0x00, 0x80, 0xFF, 0xF6, 0x00, 0x81, 0xFF, 0xCE, 0x00, 0x82, 0xFF, 0xCE,
    0x00, 0x83, 0xFF, 0xCE, 0x00, 0x84, 0xFF, 0xCE, 0x00, 0x85, 0xFF, 0xCE, 0x00, 0x86, 0xFF, 0xCE,
    0x00, 0x87, 0xFF, 0xCE, 0x00, 0x88, 0xFF, 0xCE, 0x00, 0x89, 0xFF, 0xCB, 0x00, 0x8A, 0xFF, 0xCE,
    0x00, 0x8B, 0xFF, 0xCE, 0x00, 0x8C, 0xFF, 0xCE, 0x00, 0x8D, 0xFF, 0xCE, 0x00, 0x8E, 0xFF, 0xCE,
    0x00, 0x8F, 0xFF, 0xCE, 0x00, 0x90, 0xFF, 0xCE, 0x00, 0x91, 0xFF, 0xCE, 0x00, 0x92, 0xFF, 0xCE,
    0x00, 0x93, 0xFF, 0xF1, 0x00, 0x94, 0xFF, 0xD1, 0x00, 0x95, 0xFF, 0xD1, 0x00, 0x96, 0xFF, 0xD1,
    0x00, 0x97, 0xFF, 0xD1, 0x00, 0x98, 0xFF, 0xF6, 0x00, 0x99, 0xFF, 0xF6, 0x00, 0xA8, 0xFF, 0xF6,
    0x00, 0xA9, 0xFF, 0xF6, 0x00, 0xAA, 0xFF, 0xF7, 0x00, 0xAB, 0xFF, 0xF7, 0x00, 0xAC, 0xFF, 0xF7,
    0x00, 0xAD, 0xFF, 0xF7, 0x00, 0xAE, 0xFF, 0xF7, 0x00, 0xB0, 0xFF, 0xDD, 0x00, 0xB1, 0xFF, 0xDD,
    0x00, 0xB2, 0xFF, 0xDD, 0x00, 0xB3, 0xFF, 0xDD, 0x00, 0xB4, 0xFF, 0xDD, 0x00, 0xB5, 0xFF, 0xDD,
    0x00, 0xB6, 0xFF, 0xDD, 0x00, 0xB7, 0xFF, 0xCE, 0x00, 0xB8, 0xFF, 0xCE, 0x00, 0xB9, 0xFF, 0xCE,
    0x00, 0xBA, 0xFF, 0xCE, 0x00, 0xBB, 0xFF, 0xCE, 0x00, 0xBC, 0xFF, 0xCE, 0x00, 0xBD, 0xFF, 0xCE,
    0x00, 0xBE, 0xFF, 0xCE, 0x00, 0xBF, 0xFF, 0xCE, 0x00, 0xC0, 0xFF, 0xCE, 0x00, 0xC1, 0xFF, 0xDD,
    0x00, 0xC2, 0xFF, 0xF6, 0x00, 0xC3, 0xFF, 0xCE, 0x00, 0xC4, 0xFF, 0xDD, 0x00, 0xC5, 0xFF, 0xDD,
    0x00, 0xC6, 0xFF, 0xDD, 0x00, 0xC7, 0xFF, 0xDD, 0x00, 0xC8, 0xFF, 0xD6, 0x00, 0xC9, 0xFF, 0xD6,
    0x00, 0xCA, 0xFF, 0xD6, 0x00, 0xCB, 0xFF, 0xD6, 0x00, 0xCC, 0xFF, 0xD6, 0x00, 0xCD, 0xFF, 0xE5,
    0x00, 0xCE, 0xFF, 0xF2, 0x00, 0xCF, 0xFF, 0xF2, 0x00, 0xD0, 0xFF, 0xF2, 0x00, 0xD1, 0xFF, 0xE0,
    0x00, 0xD2, 0xFF, 0xE0, 0x00, 0xD3, 0xFF, 0xE0, 0x00, 0xD4, 0xFF, 0xE0, 0x00, 0xD5, 0xFF, 0xE0,
    0x00, 0xD6, 0xFF, 0xE0, 0x00, 0xD7, 0xFF, 0xE0, 0x00, 0xD8, 0xFF, 0xE0, 0x00, 0xD9, 0xFF, 0xE0,
    0x00, 0xDA, 0xFF, 0xE0, 0x00, 0xDB, 0xFF, 0xEC, 0x00, 0xDC, 0xFF, 0xEE, 0x00, 0xDD, 0xFF, 0xEE,
    0x00, 0xDE, 0xFF, 0xEE, 0x00, 0xDF, 0xFF, 0xEE, 0x00, 0xE0, 0xFF, 0xEE, 0x00, 0xE1, 0xFF, 0xE8,
    0x00, 0xE2, 0xFF, 0xF1, 0x00, 0xE3, 0xFF, 0xF1, 0x00, 0xE4, 0xFF, 0xF1, 0x00, 0xE5, 0xFF, 0xF1,
    0x00, 0xE6, 0xFF, 0xF1, 0x00, 0xE7, 0xFF, 0xE6, 0x00, 0xE8, 0xFF, 0xE6, 0x00, 0xE9, 0xFF, 0xE6,
    0x00, 0xEA, 0xFF, 0xE6, 0x00, 0xEB, 0xFF, 0xCE, 0x00, 0xEC, 0xFF, 0xCE, 0x00, 0xED, 0xFF, 0xCE,
    0x00, 0xEE, 0xFF, 0xCE, 0x00, 0xEF, 0xFF, 0xCE, 0x00, 0xF0, 0xFF, 0xCE, 0x00, 0xF1, 0xFF, 0xCE,
    0x00, 0xF2, 0xFF, 0xCE, 0x00, 0xF3, 0xFF, 0xCE, 0x00, 0xF4, 0xFF, 0xCE, 0x00, 0xF5, 0xFF, 0xF1,
    0x00, 0xF6, 0xFF, 0xF1, 0x00, 0xBF, 0x00, 0x0C, 0xFF, 0xEF, 0x00, 0x0D, 0xFF, 0xD4, 0x00, 0x0E,
    0xFF, 0xD4, 0x00, 0x0F, 0xFF, 0xD4, 0x00, 0x10, 0xFF, 0xD4, 0x00, 0x11, 0xFF, 0xD4, 0x00, 0x12,
    0xFF, 0xEF, 0x00, 0x13, 0xFF, 0xEF, 0x00, 0x14, 0xFF, 0xEF, 0x00, 0x15, 0xFF, 0xDF, 0x00, 0x16,
    0xFF, 0xEF, 0x00, 0x17, 0xFF, 0xEF, 0x00, 0x18, 0xFF, 0xEF, 0x00, 0x19, 0xFF, 0xEF, 0x00, 0x1A,
    0xFF, 0xEF, 0x00, 0x1B, 0xFF, 0xEF, 0x00, 0x1C, 0xFF, 0xEF, 0x00, 0x1D, 0xFF, 0xEF, 0x00, 0x1E,
    0xFF, 0xEF, 0x00, 0x1F, 0xFF, 0xEF, 0x00, 0x20, 0xFF, 0xD4, 0x00, 0x21, 0xFF, 0xD4, 0x00, 0x22,
    0xFF, 0xD4, 0x00, 0x23, 0xFF, 0xD4, 0x00, 0x24, 0xFF, 0xEF, 0x00, 0x25, 0xFF, 0xEF, 0x00, 0x27,
    0xFF, 0xE9, 0x00, 0x28, 0xFF, 0xE9, 0x00, 0x2A, 0x00, 0x0C, 0x00, 0x2B, 0x00, 0x11, 0x00, 0x30,
    0xFF, 0xD7, 0x00, 0x32, 0xFF, 0xEF, 0x00, 0x33, 0xFF, 0xEF, 0x00, 0x34, 0xFF, 0xEF, 0x00, 0x35,
    0xFF, 0xEF, 0x00, 0x36, 0xFF, 0xEF, 0x00, 0x37, 0xFF, 0xEF, 0x00, 0x38, 0xFF, 0xEF, 0x00, 0x39,
    0xFF, 0xE0, 0x00, 0x3A, 0xFF, 0xEF, 0x00, 0x3B, 0xFF, 0xEF, 0x00, 0x3C, 0xFF, 0xEF, 0x00, 0x3D,
    0xFF, 0xEF, 0x00, 0x3E, 0xFF, 0xEF, 0x00, 0x3F, 0xFF, 0xEF, 0x00, 0x40, 0xFF, 0xEF, 0x00, 0x41,
    0xFF, 0xD4, 0x00, 0x42, 0xFF, 0xD4, 0x00, 0x43, 0xFF, 0xD4, 0x00, 0x44, 0xFF, 0xD4, 0x00, 0x45,
    0xFF, 0xD4, 0x00, 0x46, 0xFF, 0xD4, 0x00, 0x47, 0xFF, 0xD4, 0x00, 0x48, 0xFF, 0xD4, 0x00, 0x49,
    0xFF, 0xD4, 0x00, 0x4A, 0xFF, 0xD4, 0x00, 0x4B, 0xFF, 0xEF, 0x00, 0x4C, 0xFF, 0xEF, 0x00, 0x4D,
    0xFF, 0xD4, 0x00, 0x4E, 0xFF, 0xEF, 0x00, 0x4F, 0xFF, 0xEF, 0x00, 0x50, 0xFF, 0xEF, 0x00, 0x51,
    0xFF, 0xEF, 0x00, 0x52, 0xFF, 0xDF, 0x00, 0x53, 0xFF, 0xDF, 0x00, 0x54, 0xFF, 0xDF, 0x00, 0x55,
    0xFF, 0xDF, 0x00, 0x56, 0xFF, 0xDF, 0x00, 0x57, 0xFF, 0xEF, 0x00, 0x5B, 0xFF, 0xE9, 0x00, 0x5C,
    0xFF, 0xE9, 0x00, 0x5D, 0xFF, 0xE9, 0x00, 0x5E, 0xFF, 0xE9, 0x00, 0x5F, 0xFF, 0xE9, 0x00, 0x60,
    0xFF, 0xE9, 0x00, 0x61, 0xFF, 0xE9, 0x00, 0x62, 0xFF, 0xE9, 0x00, 0x63, 0xFF, 0xE9, 0x00, 0x64,
    0xFF, 0xE9, 0x00, 0x75, 0xFF, 0xE7, 0x00, 0x76, 0xFF, 0xE7, 0x00, 0x77, 0xFF, 0xE7, 0x00, 0x78,
    0xFF, 0xE7, 0x00, 0x79, 0xFF, 0xE7, 0x00, 0x7A, 0xFF, 0xE7, 0x00, 0x7B, 0xFF, 0xE7, 0x00, 0x7C,
    0xFF, 0xE7, 0x00, 0x7D, 0xFF, 0xE7, 0x00, 0x7E, 0xFF, 0xE7, 0x00, 0x7F, 0xFF, 0xE7, 0x00, 0x81,
    0xFF, 0xDA, 0x00, 0x82, 0xFF, 0xDA, 0x00, 0x83, 0xFF, 0xDA, 0x00, 0x84, 0xFF, 0xDA, 0x00, 0x85,
    0xFF, 0xDA, 0x00, 0x86, 0xFF, 0xDA, 0x00, 0x87, 0xFF, 0xDA, 0x00, 0x88, 0xFF, 0xDA, 0x00, 0x89,
    0xFF, 0xDA, 0x00, 0x8A, 0xFF, 0xDA, 0x00, 0x8B, 0xFF, 0xDA, 0x00, 0x8C, 0xFF, 0xDA, 0x00, 0x8D,
    0xFF, 0xDA, 0x00, 0x8E, 0xFF, 0xDA, 0x00, 0x8F, 0xFF, 0xDA, 0x00, 0x90, 0xFF, 0xDA, 0x00, 0x91,
    0xFF, 0xDA, 0x00, 0x92, 0xFF, 0xDA, 0x00, 0x93, 0xFF, 0xE1, 0x00, 0x94, 0xFF, 0xF4, 0x00, 0x95,
    0xFF, 0xF4, 0x00, 0x96, 0xFF, 0xF4, 0x00, 0x97, 0xFF, 0xF4, 0x00, 0x9B, 0xFF, 0xEC, 0x00, 0x9D,
    0x00, 0x01, 0x00, 0x9E, 0x00, 0x0B, 0x00, 0xA0, 0x00, 0x01, 0x00, 0xA4, 0xFF, 0xF7, 0x00, 0xA5,
    0x00, 0x28, 0x00, 0xA6, 0x00, 0x1C, 0x00, 0xAA, 0xFF, 0xF6, 0x00, 0xAB, 0xFF, 0xF6, 0x00, 0xAC,
    0xFF, 0xF6, 0x00, 0xAD, 0xFF, 0xF6, 0x00, 0xAE, 0xFF, 0xF6, 0x00, 0xAF, 0xFF, 0xE5, 0x00, 0xB0,
    0xFF, 0xEC, 0x00, 0xB1, 0xFF, 0xEC, 0x00, 0xB2, 0xFF, 0xEC, 0x00, 0xB3, 0xFF, 0xEC, 0x00, 0xB4,
    0xFF, 0xEC, 0x00, 0xB5, 0xFF, 0xEC, 0x00, 0xB6, 0xFF, 0xEC, 0x00, 0xB7, 0xFF, 0xDA, 0x00, 0xB8,
    0xFF, 0xDA, 0x00, 0xB9, 0xFF, 0xDA, 0x00, 0xBA, 0xFF, 0xDA, 0x00, 0xBB, 0xFF, 0xDA, 0x00, 0xBC,
    0xFF, 0xDA, 0x00, 0xBD, 0xFF, 0xDA, 0x00, 0xBE, 0xFF, 0xDA, 0x00, 0xBF, 0xFF, 0xDA, 0x00, 0xC0,
    0xFF, 0xDA, 0x00, 0xC1, 0xFF, 0xEC, 0x00, 0xC3, 0xFF, 0xDA, 0x00, 0xC4, 0xFF, 0xEC, 0x00, 0xC5,
    0xFF, 0xEC, 0x00, 0xC6, 0xFF, 0xEC, 0x00, 0xC7, 0xFF, 0xEC, 0x00, 0xC8, 0xFF, 0xE2, 0x00, 0xC9,
    0xFF, 0xE2, 0x00, 0xCA, 0xFF, 0xE2, 0x00, 0xCB, 0xFF, 0xE2, 0x00, 0xCC, 0xFF, 0xE2, 0x00, 0xCD,
    0xFF, 0xF1, 0x00, 0xCE, 0xFF, 0xE0, 0x00, 0xCF, 0xFF, 0xE0, 0x00, 0xD0, 0xFF, 0xE0, 0x00, 0xD1,
    0xFF, 0xDE, 0x00, 0xD2, 0xFF, 0xDE, 0x00, 0xD3, 0xFF, 0xDE, 0x00, 0xD4, 0xFF, 0xDE, 0x00, 0xD5,
    0xFF, 0xDE, 0x00, 0xD6, 0xFF, 0xDE, 0x00, 0xD7, 0xFF, 0xDE, 0x00, 0xD8, 0xFF, 0xDE, 0x00, 0xD9,
    0xFF, 0xDE, 0x00, 0xDA, 0xFF, 0xDE, 0x00, 0xDB, 0xFF, 0xD6, 0x00, 0xDC, 0xFF, 0xD8, 0x00, 0xDD,
    0xFF, 0xD8, 0x00, 0xDE, 0xFF, 0xD8, 0x00, 0xDF, 0xFF, 0xD8, 0x00, 0xE0, 0xFF, 0xD8, 0x00, 0xE2,
    0xFF, 0xDB, 0x00, 0xE3, 0xFF, 0xDB, 0x00, 0xE4, 0xFF, 0xDB, 0x00, 0xE5, 0xFF, 0xDB, 0x00, 0xE6,
    0xFF, 0xDB, 0x00, 0xEB, 0xFF, 0xDA, 0x00, 0xEC, 0xFF, 0xDA, 0x00, 0xED, 0xFF, 0xDA, 0x00, 0xEE,
    0xFF, 0xDA, 0x00, 0xEF, 0xFF, 0xDA, 0x00, 0xF0, 0xFF, 0xDA, 0x00, 0xF1, 0xFF, 0xDA, 0x00, 0xF2,
    0xFF, 0xDA, 0x00, 0xF3, 0xFF, 0xDA, 0x00, 0xF4, 0xFF, 0xDA, 0x00, 0xF5, 0xFF, 0xE1, 0x00, 0xF6,
    0xFF, 0xE1, 0x00, 0xC1, 0x00, 0x01, 0xFF, 0xDD, 0x00, 0x02, 0xFF, 0xDD, 0x00, 0x03, 0xFF, 0xDD,
    0x00, 0x04, 0xFF, 0xDD, 0x00, 0x05, 0xFF, 0xDD, 0x00, 0x06, 0xFF, 0xDD, 0x00, 0x07, 0xFF, 0xDD,
    0x00, 0x08, 0xFF, 0xDD, 0x00, 0x09, 0xFF, 0xDD, 0x00, 0x0A, 0xFF, 0xDD, 0x00, 0x0B, 0xFF, 0xD3,
    0x00, 0x0C, 0xFF, 0xFF, 0x00, 0x0D, 0xFF, 0xF9, 0x00, 0x0E, 0xFF, 0xF9, 0x00, 0x0F, 0xFF, 0xF9,
    0x00, 0x10, 0xFF, 0xF9, 0x00, 0x11, 0xFF, 0xF9, 0x00, 0x12, 0xFF, 0xFF, 0x00, 0x13, 0xFF, 0xFF,
    0x00, 0x14, 0xFF, 0xFF, 0x00, 0x15, 0xFF, 0xF8, 0x00, 0x16, 0xFF, 0xFF, 0x00, 0x17, 0xFF, 0xFF,
    0x00, 0x18, 0xFF, 0xFF, 0x00, 0x19, 0xFF, 0xFF, 0x00, 0x1A, 0xFF, 0xFF, 0x00, 0x1B, 0xFF, 0xFF,
    0x00, 0x1C, 0xFF, 0xFF, 0x00, 0x1D, 0xFF, 0xFF, 0x00, 0x1E, 0xFF, 0xFF, 0x00, 0x1F, 0xFF, 0xFF,
    0x00, 0x20, 0xFF, 0xF9, 0x00, 0x21, 0xFF, 0xF9, 0x00, 0x22, 0xFF, 0xF9, 0x00, 0x23, 0xFF, 0xF9,
    0x00, 0x24, 0xFF, 0xFF, 0x00, 0x25, 0xFF, 0xFF, 0x00, 0x26, 0xFF, 0xE9, 0x00, 0x29, 0xFF, 0xE9,
    0x00, 0x2A, 0xFF, 0xE9, 0x00, 0x2B, 0xFF, 0xE9, 0x00, 0x2C, 0xFF, 0xE9, 0x00, 0x2D, 0xFF, 0xE9,
    0x00, 0x2E, 0xFF, 0xE9, 0x00, 0x2F, 0xFF, 0xE9, 0x00, 0x30, 0xFF, 0xE0, 0x00, 0x31, 0xFF, 0xE0,
    0x00, 0x32, 0xFF, 0xFF, 0x00, 0x33, 0xFF, 0xFF, 0x00, 0x34, 0xFF, 0xFF, 0x00, 0x35, 0xFF, 0xFF,
    0x00, 0x36, 0xFF, 0xFF, 0x00, 0x37, 0xFF, 0xFF, 0x00, 0x38, 0xFF, 0xFF, 0x00, 0x39, 0xFF, 0xEF,
    0x00, 0x3A, 0xFF, 0xFF, 0x00, 0x3B, 0xFF, 0xFF, 0x00, 0x3C, 0xFF, 0xFF, 0x00, 0x3D, 0xFF, 0xFF,
    0x00, 0x3E, 0xFF, 0xFF, 0x00, 0x3F, 0xFF, 0xFF, 0x00, 0x40, 0xFF, 0xFF, 0x00, 0x41, 0xFF, 0xF9,
    0x00, 0x42, 0xFF, 0xF9, 0x00, 0x43, 0xFF, 0xF9, 0x00, 0x44, 0xFF, 0xF9, 0x00, 0x45, 0xFF, 0xF9,
    0x00, 0x46, 0xFF, 0xF9, 0x00, 0x47, 0xFF, 0xF9, 0x00, 0x48, 0xFF, 0xF9, 0x00, 0x49, 0xFF, 0xF9,
    0x00, 0x4A, 0xFF, 0xF9, 0x00, 0x4B, 0xFF, 0xFF, 0x00, 0x4C, 0xFF, 0xFF, 0x00, 0x4D, 0xFF, 0xF9,
    0x00, 0x4E, 0xFF, 0xFF, 0x00, 0x4F, 0xFF, 0xFF, 0x00, 0x50, 0xFF, 0xFF, 0x00, 0x51, 0xFF, 0xFF,
    0x00, 0x52, 0xFF, 0xFF, 0x00, 0x53, 0xFF, 0xFF, 0x00, 0x54, 0xFF, 0xFF, 0x00, 0x55, 0xFF, 0xFF,
    0x00, 0x56, 0xFF, 0xFF, 0x00, 0x57, 0xFF, 0xFF, 0x00, 0x58, 0xFF, 0xB6, 0x00, 0x59, 0xFF, 0xB6,
    0x00, 0x5A, 0xFF, 0xB6, 0x00, 0x65, 0xFF, 0xF2, 0x00, 0x66, 0xFF, 0xFC, 0x00, 0x67, 0xFF, 0xFC,
    0x00, 0x68, 0xFF, 0xFC, 0x00, 0x69, 0xFF, 0xFC, 0x00, 0x6A, 0xFF, 0xFC, 0x00, 0x6B, 0xFF, 0xDE,
    0x00, 0x6C, 0xFF, 0xDE, 0x00, 0x6D, 0xFF, 0xDE, 0x00, 0x6E, 0xFF, 0xDE, 0x00, 0x6F, 0xFF, 0xDE,
    0x00, 0x70, 0xFF, 0xDE, 0x00, 0x71, 0xFF, 0xF3, 0x00, 0x72, 0xFF, 0xF3, 0x00, 0x73, 0xFF, 0xF3,
    0x00, 0x74, 0xFF, 0xF3, 0x00, 0x75, 0xFF, 0xF1, 0x00, 0x76, 0xFF, 0xF1, 0x00, 0x77, 0xFF, 0xF1,
    0x00, 0x78, 0xFF, 0xF1, 0x00, 0x79, 0xFF, 0xF1, 0x00, 0x7A, 0xFF, 0xF1, 0x00, 0x7B, 0xFF, 0xF1,
    0x00, 0x7C, 0xFF, 0xF1, 0x00, 0x7D, 0xFF, 0xF1, 0x00, 0x7E, 0xFF, 0xF1, 0x00, 0x7F, 0xFF, 0xF1,
    0x00, 0x81, 0xFF, 0xEF, 0x00, 0x82, 0xFF, 0xEF, 0x00, 0x83, 0xFF, 0xEF, 0x00, 0x84, 0xFF, 0xEF,
    0x00, 0x85, 0xFF, 0xEF, 0x00, 0x86, 0xFF, 0xF1, 0x00, 0x87, 0xFF, 0xF1, 0x00, 0x88, 0xFF, 0xF1,
    0x00, 0x89, 0xFF, 0xE9, 0x00, 0x8A, 0xFF, 0xEF, 0x00, 0x8B, 0xFF, 0xEF, 0x00, 0x8C, 0xFF, 0xEF,
    0x00, 0x8D, 0xFF, 0xEF, 0x00, 0x8E, 0xFF, 0xEF, 0x00, 0x8F, 0xFF, 0xEF, 0x00, 0x90, 0xFF, 0xEF,
    0x00, 0x91, 0xFF, 0xEF, 0x00, 0x92, 0xFF, 0xEF, 0x00, 0x94, 0xFF, 0xF2, 0x00, 0x95, 0xFF, 0xF2,
    0x00, 0x96, 0xFF, 0xF2, 0x00, 0x97, 0xFF, 0xF2, 0x00, 0xAF, 0xFF, 0xF5, 0x00, 0xB7, 0xFF, 0xEF,
    0x00, 0xB8, 0xFF, 0xEF, 0x00, 0xB9, 0xFF, 0xEF, 0x00, 0xBA, 0xFF, 0xEF, 0x00, 0xBB, 0xFF, 0xEF,
    0x00, 0xBC, 0xFF, 0xEF, 0x00, 0xBD, 0xFF, 0xEF, 0x00, 0xBE, 0xFF, 0xEF, 0x00, 0xBF, 0xFF, 0xEF,
    0x00, 0xC0, 0xFF, 0xEF, 0x00, 0xC3, 0xFF, 0xF1, 0x00, 0xC8, 0xFF, 0xF5, 0x00, 0xC9, 0xFF, 0xF5,
    0x00, 0xCA, 0xFF, 0xF5, 0x00, 0xCB, 0xFF, 0xF5, 0x00, 0xCC, 0xFF, 0xF5, 0x00, 0xEB, 0xFF, 0xF1,
    0x00, 0xEC, 0xFF, 0xF1, 0x00, 0xED, 0xFF, 0xF1, 0x00, 0xEE, 0xFF, 0xF1, 0x00, 0xEF, 0xFF, 0xF1,
    0x00, 0xF0, 0xFF, 0xF1, 0x00, 0xF1, 0xFF, 0xF1, 0x00, 0xF2, 0xFF, 0xF1, 0x00, 0xF3, 0xFF, 0xF1,
    0x00, 0xF4, 0xFF, 0xF1, 0x00, 0xFA, 0xFF, 0xFA, 0x00, 0xFC, 0xFF, 0xFB, 0x00, 0xFE, 0xFF, 0xE5,
    0x01, 0x00, 0xFF, 0xFA, 0x01, 0x02, 0xFF, 0xFF, 0x01, 0x04, 0xFF, 0xFA, 0x01, 0x13, 0xFF, 0xEA,
    0x01, 0x14, 0xFF, 0xEA, 0x01, 0x17, 0xFF, 0xB7, 0x01, 0x18, 0xFF, 0xB7, 0x01, 0x1B, 0xFF, 0xB7,
    0x01, 0x1E, 0x00, 0x0C, 0x01, 0x20, 0xFF, 0xE1, 0x01, 0x24, 0xFF, 0xCA, 0x01, 0x25, 0xFF, 0xEC,
    0x01, 0x2A, 0xFF, 0xDE, 0x01, 0x2B, 0xFF, 0xDE, 0x01, 0x2C, 0xFF, 0xDE, 0x01, 0x2D, 0xFF, 0xC6,
    0x01, 0x2F, 0xFF, 0xD6, 0x01, 0x31, 0xFF, 0xDD, 0x01, 0x33, 0xFF, 0xDC, 0x01, 0x34, 0xFF, 0xB7,
    0x01, 0x35, 0xFF, 0xB7, 0x01, 0x3A, 0xFF, 0xE5, 0x01, 0x3C, 0xFF, 0xE5, 0x01, 0x45, 0xFF, 0xE4,
    0x01, 0x4A, 0xFF, 0xD8, 0x01, 0x4E, 0x00, 0x0E, 0x00, 0xD1, 0x00, 0x0C, 0xFF, 0xF6, 0x00, 0x0D,
    0xFF, 0xDF, 0x00, 0x0E, 0xFF, 0xDF, 0x00, 0x0F, 0xFF, 0xDF, 0x00, 0x10, 0xFF, 0xDF, 0x00, 0x11,
    0xFF, 0xDF, 0x00, 0x12, 0xFF, 0xF6, 0x00, 0x13, 0xFF, 0xF6, 0x00, 0x14, 0xFF, 0xF6, 0x00, 0x15,
    0xFF, 0xE6, 0x00, 0x16, 0xFF, 0xF6, 0x00, 0x17, 0xFF, 0xF6, 0x00, 0x18, 0xFF, 0xF6, 0x00, 0x19,
    0xFF, 0xF6, 0x00, 0x1A, 0xFF, 0xF6, 0x00, 0x1B, 0xFF, 0xF6, 0x00, 0x1C, 0xFF, 0xF6, 0x00, 0x1D,
    0xFF, 0xF6, 0x00, 0x1E, 0xFF, 0xF6, 0x00, 0x1F, 0xFF, 0xF6, 0x00, 0x20, 0xFF, 0xDF, 0x00, 0x21,
    0xFF, 0xDF, 0x00, 0x22, 0xFF, 0xDF, 0x00, 0x23, 0xFF, 0xDF, 0x00, 0x24, 0xFF, 0xF6, 0x00, 0x25,
    0xFF, 0xF6, 0x00, 0x27, 0xFF, 0xE1, 0x00, 0x28, 0xFF, 0xE1, 0x00, 0x30, 0xFF, 0xF2, 0x00, 0x32,
    0xFF, 0xF6, 0x00, 0x33, 0xFF, 0xF6, 0x00, 0x34, 0xFF, 0xF6, 0x00, 0x35, 0xFF, 0xF6, 0x00, 0x36,
    0xFF, 0xF6, 0x00, 0x37, 0xFF, 0xF6, 0x00, 0x38, 0xFF, 0xF6, 0x00, 0x3A, 0xFF, 0xF6, 0x00, 0x3B,
    0xFF, 0xF6, 0x00, 0x3C, 0xFF, 0xF6, 0x00, 0x3D, 0xFF, 0xF6, 0x00, 0x3E, 0xFF, 0xF6, 0x00, 0x3F,
    0xFF, 0xF6, 0x00, 0x40, 0xFF, 0xF6, 0x00, 0x41, 0xFF, 0xDF, 0x00, 0x42, 0xFF, 0xDF, 0x00, 0x43,
    0xFF, 0xDF, 0x00, 0x44, 0xFF, 0xDF, 0x00, 0x45, 0xFF, 0xDF, 0x00, 0x46, 0xFF, 0xDF, 0x00, 0x47,
    0xFF, 0xDF, 0x00, 0x48, 0xFF, 0xDF, 0x00, 0x49, 0xFF, 0xDF, 0x00, 0x4A, 0xFF, 0xDF, 0x00, 0x4B,
    0xFF, 0xF6, 0x00, 0x4C, 0xFF, 0xF6, 0x00, 0x4D, 0xFF, 0xDF, 0x00, 0x4E, 0xFF, 0xF6, 0x00, 0x4F,
    0xFF, 0xF6, 0x00, 0x50, 0xFF, 0xF6, 0x00, 0x51, 0xFF, 0xF6, 0x00, 0x52, 0xFF, 0xEA, 0x00, 0x53,
    0xFF, 0xEA, 0x00, 0x54, 0xFF, 0xEA, 0x00, 0x55, 0xFF, 0xEA, 0x00, 0x56, 0xFF, 0xEA, 0x00, 0x57,
    0xFF, 0xF6, 0x00, 0x58, 0xFF, 0xB6, 0x00, 0x59, 0xFF, 0xB6, 0x00, 0x5A, 0xFF, 0xB6, 0x00, 0x5B,
    0xFF, 0xE1, 0x00, 0x5C, 0xFF, 0xE1, 0x00, 0x5D, 0xFF, 0xE1, 0x00, 0x5E, 0xFF, 0xE1, 0x00, 0x5F,
    0xFF, 0xE1, 0x00, 0x60, 0xFF, 0xE1, 0x00, 0x61, 0xFF, 0xE1, 0x00, 0x62, 0xFF, 0xE1, 0x00, 0x63,
    0xFF, 0xE1, 0x00, 0x64, 0xFF, 0xE1, 0x00, 0x65, 0xFF, 0xB9, 0x00, 0x66, 0xFF, 0xC9, 0x00, 0x67,
    0xFF, 0xC9, 0x00, 0x68, 0xFF, 0xC9, 0x00, 0x69, 0xFF, 0xC9, 0x00, 0x6A, 0xFF, 0xC9, 0x00, 0x6C,
    0xFF, 0xB1, 0x00, 0x6D, 0xFF, 0xB1, 0x00, 0x6E, 0xFF, 0xB1, 0x00, 0x6F, 0xFF, 0xB1, 0x00, 0x70,
    0xFF, 0xB1, 0x00, 0x75, 0xFF, 0xF7, 0x00, 0x76, 0xFF, 0xF7, 0x00, 0x77, 0xFF, 0xF7, 0x00, 0x78,
    0xFF, 0xF7, 0x00, 0x79, 0xFF, 0xF7, 0x00, 0x7A, 0xFF, 0xF7, 0x00, 0x7B, 0xFF, 0xF7, 0x00, 0x7C,
    0xFF, 0xF7, 0x00, 0x7D, 0xFF, 0xF7, 0x00, 0x7E, 0xFF, 0xF7, 0x00, 0x7F, 0xFF, 0xF7, 0x00, 0x80,
    0xFF, 0xF7, 0x00, 0x81, 0xFF, 0xE7, 0x00, 0x82, 0xFF, 0xE7, 0x00, 0x83, 0xFF, 0xE7, 0x00, 0x84,
    0xFF, 0xE7, 0x00, 0x85, 0xFF, 0xE7, 0x00, 0x86, 0xFF, 0xE8, 0x00, 0x87, 0xFF, 0xE8, 0x00, 0x88,
    0xFF, 0xE8, 0x00, 0x89, 0xFF, 0xE7, 0x00, 0x8A, 0xFF, 0xE7, 0x00, 0x8B, 0xFF, 0xE7, 0x00, 0x8C,
    0xFF, 0xE7, 0x00, 0x8D, 0xFF, 0xE7, 0x00, 0x8E, 0xFF, 0xE7, 0x00, 0x8F, 0xFF, 0xE7, 0x00, 0x90,
    0xFF, 0xE7, 0x00, 0x91, 0xFF, 0xE7, 0x00, 0x92, 0xFF, 0xE7, 0x00, 0x93, 0xFF, 0xD8, 0x00, 0x98,
    0xFF, 0xF7, 0x00, 0x99, 0xFF, 0xF7, 0x00, 0x9A, 0xFF, 0xF7, 0x00, 0x9B, 0xFF, 0xF7, 0x00, 0x9C,
    0xFF, 0xF7, 0x00, 0x9D, 0xFF, 0xF7, 0x00, 0x9E, 0xFF, 0xF7, 0x00, 0x9F, 0xFF, 0xF7, 0x00, 0xA0,
    0xFF, 0xF7, 0x00, 0xA1, 0xFF, 0xF7, 0x00, 0xA2, 0xFF, 0xF7, 0x00, 0xA3, 0xFF, 0xF7, 0x00, 0xA4,
    0xFF, 0xF7, 0x00, 0xA5, 0x00, 0x25, 0x00, 0xA6, 0xFF, 0xF7, 0x00, 0xA8, 0xFF, 0xF7, 0x00, 0xA9,
    0xFF, 0xF7, 0x00, 0xAA, 0xFF, 0xF3, 0x00, 0xAB, 0xFF, 0xF3, 0x00, 0xAC, 0xFF, 0xF3, 0x00, 0xAD,
    0xFF, 0xF3, 0x00, 0xAE, 0xFF, 0xF3, 0x00, 0xB0, 0xFF, 0xF7, 0x00, 0xB1, 0xFF, 0xF7, 0x00, 0xB2,
    0xFF, 0xF7, 0x00, 0xB3, 0xFF, 0xF7, 0x00, 0xB4, 0xFF, 0xF7, 0x00, 0xB5, 0xFF, 0xF7, 0x00, 0xB6,
    0xFF, 0xF7, 0x00, 0xB7, 0xFF, 0xE7, 0x00, 0xB8, 0xFF, 0xE7, 0x00, 0xB9, 0xFF, 0xE7, 0x00, 0xBA,
    0xFF, 0xE7, 0x00, 0xBB, 0xFF, 0xE7, 0x00, 0xBC, 0xFF, 0xE7, 0x00, 0xBD, 0xFF, 0xE7, 0x00, 0xBE,
    0xFF, 0xE7, 0x00, 0xBF, 0xFF, 0xE7, 0x00, 0xC0, 0xFF, 0xE7, 0x00, 0xC1, 0xFF, 0xF7, 0x00, 0xC2,
    0xFF, 0xF7, 0x00, 0xC3, 0xFF, 0xE8, 0x00, 0xC4, 0xFF, 0xF7, 0x00, 0xC5, 0xFF, 0xF7, 0x00, 0xC6,
    0xFF, 0xF7, 0x00, 0xC7, 0xFF, 0xF7, 0x00, 0xC8, 0xFF, 0xEF, 0x00, 0xC9, 0xFF, 0xEF, 0x00, 0xCA,
    0xFF, 0xEF, 0x00, 0xCB, 0xFF, 0xEF, 0x00, 0xCC, 0xFF, 0xEF, 0x00, 0xCD, 0xFF, 0xF7, 0x00, 0xCE,
    0xFF, 0xD6, 0x00, 0xCF, 0xFF, 0xD6, 0x00, 0xD0, 0xFF, 0xD6, 0x00, 0xD1, 0xFF, 0xE6, 0x00, 0xD2,
    0xFF, 0xE6, 0x00, 0xD3, 0xFF, 0xE6, 0x00, 0xD4, 0xFF, 0xE6, 0x00, 0xD5, 0xFF, 0xE6, 0x00, 0xD6,
    0xFF, 0xE6, 0x00, 0xD7, 0xFF, 0xE6, 0x00, 0xD8, 0xFF, 0xE6, 0x00, 0xD9, 0xFF, 0xE6, 0x00, 0xDA,
    0xFF, 0xE6, 0x00, 0xDB, 0xFF, 0xCA, 0x00, 0xDC, 0xFF, 0xD4, 0x00, 0xDD, 0xFF, 0xD4, 0x00, 0xDE,
    0xFF, 0xD4, 0x00, 0xDF, 0xFF, 0xD4, 0x00, 0xE0, 0xFF, 0xD4, 0x00, 0xE2, 0xFF, 0xCF, 0x00, 0xE3,
    0xFF, 0xCF, 0x00, 0xE4, 0xFF, 0xCF, 0x00, 0xE5, 0xFF, 0xCF, 0x00, 0xE6, 0xFF, 0xCF, 0x00, 0xEB,
    0xFF, 0xE8, 0x00, 0xEC, 0xFF, 0xE8, 0x00, 0xED, 0xFF, 0xE8, 0x00, 0xEE, 0xFF, 0xE8, 0x00, 0xEF,
    0xFF, 0xE8, 0x00, 0xF0, 0xFF, 0xE8, 0x00, 0xF1, 0xFF, 0xE8, 0x00, 0xF2, 0xFF, 0xE8, 0x00, 0xF3,
    0xFF, 0xE8, 0x00, 0xF4, 0xFF, 0xE8, 0x00, 0xF5, 0xFF, 0xD8, 0x00, 0xF6, 0xFF, 0xD8, 0x00, 0x02,
    0x00, 0x15, 0x00, 0x01, 0x00, 0x0B, 0x00, 0x00, 0x00, 0x0D, 0x00, 0x1E, 0x00, 0x0B, 0x00, 0x20,
    0x00, 0x4A, 0x00, 0x1D, 0x00, 0x4D, 0x00, 0x56, 0x00, 0x48, 0x00, 0x58, 0x00, 0x64, 0x00, 0x52,
    0x00, 0x66, 0x00, 0x6A, 0x00, 0x5F, 0x00, 0x6C, 0x00, 0x85, 0x00, 0x64, 0x00, 0x87, 0x00, 0x87,
    0x00, 0x7E, 0x00, 0x8A, 0x00, 0xA6, 0x00, 0x7F, 0x00, 0xA8, 0x00, 0xAB, 0x00, 0x9C, 0x00, 0xAD,
    0x00, 0xAD, 0x00, 0xA0, 0x00, 0xB0, 0x00, 0xCC, 0x00, 0xA1, 0x00, 0xCE, 0x00, 0xDA, 0x00, 0xBE,
    0x00, 0xDC, 0x00, 0xE0, 0x00, 0xCB, 0x00, 0xE2, 0x00, 0xF6, 0x00, 0xD0, 0x00, 0xFA, 0x00, 0xFA,
    0x00, 0xE5, 0x01, 0x04, 0x01, 0x04, 0x00, 0xE6, 0x01, 0x13, 0x01, 0x14, 0x00, 0xE7, 0x01, 0x17,
    0x01, 0x1B, 0x00, 0xE9, 0x01, 0x2A, 0x01, 0x2C, 0x00, 0xEE, 0x01, 0x34, 0x01, 0x3F, 0x00, 0xF1,
    0x00, 0x02, 0x00, 0x44, 0x00, 0x01, 0x00, 0x0A, 0x00, 0x03, 0x00, 0x0B, 0x00, 0x0B, 0x00, 0x01,
    0x00, 0x0D, 0x00, 0x11, 0x00, 0x0E, 0x00, 0x12, 0x00, 0x15, 0x00, 0x18, 0x00, 0x16, 0x00, 0x1E,
    0x00, 0x01, 0x00, 0x20, 0x00, 0x23, 0x00, 0x19, 0x00, 0x24, 0x00, 0x25, 0x00, 0x09, 0x00, 0x26,
    0x00, 0x26, 0x00, 0x0C, 0x00, 0x27, 0x00, 0x28, 0x00, 0x1F, 0x00, 0x29, 0x00, 0x2F, 0x00, 0x0C,
    0x00, 0x30, 0x00, 0x30, 0x00, 0x1F, 0x00, 0x31, 0x00, 0x31, 0x00, 0x2E, 0x00, 0x32, 0x00, 0x33,
    0x00, 0x24, 0x00, 0x34, 0x00, 0x39, 0x00, 0x0D, 0x00, 0x3A, 0x00, 0x40, 0x00, 0x09, 0x00, 0x41,
    0x00, 0x49, 0x00, 0x04, 0x00, 0x4A, 0x00, 0x4A, 0x00, 0x01, 0x00, 0x4D, 0x00, 0x4D, 0x00, 0x04,
    0x00, 0x4E, 0x00, 0x51, 0x00, 0x1A, 0x00, 0x52, 0x00, 0x56, 0x00, 0x0F, 0x00, 0x58, 0x00, 0x5A,
    0x00, 0x20, 0x00, 0x5B, 0x00, 0x64, 0x00, 0x05, 0x00, 0x66, 0x00, 0x6A, 0x00, 0x10, 0x00, 0x6C,
    0x00, 0x70, 0x00, 0x11, 0x00, 0x71, 0x00, 0x74, 0x00, 0x1B, 0x00, 0x75, 0x00, 0x7E, 0x00, 0x06,
    0x00, 0x7F, 0x00, 0x7F, 0x00, 0x02, 0x00, 0x80, 0x00, 0x80, 0x00, 0x21, 0x00, 0x81, 0x00, 0x85,
    0x00, 0x12, 0x00, 0x87, 0x00, 0x87, 0x00, 0x2F, 0x00, 0x8A, 0x00, 0x92, 0x00, 0x02, 0x00, 0x93,
    0x00, 0x93, 0x00, 0x30, 0x00, 0x94, 0x00, 0x97, 0x00, 0x14, 0x00, 0x98, 0x00, 0x99, 0x00, 0x0A,
    0x00, 0xA8, 0x00, 0xA9, 0x00, 0x28, 0x00, 0xAA, 0x00, 0xAB, 0x00, 0x1C, 0x00, 0xAD, 0x00, 0xAD,
    0x00, 0x1C, 0x00, 0xB0, 0x00, 0xB6, 0x00, 0x0A, 0x00, 0xB7, 0x00, 0xBF, 0x00, 0x0B, 0x00, 0xC0,
    0x00, 0xC0, 0x00, 0x02, 0x00, 0xC1, 0x00, 0xC2, 0x00, 0x21, 0x00, 0xC3, 0x00, 0xC3, 0x00, 0x14,
    0x00, 0xC4, 0x00, 0xC7, 0x00, 0x1D, 0x00, 0xC8, 0x00, 0xCC, 0x00, 0x15, 0x00, 0xCE, 0x00, 0xD0,
    0x00, 0x23, 0x00, 0xD1, 0x00, 0xDA, 0x00, 0x08, 0x00, 0xDC, 0x00, 0xE0, 0x00, 0x16, 0x00, 0xE2,
    0x00, 0xE6, 0x00, 0x17, 0x00, 0xE7, 0x00, 0xEA, 0x00, 0x1E, 0x00, 0xEB, 0x00, 0xF4, 0x00, 0x07,
    0x00, 0xF6, 0x00, 0xF6, 0x00, 0x1C, 0x00, 0xFA, 0x00, 0xFA, 0x00, 0x2D, 0x01, 0x04, 0x01, 0x04,
    0x00, 0x2D, 0x01, 0x13, 0x01, 0x14, 0x00, 0x29, 0x01, 0x17, 0x01, 0x18, 0x00, 0x13, 0x01, 0x19,
    0x01, 0x1A, 0x00, 0x25, 0x01, 0x1B, 0x01, 0x1B, 0x00, 0x13, 0x01, 0x2A, 0x01, 0x2C, 0x00, 0x22,
    0x01, 0x34, 0x01, 0x35, 0x00, 0x13, 0x01, 0x36, 0x01, 0x36, 0x00, 0x2B, 0x01, 0x37, 0x01, 0x37,
    0x00, 0x2C, 0x01, 0x38, 0x01, 0x38, 0x00, 0x2B, 0x01, 0x39, 0x01, 0x39, 0x00, 0x2C, 0x01, 0x3A,
    0x01, 0x3A, 0x00, 0x26, 0x01, 0x3B, 0x01, 0x3B, 0x00, 0x27, 0x01, 0x3C, 0x01, 0x3C, 0x00, 0x26,
    0x01, 0x3D, 0x01, 0x3D, 0x00, 0x27, 0x01, 0x3E, 0x01, 0x3F, 0x00, 0x2A, 0x00, 0x02, 0x00, 0x44,
    0x00, 0x01, 0x00, 0x0A, 0x00, 0x09, 0x00, 0x0C, 0x00, 0x0C, 0x00, 0x01, 0x00, 0x0D, 0x00, 0x11,
    0x00, 0x03, 0x00, 0x12, 0x00, 0x1F, 0x00, 0x01, 0x00, 0x20, 0x00, 0x23, 0x00, 0x03, 0x00, 0x24,
    0x00, 0x25, 0x00, 0x01, 0x00, 0x26, 0x00, 0x26, 0x00, 0x0B, 0x00, 0x27, 0x00, 0x28, 0x00, 0x06,
    0x00, 0x29, 0x00, 0x2F, 0x00, 0x0B, 0x00, 0x30, 0x00, 0x30, 0x00, 0x24, 0x00, 0x31, 0x00, 0x31,
    0x00, 0x25, 0x00, 0x32, 0x00, 0x38, 0x00, 0x01, 0x00, 0x3A, 0x00, 0x40, 0x00, 0x01, 0x00, 0x41,
    0x00, 0x4A, 0x00, 0x03, 0x00, 0x4B, 0x00, 0x4C, 0x00, 0x01, 0x00, 0x4D, 0x00, 0x4D, 0x00, 0x03,
    0x00, 0x4E, 0x00, 0x51, 0x00, 0x01, 0x00, 0x52, 0x00, 0x56, 0x00, 0x0D, 0x00, 0x57, 0x00, 0x57,
    0x00, 0x01, 0x00, 0x58, 0x00, 0x5A, 0x00, 0x18, 0x00, 0x5B, 0x00, 0x64, 0x00, 0x06, 0x00, 0x66,
    0x00, 0x6A, 0x00, 0x0E, 0x00, 0x6C, 0x00, 0x70, 0x00, 0x0F, 0x00, 0x71, 0x00, 0x74, 0x00, 0x15,
    0x00, 0x75, 0x00, 0x7F, 0x00, 0x08, 0x00, 0x80, 0x00, 0x80, 0x00, 0x0C, 0x00, 0x81, 0x00, 0x85,
    0x00, 0x02, 0x00, 0x86, 0x00, 0x88, 0x00, 0x04, 0x00, 0x8A, 0x00, 0x92, 0x00, 0x02, 0x00, 0x93,
    0x00, 0x93, 0x00, 0x1A, 0x00, 0x94, 0x00, 0x97, 0x00, 0x16, 0x00, 0x98, 0x00, 0x99, 0x00, 0x0C,
    0x00, 0x9A, 0x00, 0xA6, 0x00, 0x05, 0x00, 0xA7, 0x00, 0xA7, 0x00, 0x26, 0x00, 0xA8, 0x00, 0xA9,
    0x00, 0x0C, 0x00, 0xAA, 0x00, 0xAE, 0x00, 0x11, 0x00, 0xB0, 0x00, 0xB6, 0x00, 0x07, 0x00, 0xB7,
    0x00, 0xC0, 0x00, 0x02, 0x00, 0xC1, 0x00, 0xC1, 0x00, 0x07, 0x00, 0xC2, 0x00, 0xC2, 0x00, 0x0C,
    0x00, 0xC3, 0x00, 0xC3, 0x00, 0x04, 0x00, 0xC4, 0x00, 0xC7, 0x00, 0x07, 0x00, 0xC8, 0x00, 0xCC,
    0x00, 0x12, 0x00, 0xCD, 0x00, 0xCD, 0x00, 0x0C, 0x00, 0xCE, 0x00, 0xD0, 0x00, 0x1B, 0x00, 0xD1,
    0x00, 0xDA, 0x00, 0x0A, 0x00, 0xDC, 0x00, 0xE0, 0x00, 0x13, 0x00, 0xE2, 0x00, 0xE6, 0x00, 0x14,
    0x00, 0xE7, 0x00, 0xEA, 0x00, 0x17, 0x00, 0xEB, 0x00, 0xF4, 0x00, 0x04, 0x00, 0xF5, 0x00, 0xF6,
    0x00, 0x1A, 0x00, 0xFA, 0x00, 0xFA, 0x00, 0x23, 0x01, 0x04, 0x01, 0x04, 0x00, 0x23, 0x01, 0x13,
    0x01, 0x14, 0x00, 0x1F, 0x01, 0x17, 0x01, 0x18, 0x00, 0x10, 0x01, 0x19, 0x01, 0x1A, 0x00, 0x1C,
    0x01, 0x1B, 0x01, 0x1B, 0x00, 0x10, 0x01, 0x2A, 0x01, 0x2C, 0x00, 0x19, 0x01, 0x34, 0x01, 0x35,
    0x00, 0x10, 0x01, 0x36, 0x01, 0x36, 0x00, 0x21, 0x01, 0x37, 0x01, 0x37, 0x00, 0x22, 0x01, 0x38,
    0x01, 0x38, 0x00, 0x21, 0x01, 0x39, 0x01, 0x39, 0x00, 0x22, 0x01, 0x3A, 0x01, 0x3A, 0x00, 0x1D,
    0x01, 0x3B, 0x01, 0x3B, 0x00, 0x1E, 0x01, 0x3C, 0x01, 0x3C, 0x00, 0x1D, 0x01, 0x3D, 0x01, 0x3D,
    0x00, 0x1E, 0x01, 0x3E, 0x01, 0x3F, 0x00, 0x20, 0x00, 0x01, 0x00, 0xC8, 0x00, 0x00, 0x00, 0x01,
    0x00, 0x00, 0x02, 0xD2, 0x00, 0x01, 0x00, 0x00, 0x02, 0xB2, 0x00, 0x03, 0x00, 0x3E, 0x00, 0x00,
    0x02, 0x5E, 0x00, 0x00, 0x00, 0x03, 0x02, 0x0F, 0x02, 0xD2, 0x02, 0x66, 0x00, 0x00, 0x00, 0x03,
    0x02, 0x46, 0x02, 0xD2, 0x02, 0x44, 0x00, 0x00, 0x00, 0x03, 0x00, 0x9B, 0x02, 0xD2, 0x02, 0x46,
    0x00, 0x00, 0x00, 0x03, 0x00, 0xDB, 0x02, 0xD2, 0x02, 0x42, 0x00, 0x00, 0x00, 0x01, 0x01, 0x63,
    0x00, 0x00, 0x00, 0x01, 0x01, 0x27, 0x00, 0x00, 0x00, 0x01, 0x01, 0x15, 0x00, 0x00, 0x00, 0x03,
    0x01, 0x63, 0x00, 0x00, 0x02, 0x3E, 0x00, 0x00, 0x00, 0x03, 0x01, 0x56, 0x00, 0x00, 0x02, 0x2E,
    0x00, 0x00, 0x00, 0x03, 0x01, 0x46, 0x00, 0x00, 0x02, 0x00, 0x00, 0x00, 0x00, 0x03, 0x01, 0x29,
    0x00, 0x00, 0x02, 0x26, 0x00, 0x00, 0x00, 0x03, 0x00, 0x7D, 0x00, 0x00, 0x02, 0x0A, 0x00, 0x00,
    0x00, 0x01, 0x00, 0x00, 0x02, 0x16, 0x00, 0x01, 0x00, 0xC8, 0x02, 0x16, 0x00, 0x01, 0x00, 0xC8,
    0x02, 0x8A, 0x00, 0x03, 0x00, 0x8C, 0x02, 0x16, 0x02, 0x06, 0x00, 0x00, 0x00, 0x03, 0x02, 0x7A,
    0x00, 0x00, 0x02, 0x02, 0x00, 0x00, 0x00, 0x03, 0x03, 0x8A, 0x00, 0x00, 0x01, 0xFE, 0x00, 0x00,
    0x00, 0x03, 0x02, 0x2F, 0x00, 0x00, 0x01, 0xF4, 0x00, 0x00, 0x00, 0x03, 0x01, 0x44, 0x00, 0x00,
    0x01, 0xFC, 0x00, 0x00, 0x00, 0x03, 0x03, 0xCB, 0x00, 0x00, 0x01, 0xE0, 0x00, 0x00, 0x00, 0x03,
    0x01, 0xBA, 0x00, 0x00, 0x01, 0xEE, 0x00, 0x00, 0x00, 0x03, 0x01, 0xE1, 0x00, 0x00, 0x01, 0xD8,
    0x00, 0x00, 0x00, 0x03, 0x01, 0xCB, 0x00, 0x00, 0x01, 0xC8, 0x00, 0x00, 0x00, 0x03, 0x01, 0xF8,
    0x00, 0x00, 0x01, 0x8E, 0x00, 0x00, 0x00, 0x03, 0x02, 0x0A, 0x00, 0x00, 0x01, 0xBA, 0x00, 0x00,
    0x00, 0x01, 0x01, 0x4D, 0x02, 0xB2, 0x00, 0x01, 0x01, 0x63, 0x02, 0xB2, 0x00, 0x01, 0x01, 0x54,
    0x02, 0xB2, 0x00, 0x01, 0x01, 0x64, 0x02, 0xB2, 0x00, 0x01, 0x01, 0x60, 0x02, 0xB2, 0x00, 0x01,
    0x01, 0x6D, 0x02, 0xB2, 0x00, 0x01, 0x01, 0x69, 0x02, 0xB2, 0x00, 0x01, 0x01, 0x27, 0x02, 0xB2,
    0x00, 0x01, 0x01, 0x29, 0x02, 0xB2, 0x00, 0x01, 0x01, 0x31, 0x02, 0x16, 0x00, 0x01, 0x01, 0x2F,
    0x02, 0x16, 0x00, 0x01, 0x01, 0x0B, 0x02, 0x16, 0x00, 0x01, 0x01, 0x0E, 0x02, 0x16, 0x00, 0x01,
    0x01, 0x00, 0x02, 0x16, 0x00, 0x03, 0x02, 0xAD, 0x02, 0xB2, 0x01, 0x0E, 0x00, 0x00, 0x00, 0x03,
    0x01, 0x48, 0x02, 0xB2, 0x01, 0x64, 0x00, 0x00, 0x00, 0x03, 0x00, 0xB9, 0x02, 0xB2, 0x01, 0x2A,
    0x00, 0x00, 0x00, 0x03, 0x01, 0xE6, 0x02, 0xB2, 0x01, 0x56, 0x00, 0x00, 0x00, 0x03, 0x00, 0x9D,
    0x02, 0xB2, 0x01, 0x3A, 0x00, 0x00, 0x00, 0x03, 0x02, 0xEE, 0x02, 0xB2, 0x00, 0xDC, 0x00, 0x00,
    0x00, 0x03, 0x01, 0x48, 0x02, 0xB2, 0x00, 0xF6, 0x00, 0x00, 0x00, 0x03, 0x01, 0x3D, 0x02, 0xB2,
    0x00, 0xF8, 0x00, 0x00, 0x00, 0x03, 0x01, 0x5E, 0x02, 0xB2, 0x00, 0xE8, 0x00, 0x00, 0x00, 0x03,
    0x01, 0xE4, 0x02, 0xB2, 0x01, 0x20, 0x00, 0x00, 0x00, 0x03, 0x01, 0x43, 0x02, 0xB2, 0x01, 0x16,
    0x00, 0x00, 0x00, 0x03, 0x01, 0x0A, 0x02, 0x16, 0x00, 0xD0, 0x00, 0x00, 0x00, 0x03, 0x01, 0xBC,
    0x02, 0x16, 0x00, 0xEA, 0x00, 0x00, 0x00, 0x03, 0x01, 0x29, 0x02, 0x16, 0x00, 0xBC, 0x00, 0x00,
    0x00, 0x03, 0x01, 0x2D, 0x02, 0x16, 0x00, 0x82, 0x00, 0x00, 0x00, 0x03, 0x01, 0x21, 0x02, 0x16,
    0x00, 0xCC, 0x00, 0x00, 0x00, 0x03, 0x00, 0xA3, 0x02, 0x16, 0x00, 0xD4, 0x00, 0x00, 0x00, 0x03,
    0x01, 0xC9, 0x02, 0x16, 0x00, 0xCA, 0x00, 0x00, 0x00, 0x03, 0x00, 0xA6, 0x02, 0x16, 0x00, 0xC0,
    0x00, 0x00, 0x00, 0x03, 0x00, 0x8F, 0x02, 0xD2, 0x00, 0xA4, 0x00, 0x00, 0x00, 0x03, 0x01, 0x2F,
    0x02, 0x16, 0x00, 0x46, 0x00, 0x00, 0x00, 0x03, 0x01, 0x27, 0x02, 0x16, 0x00, 0x6C, 0x00, 0x00,
    0x00, 0x03, 0x01, 0xAF, 0x02, 0x16, 0x00, 0x9E, 0x00, 0x00, 0x00, 0x03, 0x01, 0x1A, 0x02, 0x16,
    0x00, 0x94, 0x00, 0x00, 0x00, 0x03, 0x01, 0x24, 0x02, 0x16, 0x00, 0x78, 0x00, 0x00, 0x00, 0x03,
    0x00, 0xE8, 0x02, 0xB2, 0x00, 0x44, 0x00, 0x00, 0x00, 0x03, 0x00, 0xF2, 0x02, 0xB2, 0x00, 0x0A,
    0x00, 0x00, 0x00, 0x00, 0x00, 0x03, 0x80, 0x00, 0x00, 0x00, 0x00, 0x12, 0x80, 0x00, 0x00, 0x00,
    0x00, 0x11, 0x80, 0x00, 0x00, 0x00, 0x00, 0x10, 0x80, 0x00, 0x00, 0x00, 0x00, 0x0E, 0x80, 0x00,
    0x00, 0x00, 0x00, 0x09, 0x80, 0x00, 0x00, 0x00, 0x00, 0x00, 0x80, 0x00, 0x00, 0x00, 0x00, 0x06,
    0x80, 0x00, 0x00, 0x00, 0x00, 0x04, 0x80, 0x00, 0x00, 0x00, 0x00, 0x0B, 0x80, 0x00, 0x00, 0x00,
    0x00, 0x0C, 0x80, 0x00, 0x00, 0x00, 0x00, 0x0A, 0x80, 0x00, 0x00, 0x00, 0x00, 0x0F, 0x80, 0x00,
    0x00, 0x00, 0x00, 0x0D, 0x80, 0x00, 0x00, 0x00, 0x00, 0x07, 0x80, 0x00, 0x00, 0x00, 0x00, 0x08,
    0x80, 0x00, 0x00, 0x00, 0x00, 0x02, 0x80, 0x00, 0x00, 0x00, 0x00, 0x01, 0x80, 0x00, 0x00, 0x00,
    0x00, 0x05, 0x80, 0x00, 0x00, 0x01, 0x00, 0x00, 0x00, 0x0A, 0x00, 0x4C, 0x00, 0x18, 0x00, 0x02,
    0x44, 0x46, 0x4C, 0x54, 0x00, 0x9E, 0x6C, 0x61, 0x74, 0x6E, 0x01, 0x66, 0x00, 0x19, 0x00, 0x94,
    0x00, 0x9C, 0x01, 0x4C, 0x01, 0x24, 0x01, 0x2E, 0x00, 0xA4, 0x01, 0x38, 0x00, 0xA4, 0x00, 0xAC,
    0x00, 0xB4, 0x00, 0xBC, 0x00, 0xC4, 0x00, 0xCC, 0x00, 0xD4, 0x00, 0xDC, 0x00, 0xE4, 0x00, 0xE4,
    0x00, 0xEC, 0x00, 0xF4, 0x01, 0x42, 0x00, 0xFC, 0x01, 0x04, 0x01, 0x0C, 0x01, 0x14, 0x01, 0x1C,
    0x00, 0x0F, 0x61, 0x61, 0x6C, 0x74, 0x01, 0xAC, 0x63, 0x61, 0x73, 0x65, 0x01, 0x5E, 0x63, 0x63,
    0x6D, 0x70, 0x01, 0xB4, 0x66, 0x72, 0x61, 0x63, 0x01, 0x64, 0x6C, 0x69, 0x67, 0x61, 0x01, 0x6A,
    0x6C, 0x6F, 0x63, 0x6C, 0x01, 0x70, 0x6C, 0x6F, 0x63, 0x6C, 0x01, 0x76, 0x6C, 0x6F, 0x63, 0x6C,
    0x01, 0x7C, 0x6C, 0x6F, 0x63, 0x6C, 0x01, 0x82, 0x6F, 0x72, 0x64, 0x6E, 0x01, 0x88, 0x73, 0x69,
    0x6E, 0x66, 0x01, 0x8E, 0x73, 0x73, 0x30, 0x31, 0x01, 0x94, 0x73, 0x75, 0x62, 0x73, 0x01, 0x9A,
    0x73, 0x75, 0x70, 0x73, 0x01, 0xA0, 0x7A, 0x65, 0x72, 0x6F, 0x01, 0xA6, 0x01, 0x64, 0x00, 0x00,
    0x00, 0x01, 0x00, 0x00, 0x00, 0x01, 0x03, 0x3E, 0x00, 0x03, 0x00, 0x00, 0x00, 0x01, 0x01, 0xF4,
    0x00, 0x01, 0x00, 0x00, 0x00, 0x01, 0x01, 0x6C, 0x00, 0x02, 0x00, 0x00, 0x00, 0x01, 0x01, 0xC8,
    0x00, 0x01, 0x00, 0x00, 0x00, 0x01, 0x01, 0x62, 0x00, 0x01, 0x00, 0x00, 0x00, 0x01, 0x01, 0x60,
    0x00, 0x04, 0x00, 0x00, 0x00, 0x01, 0x01, 0x90, 0x00, 0x06, 0x00, 0x00, 0x00, 0x01, 0x01, 0x7A,
    0x00, 0x01, 0x00, 0x00, 0x00, 0x01, 0x01, 0x4E, 0x00, 0x01, 0x00, 0x00, 0x00, 0x01, 0x01, 0x4C,
    0x00, 0x01, 0x00, 0x00, 0x00, 0x01, 0x01, 0x4A, 0x00, 0x01, 0x00, 0x00, 0x00, 0x01, 0x01, 0x48,
    0x00, 0x04, 0x00, 0x00, 0x00, 0x01, 0x01, 0x74, 0x00, 0x01, 0x00, 0x00, 0x00, 0x01, 0x01, 0x86,
    0x00, 0x01, 0x00, 0x00, 0x00, 0x01, 0x02, 0x2E, 0x00, 0x04, 0x00, 0x08, 0x00, 0x01, 0x01, 0x52,
    0x00, 0x01, 0x00, 0x00, 0x00, 0x01, 0x01, 0x26, 0x00, 0x01, 0x00, 0x00, 0x00, 0x01, 0x01, 0x24,
    0x00, 0x01, 0x00, 0x10, 0x00, 0x01, 0x01, 0x2A, 0x00, 0x00, 0x00, 0x06, 0x00, 0x00, 0x00, 0x02,
    0x01, 0x74, 0x01, 0x86, 0x00, 0x06, 0x00, 0x00, 0x00, 0x02, 0x01, 0x8E, 0x01, 0xA0, 0x00, 0x06,
    0x00, 0x00, 0x00, 0x02, 0x01, 0xA8, 0x01, 0xBA, 0x00, 0x06, 0x00, 0x10, 0x00, 0x02, 0x01, 0xC2,
    0x01, 0xD4, 0x00, 0x00, 0x00, 0x9C, 0x00, 0x09, 0x41, 0x5A, 0x45, 0x20, 0x02, 0x58, 0x43, 0x41,
    0x54, 0x20, 0x01, 0xFE, 0x43, 0x52, 0x54, 0x20, 0x02, 0x58, 0x4B, 0x41, 0x5A, 0x20, 0x02, 0x58,
    0x4D, 0x4F, 0x4C, 0x20, 0x02, 0x3A, 0x4E, 0x4C, 0x44, 0x20, 0x02, 0x1C, 0x52, 0x4F, 0x4D, 0x20,
    0x02, 0x3A, 0x54, 0x41, 0x54, 0x20, 0x02, 0x58, 0x54, 0x52, 0x4B, 0x20, 0x02, 0x58, 0x00, 0x00,
    0x00, 0x01, 0x00, 0x15, 0x00, 0x00, 0x00, 0x01, 0x00, 0x12, 0x00, 0x00, 0x00, 0x01, 0x00, 0x16,
    0x00, 0x00, 0x00, 0x01, 0x00, 0x09, 0x00, 0x00, 0x00, 0x01, 0x00, 0x0C, 0x00, 0x00, 0x00, 0x01,
    0x00, 0x0A, 0x00, 0x00, 0x00, 0x01, 0x00, 0x0B, 0x00, 0x00, 0x00, 0x01, 0x00, 0x13, 0x00, 0x00,
    0x00, 0x01, 0x00, 0x10, 0x02, 0x06, 0x00, 0x01, 0x00, 0x18, 0x00, 0x00, 0x00, 0x01, 0x00, 0x0F,
    0x00, 0x00, 0x00, 0x01, 0x00, 0x11, 0x00, 0x00, 0x00, 0x01, 0x00, 0x17, 0x00, 0x00, 0x00, 0x02,
    0x00, 0x00, 0x00, 0x01, 0x00, 0x00, 0x00, 0x04, 0x00, 0x02, 0x00, 0x04, 0x00, 0x06, 0x00, 0x08,
    0x00, 0x00, 0xFF, 0xFF, 0x00, 0x0B, 0x00, 0x00, 0x00, 0x01, 0x00, 0x02, 0x00, 0x03, 0x00, 0x04,
    0x00, 0x09, 0x00, 0x0A, 0x00, 0x0B, 0x00, 0x0C, 0x00, 0x0D, 0x00, 0x0E, 0x00, 0x01, 0x02, 0x58,
    0x00, 0x10, 0x00, 0x01, 0x02, 0x0C, 0x00, 0x05, 0x00, 0x01, 0x02, 0x0C, 0x00, 0x01, 0x00, 0x01,
    0x01, 0xFA, 0x00, 0x08, 0x00, 0x01, 0x01, 0xF4, 0x00, 0x09, 0x00, 0x01, 0x02, 0x10, 0x00, 0x10,
    0x00, 0x01, 0x02, 0x0A, 0x00, 0x14, 0x00, 0x01, 0x01, 0xDC, 0x00, 0x0A, 0x00, 0x01, 0x02, 0x08,
    0x00, 0x76, 0x00, 0x01, 0x01, 0xD6, 0x00, 0x01, 0x01, 0xEA, 0x00, 0x01, 0x02, 0x04, 0x00, 0x01,
    0x00, 0x01, 0x02, 0x1E, 0x00, 0x02, 0x01, 0xE2, 0x01, 0xE6, 0x00, 0x01, 0x02, 0x1C, 0x00, 0x02,
    0x01, 0xFC, 0x02, 0x4E, 0x00, 0x01, 0x02, 0x3A, 0x00, 0x03, 0x02, 0x1A, 0x01, 0xF8, 0x01, 0xFC,
    0x00, 0x01, 0x02, 0x6A, 0x00, 0x04, 0x02, 0x16, 0x02, 0x1C, 0x02, 0x22, 0x02, 0x28, 0x00, 0x02,
    0x02, 0x68, 0x00, 0x04, 0x00, 0xF7, 0x00, 0xF8, 0x00, 0xF7, 0x00, 0xF8, 0x00, 0x01, 0x02, 0x9A,
    0x00, 0x06, 0x02, 0x2A, 0x02, 0x30, 0x02, 0x36, 0x02, 0x3C, 0x02, 0x42, 0x02, 0x48, 0x00, 0x03,
    0x00, 0x01, 0x01, 0xC6, 0x00, 0x01, 0x01, 0xC6, 0x00, 0x00, 0x00, 0x01, 0x00, 0x00, 0x00, 0x05,
    0x00, 0x03, 0x00, 0x01, 0x02, 0x58, 0x00, 0x01, 0x01, 0xB4, 0x00, 0x00, 0x00, 0x01, 0x00, 0x00,
    0x00, 0x05, 0x00, 0x03, 0x00, 0x00, 0x00, 0x01, 0x01, 0xA2, 0x00, 0x01, 0x02, 0x50, 0x00, 0x01,
    0x00, 0x00, 0x00, 0x07, 0x00, 0x03, 0x00, 0x01, 0x02, 0x3E, 0x00, 0x01, 0x01, 0x90, 0x00, 0x00,
    0x00, 0x01, 0x00, 0x00, 0x00, 0x07, 0x00, 0x03, 0x00, 0x01, 0x02, 0x36, 0x00, 0x01, 0x02, 0x0C,
    0x00, 0x00, 0x00, 0x01, 0x00, 0x00, 0x00, 0x14, 0x00, 0x03, 0x00, 0x01, 0x02, 0x24, 0x00, 0x01,
    0x02, 0x02, 0x00, 0x00, 0x00, 0x01, 0x00, 0x00, 0x00, 0x14, 0x00, 0x03, 0x00, 0x00, 0x00, 0x01,
    0x01, 0x14, 0x00, 0x01, 0x02, 0x2C, 0x00, 0x01, 0x00, 0x00, 0x00, 0x03, 0x00, 0x03, 0x00, 0x00,
    0x00, 0x01, 0x01, 0xE6, 0x00, 0x01, 0x02, 0x1A, 0x00, 0x01, 0x00, 0x00, 0x00, 0x03, 0x00, 0x02,
    0x02, 0x18, 0x00, 0x0F, 0x01, 0x26, 0x01, 0x27, 0x01, 0x29, 0x01, 0x85, 0x01, 0x86, 0x01, 0x87,
    0x01, 0x88, 0x01, 0x89, 0x01, 0x8A, 0x01, 0x8B, 0x01, 0x8C, 0x01, 0x8D, 0x01, 0x8E, 0x01, 0x8F,
    0x01, 0x90, 0x00, 0x00, 0xFF, 0xFF, 0x00, 0x0C, 0x00, 0x00, 0x00, 0x01, 0x00, 0x02, 0x00, 0x03,
    0x00, 0x04, 0x00, 0x06, 0x00, 0x09, 0x00, 0x0A, 0x00, 0x0B, 0x00, 0x0C, 0x00, 0x0D, 0x00, 0x0E,
    0x00, 0x00, 0xFF, 0xFF, 0x00, 0x0C, 0x00, 0x00, 0x00, 0x01, 0x00, 0x02, 0x00, 0x03, 0x00, 0x04,
    0x00, 0x08, 0x00, 0x09, 0x00, 0x0A, 0x00, 0x0B, 0x00, 0x0C, 0x00, 0x0D, 0x00, 0x0E, 0x00, 0x00,
    0xFF, 0xFF, 0x00, 0x0C, 0x00, 0x00, 0x00, 0x01, 0x00, 0x02, 0x00, 0x03, 0x00, 0x04, 0x00, 0x07,
    0x00, 0x09, 0x00, 0x0A, 0x00, 0x0B, 0x00, 0x0C, 0x00, 0x0D, 0x00, 0x0E, 0x00, 0x00, 0xFF, 0xFF,
    0x00, 0x0C, 0x00, 0x00, 0x00, 0x01, 0x00, 0x02, 0x00, 0x03, 0x00, 0x04, 0x00, 0x05, 0x00, 0x09,
    0x00, 0x0A, 0x00, 0x0B, 0x00, 0x0C, 0x00, 0x0D, 0x00, 0x0E, 0x00, 0x00, 0x01, 0x0B, 0x00, 0x02,
    0x01, 0x94, 0x00, 0x1F, 0x00, 0xF7, 0x00, 0xF8, 0x00, 0x56, 0x00, 0xEC, 0x00, 0xED, 0x00, 0xEE,
    0x00, 0xEF, 0x00, 0xF0, 0x00, 0xF1, 0x00, 0xF2, 0x00, 0xF3, 0x00, 0xF4, 0x00, 0x9F, 0x00, 0xF8,
    0x00, 0xCC, 0x01, 0x04, 0x01, 0x26, 0x01, 0x27, 0x01, 0x29, 0x01, 0x85, 0x01, 0x86, 0x01, 0x87,
    0x01, 0x88, 0x01, 0x89, 0x01, 0x8A, 0x01, 0x8B, 0x01, 0x8C, 0x01, 0x8D, 0x01, 0x8E, 0x01, 0x8F,
    0x01, 0x90, 0x00, 0x01, 0x00, 0x01, 0x00, 0xFA, 0x00, 0x01, 0x00, 0x01, 0x01, 0x20, 0x00, 0x01,
    0x00, 0x01, 0x00, 0x9A, 0x00, 0x01, 0x00, 0x02, 0x00, 0x55, 0x00, 0xCB, 0x00, 0x02, 0x01, 0xB8,
    0x01, 0xC8, 0x00, 0x01, 0x01, 0x72, 0x00, 0x01, 0x01, 0x74, 0x00, 0x02, 0x00, 0x01, 0x00, 0xFB,
    0x00, 0xFE, 0x00, 0x00, 0x00, 0x02, 0x00, 0x01, 0x00, 0x75, 0x00, 0x7E, 0x00, 0x00, 0x00, 0x01,
    0x00, 0x02, 0x00, 0x9A, 0x00, 0xA5, 0x00, 0x02, 0x01, 0x5A, 0x01, 0x60, 0x00, 0x01, 0x01, 0x60,
    0x00, 0x01, 0x01, 0x64, 0x00, 0x02, 0x00, 0x01, 0x01, 0x75, 0x01, 0x80, 0x00, 0x00, 0x00, 0x01,
    0x00, 0x02, 0x00, 0x29, 0x00, 0x9C, 0x00, 0x01, 0x00, 0x02, 0x00, 0x93, 0x01, 0x22, 0x00, 0x03,
    0x01, 0x4E, 0x01, 0x56, 0x01, 0x5E, 0x00, 0x02, 0x00, 0x34, 0x01, 0x29, 0x00, 0x02, 0x00, 0xAA,
    0x01, 0x28, 0x00, 0x02, 0x00, 0x93, 0x00, 0x9A, 0x00, 0x02, 0x00, 0x93, 0x00, 0xAA, 0x00, 0x01,
    0x00, 0x03, 0x00, 0xFB, 0x00, 0xFC, 0x00, 0xFD, 0x00, 0x06, 0x01, 0xD4, 0x01, 0xB2, 0x01, 0x94,
    0x01, 0x7A, 0x01, 0x6A, 0x01, 0x5C, 0x00, 0x02, 0x00, 0xF7, 0x00, 0xEB, 0x00, 0x02, 0x01, 0x0B,
    0x01, 0x0F, 0x00, 0x02, 0x01, 0x0C, 0x01, 0x10, 0x00, 0x02, 0x01, 0x0D, 0x01, 0x11, 0x00, 0x02,
    0x01, 0x0E, 0x01, 0x12, 0x00, 0x02, 0x01, 0x28, 0x01, 0x29, 0x00, 0x01, 0x00, 0x04, 0x00, 0x38,
    0x00, 0xAE, 0x00, 0xF5, 0x00, 0xF6, 0x00, 0x01, 0x00, 0x04, 0x00, 0x01, 0x00, 0x41, 0x00, 0x75,
    0x00, 0xB7, 0x00, 0x01, 0x00, 0x02, 0x00, 0x01, 0x00, 0x75, 0x00, 0x01, 0x00, 0x02, 0x00, 0x41,
    0x00, 0xB7, 0x00, 0x01, 0x00, 0x01, 0x00, 0xA5, 0x00, 0x02, 0x00, 0x01, 0x00, 0x01, 0x00, 0x74,
    0x00, 0x00, 0x00, 0x02, 0x00, 0x01, 0x01, 0x85, 0x01, 0x90, 0x00, 0x00, 0x00, 0x02, 0x00, 0x01,
    0x00, 0xFA, 0x01, 0x03, 0x00, 0x00, 0x00, 0x01, 0x00, 0x06, 0x00, 0x75, 0x00, 0xFB, 0x00, 0xFC,
    0x00, 0xFD, 0x00, 0xFE, 0x01, 0x20, 0x00, 0x02, 0x00, 0x02, 0x01, 0x75, 0x01, 0x79, 0x00, 0x00,
    0x01, 0x7B, 0x01, 0x81, 0x00, 0x05, 0x00, 0x02, 0x00, 0x04, 0x01, 0x1D, 0x01, 0x1D, 0x00, 0x00,
    0x01, 0x1F, 0x01, 0x1F, 0x00, 0x01, 0x01, 0x28, 0x01, 0x28, 0x00, 0x02, 0x01, 0x75, 0x01, 0x80,
    0x00, 0x03, 0x00, 0x01, 0x00, 0x1F, 0x00, 0x01, 0x00, 0x41, 0x00, 0x55, 0x00, 0x76, 0x00, 0x77,
    0x00, 0x78, 0x00, 0x79, 0x00, 0x7A, 0x00, 0x7B, 0x00, 0x7C, 0x00, 0x7D, 0x00, 0x7E, 0x00, 0x9A,
    0x00, 0xB7, 0x00, 0xCB, 0x00, 0xFA, 0x01, 0x1D, 0x01, 0x1F, 0x01, 0x28, 0x01, 0x75, 0x01, 0x76,
    0x01, 0x77, 0x01, 0x78, 0x01, 0x79, 0x01, 0x7A, 0x01, 0x7B, 0x01, 0x7C, 0x01, 0x7D, 0x01, 0x7E,
    0x01, 0x7F, 0x01, 0x80, 0x00, 0x28, 0x00, 0x02, 0x00, 0x30, 0x00, 0xA4, 0x00, 0x02, 0x00, 0xA5,
    0x00, 0xF5, 0x00, 0x02, 0x00, 0x9A, 0x00, 0xF6, 0x00, 0x02, 0x00, 0xAA, 0x01, 0x08, 0x00, 0x03,
    0x01, 0x24, 0x00, 0xFD, 0x01, 0x0A, 0x00, 0x03, 0x01, 0x24, 0x00, 0xFE, 0x01, 0x09, 0x00, 0x03,
    0x01, 0x24, 0x00, 0xFE, 0x01, 0x06, 0x00, 0x03, 0x01, 0x24, 0x00, 0xFC, 0x01, 0x07, 0x00, 0x03,
    0x01, 0x24, 0x00, 0xFD, 0x00, 0x01, 0x00, 0xAA, 0x00, 0x01, 0x00, 0x01, 0x00, 0xAA, 0x00, 0x01,
    0x00, 0x00, 0x00, 0x0D, 0x00, 0x01, 0x00, 0x34, 0x00, 0x01, 0x00, 0x01, 0x00, 0x34, 0x00, 0x01,
    0x00, 0x00, 0x00, 0x0E, 0x01, 0x43, 0x00, 0x06, 0x00, 0x98, 0x00, 0xCE, 0x00, 0xB0, 0x00, 0xAA,
    0x01, 0x22, 0x01, 0x41, 0x00, 0x07, 0x00, 0xE7, 0x00, 0x9A, 0x00, 0xAA, 0x00, 0xAA, 0x00, 0x75,
    0x01, 0x22, 0x01, 0x42, 0x00, 0x0C, 0x00, 0xE7, 0x00, 0x9A, 0x00, 0xAA, 0x00, 0xAA, 0x00, 0x75,
    0x01, 0x2A, 0x00, 0xC4, 0x00, 0xB7, 0x00, 0x75, 0x00, 0xC4, 0x01, 0x22, 0x01, 0xA2, 0x00, 0x0E,
    0x00, 0xB0, 0x00, 0xB7, 0x00, 0xE7, 0x00, 0x9A, 0x00, 0xAA, 0x00, 0xAA, 0x00, 0x75, 0x01, 0x2A,
    0x00, 0xAA, 0x00, 0xB7, 0x00, 0x94, 0x00, 0xB7, 0x01, 0x22, 0x01, 0xA3, 0x00, 0x10, 0x00, 0xB0,
    0x00, 0xB7, 0x00, 0xE7, 0x00, 0x9A, 0x00, 0xAA, 0x00, 0xAA, 0x00, 0x75, 0x01, 0x2A, 0x00, 0xC8,
    0x00, 0xE2, 0x00, 0xB0, 0x00, 0x80, 0x00, 0xB7, 0x00, 0xAA, 0x01, 0x22, 0x01, 0xA4, 0x00, 0x12,
    0x00, 0xB0, 0x00, 0xB7, 0x00, 0xE7, 0x00, 0x9A, 0x00, 0xAA, 0x00, 0xAA, 0x00, 0x75, 0x01, 0x2A,
    0x00, 0xDC, 0x00, 0xB7, 0x00, 0xC4, 0x00, 0x86, 0x00, 0xB0, 0x00, 0x75, 0x00, 0xC4, 0x00, 0xA8,
    0x01, 0x22, 0x00, 0x00, 0x00, 0x01, 0x00, 0x00, 0x00, 0x00, 0x00, 0x14, 0x00, 0x00, 0x00, 0x34,
    0x00, 0x00, 0x00, 0x00, 0x00, 0x00, 0x00, 0x00, 0x00, 0x01, 0x00, 0x00, 0x00, 0x0C, 0x00, 0x01,
    0x00, 0x00, 0x00, 0x16, 0x00, 0x01, 0x00, 0x01, 0x00, 0x00, 0x40, 0x00, 0x40, 0x00, 0x00, 0x02,
    0x00, 0x00, 0x00, 0x01, 0x00, 0x00, 0xFE, 0x00, 0x00, 0x00, 0x00, 0xB8, 0x01, 0x01, 0x01, 0x01,
    0x01, 0x01, 0x01, 0x01, 0x01, 0x01, 0x01, 0x01, 0x01, 0x01, 0x01, 0x01, 0x01, 0x01, 0x01, 0x01,
    0x01, 0x01, 0x01, 0x01, 0x01, 0x01, 0x01, 0x01, 0x01, 0x01, 0x01, 0x01, 0x01, 0x01, 0x01, 0x01,
    0x01, 0x01, 0x01, 0x01, 0x01, 0x01, 0x01, 0x01, 0x01, 0x01, 0x01, 0x01, 0x01, 0x01, 0x01, 0x01,
    0x01, 0x01, 0x01, 0x01, 0x01, 0x01, 0x01, 0x01, 0x01, 0x01, 0x01, 0x01, 0x01, 0x01, 0x01, 0x01,
    0x01, 0x01, 0x01, 0x01, 0x01, 0x01, 0x01, 0x01, 0x01, 0x01, 0x01, 0x01, 0x01, 0x01, 0x01, 0x01,
    0x01, 0x01, 0x01, 0x01, 0x01, 0x01, 0x01, 0x01, 0x01, 0x01, 0x01, 0x01, 0x01, 0x01, 0x01, 0x01,
    0x01, 0x01, 0x01, 0x01, 0x01, 0x01, 0x01, 0x01, 0x01, 0x01, 0x01, 0x01, 0x01, 0x01, 0x01, 0x01,
    0x01, 0x01, 0x01, 0x01, 0x01, 0x01, 0x01, 0x01, 0x01, 0x01, 0x01, 0x01, 0x01, 0x01, 0x01, 0x01,
    0x01, 0x01, 0x01, 0x01, 0x01, 0x01, 0x01, 0x01, 0x01, 0x01, 0x01, 0x01, 0x01, 0x01, 0x01, 0x01,
    0x01, 0x01, 0x01, 0x01, 0x01, 0x01, 0x01, 0x01, 0x01, 0x01, 0x01, 0x01, 0x01, 0x01, 0x01, 0x01,
    0x01, 0x01, 0x01, 0x01, 0x01, 0x01, 0x01, 0x01, 0x01, 0x01, 0x01, 0x01, 0x01, 0x01, 0x01, 0x01,
    0x01, 0x01, 0x00, 0x01, 0x00, 0x01, 0x00, 0x01, 0x00, 0x08, 0x00, 0x01, 0x00, 0x00, 0x00, 0x14,
    0x00, 0x06, 0x00, 0x00, 0x00, 0x1C, 0x00, 0x02, 0x77, 0x67, 0x68, 0x74, 0x01, 0x18, 0x00, 0x00,
    0x00, 0x0C, 0x00, 0x18, 0x00, 0x24, 0x00, 0x34, 0x00, 0x40, 0x00, 0x4C, 0x00, 0x01, 0x00, 0x00,
    0x00, 0x00, 0x01, 0x19, 0x00, 0xC8, 0x00, 0x00, 0x00, 0x01, 0x00, 0x00, 0x00, 0x00, 0x01, 0x1A,
    0x01, 0x2C, 0x00, 0x00, 0x00, 0x03, 0x00, 0x00, 0x00, 0x02, 0x01, 0x1B, 0x01, 0x90, 0x00, 0x00,
    0x02, 0xBC, 0x00, 0x00, 0x00, 0x01, 0x00, 0x00, 0x00, 0x00, 0x01, 0x1C, 0x01, 0xF4, 0x00, 0x00,
    0x00, 0x01, 0x00, 0x00, 0x00, 0x00, 0x01, 0x1D, 0x02, 0x58, 0x00, 0x00, 0x00, 0x01, 0x00, 0x00,
    0x00, 0x00, 0x01, 0x1E, 0x02, 0xBC, 0x00, 0x00, 0x00, 0x01, 0x00, 0x00, 0x00, 0x00, 0x00, 0x01,
    0x00, 0x07, 0xC0, 0x00, 0xC0, 0x00, 0x00, 0x00, 0x00, 0x00, 0x0C, 0xCD, 0x08, 0x00, 0x19, 0x9A,
    0x13, 0x33, 0x26, 0x66, 0x23, 0x33, 0x33, 0x33, 0x31, 0x9A, 0x40, 0x00, 0x40, 0x00, 0x00, 0x00,
    0x00, 0x01, 0x00, 0x00, 0x00, 0x10, 0x00, 0x02, 0x00, 0x01, 0x00, 0x14, 0x00, 0x06, 0x00, 0x0A,
    0x77, 0x67, 0x68, 0x74, 0x00, 0xC8, 0x00, 0x00, 0x00, 0xC8, 0x00, 0x00, 0x02, 0xBC, 0x00, 0x00,
    0x00, 0x00, 0x01, 0x00, 0x01, 0x0C, 0x00, 0x00, 0x00, 0xC8, 0x00, 0x00, 0x01, 0x0D, 0x01, 0x0E,
    0x00, 0x00, 0x01, 0x2C, 0x00, 0x00, 0x01, 0x0F, 0x01, 0x10, 0x00, 0x00, 0x01, 0x90, 0x00, 0x00,
    0x01, 0x11, 0x01, 0x12, 0x00, 0x00, 0x01, 0xF4, 0x00, 0x00, 0x01, 0x13, 0x01, 0x14, 0x00, 0x00,
    0x02, 0x58, 0x00, 0x00, 0x01, 0x15, 0x01, 0x16, 0x00, 0x00, 0x02, 0xBC, 0x00, 0x00, 0x01, 0x17,
    0x00, 0x01, 0x00, 0x00, 0x00, 0x01, 0x00, 0x01, 0x00, 0x00, 0x03, 0x60, 0x01, 0xA5, 0x00, 0x00,
    0x00, 0x00, 0x03, 0x62, 0x00, 0x00, 0x00, 0x0C, 0x00, 0x1D, 0x00, 0x1D, 0x00, 0x1D, 0x00, 0x1D,
    0x00, 0x1D, 0x00, 0x1D, 0x00, 0x24, 0x00, 0x43, 0x00, 0x43, 0x00, 0x43, 0x00, 0x5E, 0x00, 0x80,
    0x00, 0xA2, 0x00, 0xA2, 0x00, 0xA2, 0x00, 0xA2, 0x00, 0xA2, 0x00, 0xB9, 0x00, 0xB9, 0x00, 0xB9,
    0x00, 0xD4, 0x00, 0xE3, 0x00, 0xEA, 0x00, 0xF1, 0x00, 0xF8, 0x00, 0xFF, 0x01, 0x06, 0x01, 0x0D,
    0x01, 0x14, 0x01, 0x1B, 0x01, 0x29, 0x01, 0x52, 0x01, 0x52, 0x01, 0x59, 0x01, 0x59, 0x01, 0x67,
    0x01, 0x78, 0x01, 0x87, 0x01, 0xA3, 0x01, 0xAB, 0x01, 0xB2, 0x01, 0xB9, 0x01, 0xC0, 0x01, 0xC7,
    0x01, 0xCE, 0x01, 0xD5, 0x01, 0xDC, 0x01, 0xF4, 0x01, 0xFB, 0x02, 0x0C, 0x02, 0x13, 0x02, 0x1E,
    0x02, 0x25, 0x02, 0x2C, 0x02, 0x33, 0x02, 0x3A, 0x02, 0x4A, 0x02, 0x5E, 0x02, 0x76, 0x02, 0x76,
    0x02, 0x76, 0x02, 0x7D, 0x02, 0x7D, 0x02, 0x9B, 0x02, 0xB6, 0x02, 0xB6, 0x02, 0xB6, 0x02, 0xB6,
    0x02, 0xB6, 0x02, 0xB6, 0x02, 0xBD, 0x02, 0xE4, 0x02, 0xE4, 0x03, 0x06, 0x03, 0x1E, 0x03, 0x38,
    0x03, 0x55, 0x03, 0x71, 0x03, 0x78, 0x03, 0x7F, 0x03, 0x86, 0x03, 0xB7, 0x03, 0xBE, 0x03, 0xC5,
    0x03, 0xCC, 0x03, 0xD3, 0x03, 0xF2, 0x03, 0xFE, 0x03, 0xFE, 0x04, 0x05, 0x04, 0x1D, 0x04, 0x24,
    0x04, 0x2B, 0x04, 0x32, 0x04, 0x39, 0x04, 0x40, 0x04, 0x47, 0x04, 0x4E, 0x04, 0x55, 0x04, 0x5C,
    0x04, 0x68, 0x04, 0x7C, 0x04, 0x83, 0x04, 0x8A, 0x04, 0x91, 0x04, 0x98, 0x04, 0xAE, 0x04, 0xBE,
    0x04, 0xC5, 0x04, 0xCC, 0x04, 0xD3, 0x04, 0xDA, 0x04, 0xE9, 0x04, 0xE9, 0x04, 0xE9, 0x04, 0xE9,
    0x05, 0x18, 0x05, 0x1F, 0x05, 0x26, 0x05, 0x2D, 0x05, 0x34, 0x05, 0x3B, 0x05, 0x42, 0x05, 0x80,
    0x05, 0x87, 0x05, 0x8E, 0x05, 0xDC, 0x06, 0x05, 0x06, 0x28, 0x06, 0x2F, 0x06, 0x36, 0x06, 0x3D,
    0x06, 0x44, 0x06, 0x6D, 0x06, 0x74, 0x06, 0xA0, 0x06, 0xCE, 0x06, 0xF2, 0x06, 0xF9, 0x07, 0x00,
    0x07, 0x07, 0x07, 0x0E, 0x07, 0x15, 0x07, 0x1C, 0x07, 0x23, 0x07, 0x55, 0x07, 0x64, 0x07, 0x9B,
    0x07, 0xA2, 0x07, 0xA9, 0x07, 0xB0, 0x07, 0xCD, 0x07, 0xEE, 0x07, 0xFC, 0x08, 0x06, 0x08, 0x0D,
    0x08, 0x14, 0x08, 0x1B, 0x08, 0x22, 0x08, 0x29, 0x08, 0x30, 0x08, 0x4E, 0x08, 0x4E, 0x08, 0x56,
    0x08, 0x67, 0x08, 0x75, 0x08, 0x7C, 0x08, 0x8D, 0x08, 0x94, 0x08, 0xA0, 0x08, 0xA7, 0x08, 0xAE,
    0x08, 0xB5, 0x08, 0xB5, 0x08, 0xC7, 0x08, 0xEC, 0x09, 0x06, 0x09, 0x0D, 0x09, 0x14, 0x09, 0x1B,
    0x09, 0x22, 0x09, 0x44, 0x09, 0x5A, 0x09, 0x5A, 0x09, 0x5A, 0x09, 0x5A, 0x09, 0x5A, 0x09, 0x5A,
    0x09, 0x61, 0x09, 0x88, 0x09, 0x88, 0x09, 0xC7, 0x09, 0xF0, 0x0A, 0x1E, 0x0A, 0x47, 0x0A, 0x5B,
    0x0A, 0x5B, 0x0A, 0x5B, 0x0A, 0x62, 0x0A, 0x93, 0x0A, 0x93, 0x0A, 0x93, 0x0A, 0x93, 0x0A, 0x9A,
    0x0A, 0xC5, 0x0A, 0xD4, 0x0A, 0xDB, 0x0A, 0xE2, 0x0A, 0xFB, 0x0B, 0x02, 0x0B, 0x09, 0x0B, 0x10,
    0x0B, 0x17, 0x0B, 0x1E, 0x0B, 0x25, 0x0B, 0x2C, 0x0B, 0x54, 0x0B, 0x5B, 0x0B, 0x67, 0x0B, 0x7B,
    0x0B, 0x82, 0x0B, 0x89, 0x0B, 0x90, 0x0B, 0x97, 0x0B, 0xAD, 0x0B, 0xBC, 0x0B, 0xC3, 0x0B, 0xCA,
    0x0B, 0xD1, 0x0B, 0xD8, 0x0B, 0xE7, 0x0B, 0xE7, 0x0B, 0xE7, 0x0B, 0xE7, 0x0C, 0x0F, 0x0C, 0x16,
    0x0C, 0x1D, 0x0C, 0x24, 0x0C, 0x2B, 0x0C, 0x32, 0x0C, 0x39, 0x0C, 0x6F, 0x0C, 0x76, 0x0C, 0x7D,
    0x0C, 0x94, 0x0C, 0xA9, 0x0C, 0xD6, 0x0C, 0xF1, 0x0D, 0x03, 0x0D, 0x22, 0x0D, 0x33, 0x0D, 0x5D,
    0x0D, 0x8D, 0x0D, 0xA1, 0x0D, 0xCA, 0x0D, 0xFA, 0x0E, 0x08, 0x0E, 0x3B, 0x0E, 0x6B, 0x0E, 0x86,
    0x0E, 0x8E, 0x0E, 0x8E, 0x0E, 0x8E, 0x0E, 0x8E, 0x0E, 0x8E, 0x0E, 0x8E, 0x0E, 0x8E, 0x0E, 0x8E,
    0x0E, 0x8E, 0x0E, 0x8E, 0x0E, 0x9A, 0x0E, 0xC3, 0x0E, 0xF3, 0x0F, 0x07, 0x0F, 0x07, 0x0F, 0x07,
    0x0F, 0x07, 0x0F, 0x07, 0x0F, 0x10, 0x0F, 0x1C, 0x0F, 0x23, 0x0F, 0x2A, 0x0F, 0x2A, 0x0F, 0x39,
    0x0F, 0x48, 0x0F, 0x72, 0x0F, 0x9C, 0x0F, 0xA3, 0x0F, 0xA3, 0x0F, 0xB9, 0x0F, 0xCC, 0x0F, 0xD4,
    0x0F, 0xDC, 0x0F, 0xEB, 0x10, 0x15, 0x10, 0x1E, 0x10, 0x25, 0x10, 0x2E, 0x10, 0x37, 0x10, 0x40,
    0x10, 0x49, 0x10, 0x5E, 0x10, 0x73, 0x10, 0xAA, 0x10, 0xE1, 0x10, 0xED, 0x10, 0xF9, 0x11, 0x00,
    0x11, 0x07, 0x11, 0x18, 0x11, 0x21, 0x11, 0x2D, 0x11, 0x35, 0x11, 0x4B, 0x11, 0x61, 0x11, 0x6F,
    0x11, 0x7D, 0x11, 0x84, 0x11, 0x91, 0x11, 0xA3, 0x11, 0xA3, 0x11, 0xA3, 0x11, 0xB6, 0x12, 0x0A,
    0x12, 0x40, 0x12, 0x52, 0x12, 0x9F, 0x12, 0xD2, 0x12, 0xF0, 0x13, 0x0C, 0x13, 0x23, 0x13, 0x2B,
    0x13, 0x35, 0x13, 0x47, 0x13, 0x75, 0x13, 0x94, 0x13, 0x94, 0x13, 0xBE, 0x13, 0xF6, 0x14, 0x30,
    0x14, 0x5A, 0x14, 0x89, 0x14, 0xA2, 0x14, 0xA9, 0x14, 0xB1, 0x14, 0xBD, 0x14, 0xC6, 0x14, 0xD5,
    0x14, 0xE4, 0x14, 0xE4, 0x14, 0xF6, 0x15, 0x05, 0x15, 0x14, 0x15, 0x27, 0x15, 0x3A, 0x15, 0x49,
    0x15, 0x50, 0x15, 0x6D, 0x15, 0x79, 0x15, 0x88, 0x15, 0xBF, 0x15, 0xCE, 0x16, 0x00, 0x16, 0x11,
    0x16, 0x20, 0x16, 0x32, 0x16, 0x3F, 0x16, 0x5E, 0x16, 0x8B, 0x16, 0xCE, 0x17, 0x2F, 0x17, 0x3F,
    0x17, 0x4B, 0x17, 0x54, 0x17, 0x5F, 0x17, 0x6A, 0x17, 0x79, 0x17, 0x83, 0x17, 0x92, 0x17, 0xA0,
    0x17, 0xB5, 0x17, 0xD0, 0x17, 0xEE, 0x17, 0xF7, 0x18, 0x04, 0x18, 0x11, 0x18, 0x26, 0x18, 0x3A,
    0x18, 0x3A, 0x18, 0x3A, 0x18, 0x3A, 0x18, 0x3A, 0x18, 0x3A, 0x18, 0x44, 0x18, 0x44, 0x18, 0x44,
    0x18, 0x44, 0x18, 0x44, 0x18, 0x44, 0x18, 0x4B, 0x18, 0x57, 0x18, 0x60, 0x18, 0x60, 0x18, 0x60,
    0x18, 0x60, 0x18, 0x60, 0x18, 0x60, 0x18, 0x67, 0x18, 0x67, 0x18, 0x67, 0x18, 0x67, 0x18, 0x7C,
    0x18, 0x7C, 0x18, 0x7C, 0x18, 0x85, 0x18, 0x85, 0x18, 0x85, 0x18, 0x85, 0x18, 0x85, 0x18, 0x85,
    0x40, 0x00, 0x80, 0x01, 0x00, 0x08, 0x00, 0x09, 0x00, 0x00, 0x04, 0x03, 0x01, 0x02, 0x02, 0x02,
    0x03, 0xE1, 0x1F, 0xEC, 0x14, 0x81, 0x01, 0x30, 0xD0, 0x00, 0x80, 0x01, 0x00, 0x08, 0x00, 0x18,
    0x00, 0x00, 0x00, 0x0B, 0xED, 0xD1, 0x2F, 0x14, 0xC7, 0x02, 0xFA, 0x36, 0x0C, 0x00, 0xF7, 0xEB,
    0x83, 0x84, 0x06, 0xB1, 0xB1, 0x00, 0xDE, 0x12, 0x12, 0xDE, 0x83, 0x00, 0x80, 0x01, 0x00, 0x08,
    0x00, 0x05, 0x00, 0x00, 0x00, 0x80, 0x00, 0xEE, 0x83, 0x85, 0x80, 0x01, 0x00, 0x08, 0x00, 0x35,
    0x00, 0x00, 0x00, 0x1A, 0xFB, 0xF1, 0xF1, 0xF1, 0xF4, 0xED, 0xED, 0x14, 0x1F, 0x25, 0x25, 0x25,
    0x20, 0x14, 0x14, 0xED, 0xD1, 0x2F, 0x14, 0xC7, 0x02, 0xFA, 0x36, 0x0C, 0x00, 0xF7, 0xEB, 0x83,
    0x81, 0x0B, 0x06, 0x09, 0xFC, 0xF1, 0x02, 0x00, 0x0C, 0x19, 0x1C, 0x22, 0x22, 0x22, 0x85, 0x06,
    0xB1, 0xB1, 0x00, 0xDE, 0x12, 0x12, 0xDE, 0x83, 0x80, 0x01, 0x00, 0x08, 0x00, 0x2C, 0x00, 0x00,
    0x00, 0x15, 0xEC, 0xB7, 0x2D, 0xE5, 0xD8, 0x39, 0xFA, 0xED, 0x13, 0x13, 0xE0, 0xE0, 0x0F, 0x0F,
    0x2F, 0x2F, 0x09, 0x09, 0x2F, 0x2F, 0x0F, 0x0F, 0x83, 0x82, 0x06, 0xB1, 0xB1, 0x00, 0xD7, 0x0F,
    0x0F, 0xD7, 0x82, 0x07, 0xC8, 0xC8, 0x1A, 0x1A, 0xE6, 0xE6, 0x38, 0x38, 0x84, 0x00, 0x80, 0x01,
    0x00, 0x08, 0x00, 0x3B, 0x00, 0x00, 0x00, 0x1D, 0xE0, 0xE0, 0xF4, 0x04, 0x16, 0x16, 0x16, 0x08,
    0x08, 0x16, 0x16, 0x16, 0x05, 0xF3, 0xEF, 0xC7, 0xC7, 0xC7, 0xC7, 0xEF, 0x2E, 0x2E, 0xEF, 0xC7,
    0xC7, 0xC7, 0xC7, 0xEF, 0x2E, 0x2E, 0x83, 0x84, 0x05, 0xFF, 0x00, 0x04, 0xFC, 0x00, 0x01, 0x82,
    0x0F, 0x32, 0x32, 0x0A, 0x10, 0xE9, 0xE9, 0xE9, 0x32, 0x17, 0x17, 0xF0, 0xF6, 0xCE, 0xCE, 0xCE,
    0x17, 0x83, 0x80, 0x01, 0x00, 0x08, 0x00, 0x3A, 0x00, 0x00, 0x00, 0x80, 0x1D, 0xF7, 0xEB, 0xEB,
    0xEB, 0xF7, 0x00, 0x0B, 0x16, 0x15, 0xC6, 0xC6, 0xC6, 0xD4, 0xEE, 0x00, 0x1F, 0x3D, 0x3D, 0x3D,
    0x3D, 0x1F, 0x00, 0xEE, 0xD4, 0xC6, 0xC6, 0xC6, 0x15, 0x15, 0x0B, 0x83, 0x87, 0x15, 0xFA, 0xF6,
    0xF6, 0x04, 0xF1, 0xD8, 0xCB, 0xCB, 0xCB, 0xEC, 0x0D, 0xF3, 0x14, 0x35, 0x35, 0x35, 0x28, 0x0E,
    0xFC, 0x0A, 0x0A, 0x06, 0x84, 0x00, 0x80, 0x01, 0x00, 0x08, 0x00, 0x25, 0x00, 0x00, 0x00, 0x12,
    0xE2, 0xE2, 0x04, 0x0C, 0x14, 0x14, 0x14, 0x0C, 0x04, 0x30, 0x00, 0xE2, 0xC3, 0xC3, 0xC3, 0xC3,
    0xE2, 0x00, 0x30, 0x83, 0x83, 0x00, 0xFF, 0x83, 0x09, 0x38, 0x38, 0x38, 0x17, 0xF5, 0x0B, 0xE9,
    0xC8, 0xC8, 0xC8, 0x83, 0x80, 0x01, 0x00, 0x08, 0x00, 0x1E, 0x00, 0x00, 0x0E, 0x0D, 0x01, 0x02,
    0x02, 0x01, 0x02, 0x02, 0x02, 0x01, 0x02, 0x01, 0x01, 0x01, 0x01, 0x01, 0x0D, 0xF6, 0xF2, 0xE7,
    0x0A, 0x1A, 0x1A, 0x0A, 0x35, 0xE8, 0xC8, 0xC8, 0xC8, 0xC8, 0xE8, 0x01, 0x16, 0xEA, 0x81, 0x00,
    0xFF, 0x81, 0x06, 0x38, 0x38, 0x17, 0xF5, 0x0B, 0xE9, 0xC8, 0x80, 0x01, 0x00, 0x08, 0x00, 0x0E,
    0x00, 0x00, 0x06, 0x05, 0x01, 0x02, 0x02, 0x02, 0x02, 0x02, 0x05, 0xE0, 0x0F, 0x2F, 0x09, 0x2F,
    0x0F, 0x80, 0x04, 0xC8, 0x1A, 0xE6, 0x38, 0x00, 0x80, 0x01, 0x00, 0x08, 0x00, 0x05, 0x00, 0x00,
    0x00, 0x80, 0x00, 0xFF, 0x83, 0x85, 0x80, 0x01, 0x00, 0x08, 0x00, 0x05, 0x00, 0x00, 0x00, 0x80,
    0x00, 0xF8, 0x83, 0x85, 0x80, 0x01, 0x00, 0x08, 0x00, 0x05, 0x00, 0x00, 0x00, 0x80, 0x00, 0xFF,
    0x83, 0x85, 0x80, 0x01, 0x00, 0x08, 0x00, 0x05, 0x00, 0x00, 0x00, 0x80, 0x00, 0xFF, 0x83, 0x85,
    0x80, 0x01, 0x00, 0x08, 0x00, 0x05, 0x00, 0x00, 0x00, 0x80, 0x00, 0xF8, 0x83, 0x85, 0x80, 0x01,
    0x00, 0x08, 0x00, 0x05, 0x00, 0x00, 0x00, 0x80, 0x00, 0xFF, 0x83, 0x85, 0x80, 0x01, 0x00, 0x08,
    0x00, 0x05, 0x00, 0x00, 0x00, 0x80, 0x00, 0xE6, 0x83, 0x85, 0x80, 0x01, 0x00, 0x08, 0x00, 0x05,
    0x00, 0x00, 0x00, 0x80, 0x00, 0x0F, 0x83, 0x85, 0x80, 0x01, 0x00, 0x08, 0x00, 0x0C, 0x00, 0x00,
    0x05, 0x04, 0x01, 0x02, 0x02, 0x02, 0x02, 0x04, 0xE0, 0x0F, 0x2F, 0x09, 0x2F, 0x80, 0x03, 0xC8,
    0x1A, 0xE6, 0x00, 0x00, 0x80, 0x01, 0x00, 0x08, 0x00, 0x49, 0x00, 0x00, 0x00, 0x26, 0xE4, 0xED,
    0xEF, 0xEC, 0xEC, 0xEC, 0xF6, 0x00, 0x0B, 0x16, 0x15, 0xC7, 0xC7, 0xC7, 0xD4, 0xEF, 0x02, 0x1F,
    0x3D, 0x3D, 0x3D, 0x3D, 0x21, 0x03, 0xE6, 0xC8, 0xC8, 0xC8, 0xC7, 0x02, 0x02, 0x14, 0x14, 0xCD,
    0xCD, 0xC5, 0xCB, 0xCF, 0xD8, 0x83, 0x88, 0x16, 0xFB, 0xF6, 0xF6, 0x05, 0xF1, 0xD8, 0xCB, 0xCB,
    0xCB, 0xEC, 0x0D, 0xF3, 0x13, 0x33, 0x33, 0x33, 0x16, 0xFB, 0xF0, 0xD6, 0xD6, 0x09, 0x09, 0x81,
    0x03, 0xFB, 0xFB, 0xF8, 0xFB, 0x84, 0x80, 0x01, 0x00, 0x08, 0x00, 0x05, 0x00, 0x00, 0x00, 0x80,
    0x00, 0xC8, 0x83, 0x85, 0x80, 0x01, 0x00, 0x08, 0x00, 0x0B, 0x00, 0x00, 0x06, 0x05, 0x01, 0x02,
    0x02, 0x02, 0x02, 0x02, 0x05, 0xD0, 0x1F, 0xE2, 0x30, 0x1D, 0xE1, 0x83, 0x01, 0x1C, 0xE4, 0x00,
    0x80, 0x01, 0x00, 0x08, 0x00, 0x0F, 0x00, 0x00, 0x08, 0x07, 0x01, 0x02, 0x02, 0x02, 0x02, 0x02,
    0x02, 0x02, 0x07, 0xD0, 0x1F, 0xE2, 0x30, 0x1D, 0xE1, 0xF1, 0x10, 0x83, 0x03, 0x1C, 0xE4, 0x22,
    0xF6, 0x00, 0x80, 0x01, 0x00, 0x08, 0x00, 0x0E, 0x00, 0x00, 0x06, 0x05, 0x01, 0x02, 0x02, 0x02,
    0x02, 0x02, 0x05, 0xFD, 0xDA, 0xFD, 0x04, 0x28, 0x04, 0x05, 0x38, 0xC8, 0x00, 0xC8, 0x38, 0x00,
    0x80, 0x01, 0x00, 0x08, 0x00, 0x2F, 0x00, 0x00, 0x00, 0x15, 0xFF, 0xF5, 0xE8, 0xE8, 0xE8, 0x37,
    0x37, 0x37, 0x1D, 0xFF, 0xDD, 0xC8, 0xC8, 0xC8, 0x17, 0x17, 0x17, 0x06, 0xE9, 0xE9, 0x35, 0x35,
    0x83, 0x81, 0x0A, 0x02, 0x09, 0x0A, 0x0A, 0xFD, 0x1A, 0x35, 0x35, 0x35, 0x19, 0xFA, 0x81, 0x00,
    0xFD, 0x81, 0x00, 0xF6, 0x81, 0x00, 0xF6, 0x83, 0x80, 0x01, 0x00, 0x08, 0x00, 0x06, 0x00, 0x00,
    0x00, 0x80, 0x01, 0x0F, 0xE8, 0x83, 0x86, 0x00, 0x80, 0x01, 0x00, 0x08, 0x00, 0x05, 0x00, 0x00,
    0x00, 0x80, 0x00, 0x01, 0x83, 0x85, 0x80, 0x01, 0x00, 0x08, 0x00, 0x05, 0x00, 0x00, 0x00, 0x80,
    0x00, 0x01, 0x83, 0x85, 0x80, 0x01, 0x00, 0x08, 0x00, 0x05, 0x00, 0x00, 0x00, 0x80, 0x00, 0x01,
    0x83, 0x85, 0x80, 0x01, 0x00, 0x08, 0x00, 0x05, 0x00, 0x00, 0x00, 0x80, 0x00, 0x01, 0x83, 0x85,
    0x80, 0x01, 0x00, 0x08, 0x00, 0x05, 0x00, 0x00, 0x00, 0x80, 0x00, 0x01, 0x83, 0x85, 0x80, 0x01,
    0x00, 0x08, 0x00, 0x05, 0x00, 0x00, 0x00, 0x80, 0x00, 0xEF, 0x83, 0x85, 0x80, 0x01, 0x00, 0x08,
    0x00, 0x05, 0x00, 0x00, 0x00, 0x80, 0x00, 0x04, 0x83, 0x85, 0x80, 0x01, 0x00, 0x08, 0x00, 0x26,
    0x00, 0x00, 0x00, 0x11, 0x04, 0xFA, 0xEC, 0xEC, 0xEC, 0x3B, 0x3B, 0x3B, 0x24, 0x04, 0xE5, 0xCD,
    0xCD, 0xCD, 0x1C, 0x1C, 0x1C, 0x0D, 0x83, 0x81, 0x0A, 0x04, 0x06, 0x07, 0x07, 0xFB, 0x1C, 0x35,
    0x35, 0x35, 0x1C, 0xF9, 0x81, 0x01, 0xFD, 0x02, 0x84, 0x00, 0x80, 0x01, 0x00, 0x08, 0x00, 0x05,
    0x00, 0x00, 0x00, 0x80, 0x00, 0xF7, 0x83, 0x85, 0x80, 0x01, 0x00, 0x08, 0x00, 0x19, 0x00, 0x00,
    0x00, 0x0B, 0xDC, 0xDC, 0x2A, 0x2A, 0xCB, 0x19, 0x62, 0x6A, 0x16, 0xC2, 0x2A, 0x2A, 0x83, 0x82,
    0x00, 0x05, 0x81, 0x01, 0xE2, 0x1F, 0x81, 0x00, 0xFB, 0x84, 0x80, 0x01, 0x00, 0x08, 0x00, 0x05,
    0x00, 0x00, 0x00, 0x80, 0x00, 0xBB, 0x83, 0x85, 0x80, 0x01, 0x00, 0x08, 0x00, 0x08, 0x00, 0x00,
    0x03, 0x02, 0x01, 0x02, 0x02, 0x02, 0xE2, 0x30, 0x10, 0x80, 0x01, 0x38, 0x00, 0x00, 0x80, 0x01,
    0x00, 0x08, 0x00, 0x05, 0x00, 0x00, 0x00, 0x80, 0x00, 0x04, 0x83, 0x85, 0x80, 0x01, 0x00, 0x08,
    0x00, 0x05, 0x00, 0x00, 0x00, 0x80, 0x00, 0x30, 0x83, 0x85, 0x80, 0x01, 0x00, 0x08, 0x00, 0x05,
    0x00, 0x00, 0x00, 0x80, 0x00, 0xBC, 0x83, 0x85, 0x80, 0x01, 0x00, 0x08, 0x00, 0x05, 0x00, 0x00,
    0x00, 0x80, 0x00, 0x07, 0x83, 0x85, 0x80, 0x01, 0x00, 0x08, 0x00, 0x16, 0x00, 0x00, 0x00, 0x09,
    0xFB, 0xFB, 0x02, 0x02, 0xE0, 0xE0, 0x2D, 0x2D, 0x0F, 0x0F, 0x83, 0x03, 0xE5, 0x17, 0x1A, 0xE8,
    0x82, 0x01, 0x38, 0x38, 0x84, 0x00, 0x80, 0x01, 0x00, 0x08, 0x00, 0x1F, 0x00, 0x00, 0x00, 0x0F,
    0xE2, 0xE2, 0x61, 0xFC, 0x04, 0x9E, 0x1F, 0x1F, 0xD0, 0xD0, 0xC8, 0x25, 0xD9, 0x36, 0x2E, 0x2E,
    0x83, 0x82, 0x01, 0x6E, 0x6E, 0x83, 0x01, 0xC0, 0xC0, 0x81, 0x01, 0xC6, 0xC6, 0x84, 0x80, 0x01,
    0x00, 0x08, 0x00, 0x1B, 0x00, 0x00, 0x0A, 0x09, 0x00, 0x02, 0x01, 0x01, 0x03, 0x02, 0x02, 0x01,
    0x01, 0x03, 0x09, 0xE2, 0x2D, 0xC9, 0xD1, 0xD2, 0x1F, 0xD3, 0x37, 0x2F, 0x2E, 0x81, 0x42, 0x00,
    0x8A, 0x00, 0x8A, 0x00, 0x8A, 0x81, 0x42, 0xFF, 0x7E, 0xFF, 0x7E, 0xFF, 0x7E, 0x00, 0x80, 0x01,
    0x00, 0x08, 0x00, 0x05, 0x00, 0x00, 0x00, 0x80, 0x00, 0xCD, 0x83, 0x85, 0x80, 0x01, 0x00, 0x08,
    0x00, 0x24, 0x00, 0x00, 0x0E, 0x0D, 0x00, 0x02, 0x01, 0x01, 0x03, 0x02, 0x02, 0x01, 0x01, 0x03,
    0x03, 0x02, 0x02, 0x02, 0x0D, 0xE2, 0x2D, 0xC9, 0xD1, 0xD2, 0x1F, 0xD3, 0x37, 0x2F, 0x2E, 0x1F,
    0xF8, 0xF6, 0xD2, 0x81, 0x42, 0x00, 0x8A, 0x00, 0x8A, 0x00, 0x8A, 0x81, 0x42, 0xFF, 0x7E, 0xFF,
    0x7E, 0xFF, 0x7E, 0x03, 0x27, 0x00, 0x30, 0x11, 0x80, 0x01, 0x00, 0x08, 0x00, 0x2D, 0x00, 0x00,
    0x00, 0x80, 0x18, 0xF6, 0xEC, 0xEC, 0xEC, 0xF6, 0x00, 0x09, 0x14, 0x14, 0x14, 0x09, 0x00, 0xE2,
    0xC2, 0xC2, 0xC2, 0xC2, 0xE2, 0x00, 0x1E, 0x3D, 0x3D, 0x3D, 0x3D, 0x1E, 0x83, 0x8B, 0x0D, 0x35,
    0x35, 0x14, 0xF3, 0x0D, 0xEC, 0xCB, 0xCB, 0xCB, 0xEC, 0x0D, 0xF3, 0x14, 0x35, 0x83, 0x80, 0x01,
    0x00, 0x08, 0x00, 0x05, 0x00, 0x00, 0x00, 0x80, 0x00, 0xEE, 0x83, 0x85, 0x80, 0x01, 0x00, 0x08,
    0x00, 0x44, 0x00, 0x00, 0x00, 0x80, 0x24, 0xF6, 0xEC, 0xEC, 0xEC, 0xF6, 0x00, 0x09, 0x14, 0x14,
    0x14, 0x09, 0x00, 0xE3, 0xC3, 0xC3, 0xC3, 0xC3, 0xE3, 0x00, 0x1E, 0x3D, 0x3D, 0x3D, 0x3D, 0x1E,
    0xF0, 0x00, 0x04, 0xE4, 0xE8, 0xE9, 0x11, 0x00, 0xFC, 0x1C, 0x19, 0x16, 0x83, 0x8B, 0x12, 0x34,
    0x34, 0x14, 0xF3, 0x0D, 0xEC, 0xCC, 0xCC, 0xCC, 0xEC, 0x0D, 0xF3, 0x14, 0x34, 0x00, 0x15, 0x15,
    0xFD, 0xFD, 0x81, 0x03, 0xEC, 0xEC, 0x04, 0x04, 0x84, 0x00, 0x80, 0x01, 0x00, 0x08, 0x00, 0x3B,
    0x00, 0x00, 0x00, 0x06, 0xFB, 0xF3, 0xEB, 0xEB, 0xEB, 0xF3, 0xFB, 0x81, 0x07, 0xFF, 0x1D, 0x3D,
    0x3D, 0x3D, 0x3D, 0x1D, 0xFF, 0x81, 0x0B, 0xE0, 0xE0, 0x0F, 0x0F, 0x2F, 0x2F, 0x09, 0x09, 0x2F,
    0x2F, 0x0F, 0x0F, 0x83, 0x81, 0x00, 0x01, 0x84, 0x09, 0xC8, 0xC8, 0xC8, 0xE9, 0x0B, 0xF5, 0x17,
    0x38, 0x38, 0x38, 0x83, 0x07, 0xC8, 0xC8, 0x1A, 0x1A, 0xE6, 0xE6, 0x38, 0x38, 0x84, 0x80, 0x01,
    0x00, 0x08, 0x00, 0x27, 0x00, 0x00, 0x00, 0x12, 0xE0, 0xE0, 0xF5, 0x0A, 0x16, 0x16, 0x16, 0x0B,
    0xF7, 0x2E, 0x2E, 0xF1, 0xC6, 0xC6, 0xC6, 0xC6, 0xF1, 0x2E, 0x2E, 0x83, 0x83, 0x0E, 0xF9, 0xF0,
    0xE8, 0xE1, 0xE1, 0xE1, 0x00, 0x14, 0x14, 0xEC, 0xF4, 0xCC, 0xCC, 0xCC, 0x14, 0x83, 0x80, 0x01,
    0x00, 0x08, 0x00, 0x2B, 0x00, 0x00, 0x00, 0x14, 0xDF, 0xDF, 0x2D, 0x2D, 0x10, 0x10, 0xEF, 0xC6,
    0xC6, 0xC6, 0xC6, 0xEF, 0x10, 0x10, 0xF4, 0x09, 0x15, 0x15, 0x15, 0x09, 0xF5, 0x83, 0x83, 0x10,
    0xF2, 0x25, 0x25, 0x25, 0xFC, 0x04, 0xDB, 0xDB, 0xDB, 0x0E, 0x0E, 0x0E, 0x0C, 0x00, 0xF7, 0xF2,
    0xF2, 0x83, 0x80, 0x01, 0x00, 0x08, 0x00, 0x31, 0x00, 0x00, 0x00, 0x80, 0x1C, 0xF6, 0xEC, 0xEC,
    0xEC, 0xF6, 0x00, 0x09, 0x14, 0x14, 0x14, 0x09, 0x00, 0xE2, 0xC2, 0xC2, 0xC2, 0xC2, 0xE2, 0x00,
    0x1E, 0x3D, 0x3D, 0x3D, 0x3D, 0x1E, 0xE9, 0xE9, 0x20, 0x20, 0x83, 0x8B, 0x0D, 0x35, 0x35, 0x14,
    0xF3, 0x0D, 0xEC, 0xCB, 0xCB, 0xCB, 0xEC, 0x0D, 0xF3, 0x14, 0x35, 0x87, 0x80, 0x01, 0x00, 0x08,
    0x00, 0x2F, 0x00, 0x00, 0x00, 0x16, 0xDE, 0xDE, 0xF3, 0x05, 0x15, 0x15, 0x15, 0x08, 0xF4, 0x2C,
    0x2C, 0xBD, 0xD3, 0x29, 0x15, 0xEF, 0xC5, 0xC5, 0xC5, 0xC5, 0xEF, 0x2C, 0x2C, 0x83, 0x83, 0x05,
    0xFE, 0xF2, 0xEB, 0xE1, 0xE1, 0xE1, 0x81, 0x0A, 0xFF, 0xFF, 0x00, 0x14, 0x14, 0xEC, 0xF4, 0xCC,
    0xCC, 0xCC, 0x14, 0x83, 0x80, 0x01, 0x00, 0x08, 0x00, 0x05, 0x00, 0x00, 0x00, 0x80, 0x00, 0xF6,
    0x83, 0x85, 0x80, 0x01, 0x00, 0x08, 0x00, 0x05, 0x00, 0x00, 0x00, 0x80, 0x00, 0xF6, 0x83, 0x85,
    0x80, 0x01, 0x00, 0x08, 0x00, 0x05, 0x00, 0x00, 0x00, 0x80, 0x00, 0xBB, 0x83, 0x85, 0x80, 0x01,
    0x00, 0x08, 0x00, 0x59, 0x00, 0x00, 0x00, 0x2B, 0xFF, 0xF3, 0xE9, 0xE9, 0x37, 0x37, 0x37, 0x18,
    0xFF, 0xE5, 0xC7, 0xC7, 0xC7, 0xC7, 0xDB, 0xF4, 0xF4, 0xEE, 0xEB, 0xEB, 0xEB, 0xF5, 0x01, 0x0D,
    0x16, 0x15, 0xC9, 0xC9, 0xC9, 0xE6, 0x01, 0x1A, 0x39, 0x39, 0x39, 0x39, 0x24, 0x0C, 0x0C, 0x11,
    0x15, 0x15, 0x15, 0x0B, 0x83, 0x81, 0x12, 0x06, 0x0A, 0x0A, 0xFD, 0x16, 0x35, 0x35, 0x35, 0x1C,
    0x04, 0x0A, 0xF8, 0xE6, 0xE1, 0xE3, 0xE5, 0xED, 0xF4, 0xFB, 0x82, 0x12, 0xFA, 0xF6, 0xF6, 0x03,
    0xEA, 0xCB, 0xCB, 0xCB, 0xE5, 0xFC, 0xF6, 0x07, 0x1B, 0x1F, 0x1D, 0x1B, 0x14, 0x0D, 0x05, 0x84,
    0x80, 0x01, 0x00, 0x08, 0x00, 0x05, 0x00, 0x00, 0x00, 0x80, 0x00, 0x01, 0x83, 0x85, 0x80, 0x01,
    0x00, 0x08, 0x00, 0x05, 0x00, 0x00, 0x00, 0x80, 0x00, 0x01, 0x83, 0x85, 0x80, 0x01, 0x00, 0x08,
    0x00, 0x05, 0x00, 0x00, 0x00, 0x80, 0x00, 0xFF, 0x83, 0x85, 0x80, 0x01, 0x00, 0x08, 0x00, 0x05,
    0x00, 0x00, 0x00, 0x80, 0x00, 0xC4, 0x83, 0x85, 0x80, 0x01, 0x00, 0x08, 0x00, 0x34, 0x00, 0x00,
    0x00, 0x19, 0xDD, 0xDD, 0x14, 0x14, 0x3D, 0x10, 0xF7, 0x09, 0x14, 0x14, 0x14, 0x06, 0xF1, 0x0C,
    0x0C, 0xED, 0xC4, 0xC4, 0xC4, 0xC4, 0xED, 0x08, 0x08, 0xC5, 0x2B, 0x2B, 0x83, 0x82, 0x07, 0xCE,
    0xE8, 0x11, 0x11, 0x11, 0x11, 0x0A, 0x01, 0x82, 0x0A, 0x32, 0x32, 0x32, 0x08, 0x0E, 0xE4, 0xE4,
    0xE4, 0x11, 0xCE, 0xCE, 0x84, 0x00, 0x80, 0x01, 0x00, 0x08, 0x00, 0x0A, 0x00, 0x00, 0x04, 0x03,
    0x01, 0x02, 0x02, 0x02, 0x03, 0xDA, 0xED, 0x14, 0x28, 0x03, 0xC8, 0x00, 0xC8, 0x00, 0x80, 0x01,
    0x00, 0x08, 0x00, 0x05, 0x00, 0x00, 0x00, 0x80, 0x00, 0xC5, 0x83, 0x85, 0x80, 0x01, 0x00, 0x08,
    0x00, 0x26, 0x00, 0x00, 0x00, 0x80, 0x10, 0xF5, 0xE6, 0xE6, 0xE6, 0x35, 0x35, 0x35, 0x1B, 0x00,
    0xE5, 0xCC, 0xCC, 0xCC, 0x19, 0x19, 0x19, 0x0C, 0x83, 0x81, 0x01, 0x0B, 0x12, 0x81, 0x06, 0x06,
    0x1F, 0x35, 0x35, 0x35, 0x1F, 0x06, 0x81, 0x01, 0x12, 0x0B, 0x84, 0x00, 0x80, 0x01, 0x00, 0x08,
    0x00, 0x05, 0x00, 0x00, 0x00, 0x80, 0x00, 0x03, 0x83, 0x85, 0x80, 0x01, 0x00, 0x08, 0x00, 0x05,
    0x00, 0x00, 0x00, 0x80, 0x00, 0x03, 0x83, 0x85, 0x80, 0x01, 0x00, 0x08, 0x00, 0x05, 0x00, 0x00,
    0x00, 0x80, 0x00, 0x03, 0x83, 0x85, 0x80, 0x01, 0x00, 0x08, 0x00, 0x05, 0x00, 0x00, 0x00, 0x80,
    0x00, 0x03, 0x83, 0x85, 0x80, 0x01, 0x00, 0x08, 0x00, 0x05, 0x00, 0x00, 0x00, 0x80, 0x00, 0x03,
    0x83, 0x85, 0x80, 0x01, 0x00, 0x08, 0x00, 0x05, 0x00, 0x00, 0x00, 0x80, 0x00, 0x03, 0x83, 0x85,
    0x80, 0x01, 0x00, 0x08, 0x00, 0x05, 0x00, 0x00, 0x00, 0x80, 0x00, 0xF1, 0x83, 0x85, 0x80, 0x01,
    0x00, 0x08, 0x00, 0x05, 0x00, 0x00, 0x00, 0x80, 0x00, 0x05, 0x83, 0x85, 0x80, 0x01, 0x00, 0x08,
    0x00, 0x05, 0x00, 0x00, 0x00, 0x80, 0x00, 0x03, 0x83, 0x85, 0x80, 0x01, 0x00, 0x08, 0x00, 0x0F,
    0x00, 0x00, 0x00, 0x07, 0xD3, 0xED, 0x3A, 0xFE, 0x06, 0xCB, 0x14, 0x2D, 0x83, 0x82, 0x01, 0x5A,
    0x5A, 0x86, 0x80, 0x01, 0x00, 0x08, 0x00, 0x1F, 0x00, 0x00, 0x00, 0x0F, 0xD2, 0xEC, 0x37, 0x04,
    0x0C, 0xDB, 0x29, 0xF8, 0x00, 0xCD, 0x14, 0x2E, 0xD5, 0x03, 0xFB, 0x2B, 0x83, 0x82, 0x01, 0x5A,
    0x5A, 0x81, 0x01, 0x5A, 0x5A, 0x83, 0x01, 0xA0, 0xA0, 0x84, 0x80, 0x01, 0x00, 0x08, 0x00, 0x05,
    0x00, 0x00, 0x00, 0x80, 0x00, 0x02, 0x83, 0x85, 0x80, 0x01, 0x00, 0x08, 0x00, 0x05, 0x00, 0x00,
    0x00, 0x80, 0x00, 0x02, 0x83, 0x85, 0x80, 0x01, 0x00, 0x08, 0x00, 0x05, 0x00, 0x00, 0x00, 0x80,
    0x00, 0x02, 0x83, 0x85, 0x80, 0x01, 0x00, 0x08, 0x00, 0x05, 0x00, 0x00, 0x00, 0x80, 0x00, 0x02,
    0x83, 0x85, 0x80, 0x01, 0x00, 0x08, 0x00, 0x23, 0x00, 0x00, 0x00, 0x0F, 0xE9, 0xD2, 0xD3, 0xE9,
    0x3C, 0xFE, 0x06, 0xC8, 0x17, 0x2D, 0x2E, 0x17, 0xC4, 0x02, 0xFA, 0x38, 0x83, 0x80, 0x01, 0x20,
    0xF7, 0x81, 0x01, 0x2D, 0x2D, 0x81, 0x01, 0xF7, 0x20, 0x81, 0x01, 0xD3, 0xD3, 0x84, 0x80, 0x01,
    0x00, 0x08, 0x00, 0x17, 0x00, 0x00, 0x00, 0x09, 0xD8, 0xD8, 0xED, 0x3C, 0xFE, 0x06, 0xC9, 0x14,
    0x27, 0x27, 0x83, 0x80, 0x00, 0xE4, 0x81, 0x01, 0x2D, 0x2D, 0x81, 0x00, 0xE4, 0x84, 0x80, 0x01,
    0x00, 0x08, 0x00, 0x05, 0x00, 0x00, 0x00, 0x80, 0x00, 0x02, 0x83, 0x85, 0x80, 0x01, 0x00, 0x08,
    0x00, 0x05, 0x00, 0x00, 0x00, 0x80, 0x00, 0x02, 0x83, 0x85, 0x80, 0x01, 0x00, 0x08, 0x00, 0x05,
    0x00, 0x00, 0x00, 0x80, 0x00, 0x02, 0x83, 0x85, 0x80, 0x01, 0x00, 0x08, 0x00, 0x05, 0x00, 0x00,
    0x00, 0x80, 0x00, 0x02, 0x83, 0x85, 0x80, 0x01, 0x00, 0x08, 0x00, 0x0E, 0x00, 0x00, 0x06, 0x05,
    0x01, 0x01, 0x02, 0x02, 0x01, 0x02, 0x05, 0xF0, 0xB2, 0xF0, 0x0F, 0x4E, 0x0F, 0x05, 0x3B, 0xC5,
    0x00, 0xC5, 0x3B, 0x00, 0x80, 0x01, 0x00, 0x08, 0x00, 0x55, 0x00, 0x00, 0x00, 0x29, 0xDD, 0xE3,
    0xE9, 0xE9, 0xE9, 0xE7, 0xE6, 0xCE, 0xCE, 0x00, 0x1A, 0x37, 0x37, 0x37, 0x37, 0x21, 0x07, 0xCE,
    0xCE, 0xCE, 0xCE, 0xCE, 0xCE, 0xE4, 0xFE, 0x12, 0x29, 0x33, 0x33, 0x33, 0xE7, 0xE7, 0x00, 0x0C,
    0x1A, 0x1A, 0x1A, 0xD2, 0xD2, 0xCA, 0xD3, 0xDA, 0x83, 0x81, 0x1C, 0x05, 0x06, 0x0A, 0x0E, 0x0D,
    0x0B, 0xE2, 0xE8, 0xEA, 0xFD, 0x0F, 0x07, 0x1C, 0x30, 0x30, 0x30, 0xF6, 0xE2, 0xE5, 0xFF, 0xE5,
    0xCD, 0xCD, 0xCD, 0xDA, 0xF0, 0xFA, 0xF6, 0xF6, 0x82, 0x01, 0xFD, 0xFC, 0x81, 0x02, 0x10, 0x10,
    0x09, 0x84, 0x80, 0x01, 0x00, 0x08, 0x00, 0x05, 0x00, 0x00, 0x00, 0x80, 0x00, 0x01, 0x83, 0x85,
    0x80, 0x01, 0x00, 0x08, 0x00, 0x05, 0x00, 0x00, 0x00, 0x80, 0x00, 0x01, 0x83, 0x85, 0x80, 0x01,
    0x00, 0x08, 0x00, 0x05, 0x00, 0x00, 0x00, 0x80, 0x00, 0x01, 0x83, 0x85, 0x80, 0x01, 0x00, 0x08,
    0x00, 0x05, 0x00, 0x00, 0x00, 0x80, 0x00, 0x01, 0x83, 0x85, 0x80, 0x01, 0x00, 0x08, 0x00, 0x05,
    0x00, 0x00, 0x00, 0x80, 0x00, 0x01, 0x83, 0x85, 0x80, 0x01, 0x00, 0x08, 0x00, 0x05, 0x00, 0x00,
    0x00, 0x80, 0x00, 0xEF, 0x83, 0x85, 0x80, 0x01, 0x00, 0x08, 0x00, 0x72, 0x00, 0x00, 0x00, 0x38,
    0xF2, 0xE9, 0xE9, 0xE9, 0xE4, 0xE4, 0xE4, 0x1A, 0x1A, 0x1D, 0x1D, 0x1D, 0x17, 0x0B, 0x0B, 0xDD,
    0xE3, 0xE9, 0xE9, 0xE9, 0xE7, 0xE6, 0xCE, 0xCE, 0x00, 0x1A, 0x37, 0x37, 0x37, 0x37, 0x21, 0x07,
    0xCE, 0xCE, 0xCE, 0xCE, 0xCE, 0xCE, 0xE4, 0xFE, 0x12, 0x29, 0x33, 0x33, 0x33, 0xE7, 0xE7, 0x00,
    0x0C, 0x1A, 0x1A, 0x1A, 0xD2, 0xD2, 0xCA, 0xD3, 0xDA, 0x83, 0x81, 0x0B, 0x06, 0x09, 0x00, 0xF8,
    0x04, 0x00, 0x0C, 0x19, 0x1C, 0x22, 0x22, 0x22, 0x82, 0x1C, 0x05, 0x06, 0x0A, 0x0E, 0x0D, 0x0B,
    0xE2, 0xE8, 0xEA, 0xFD, 0x0F, 0x07, 0x1C, 0x30, 0x30, 0x30, 0xF6, 0xE2, 0xE5, 0xFF, 0xE5, 0xCD,
    0xCD, 0xCD, 0xDA, 0xF0, 0xFA, 0xF6, 0xF6, 0x82, 0x01, 0xFD, 0xFC, 0x81, 0x02, 0x10, 0x10, 0x09,
    0x84, 0x00, 0x80, 0x01, 0x00, 0x08, 0x00, 0x05, 0x00, 0x00, 0x00, 0x80, 0x00, 0x01, 0x83, 0x85,
    0x80, 0x01, 0x00, 0x08, 0x00, 0x05, 0x00, 0x00, 0x00, 0x80, 0x00, 0x01, 0x83, 0x85, 0x80, 0x01,
    0x00, 0x08, 0x00, 0x92, 0x00, 0x00, 0x00, 0x3F, 0xDC, 0xE2, 0xE7, 0xE7, 0xE7, 0xE7, 0xEA, 0xD2,
    0xD2, 0x04, 0x1B, 0x36, 0x36, 0x36, 0x36, 0x21, 0x09, 0xD2, 0xD2, 0xD2, 0xD2, 0xD2, 0xD2, 0xE8,
    0x00, 0x13, 0x29, 0x32, 0x32, 0x32, 0xE6, 0xE6, 0x01, 0xFC, 0xFB, 0xFC, 0x05, 0x06, 0x02, 0xFC,
    0x07, 0x13, 0x13, 0x13, 0x12, 0x12, 0x02, 0xC3, 0xC3, 0xC3, 0xDF, 0xFC, 0x19, 0x35, 0x35, 0x35,
    0x35, 0x19, 0xFC, 0xE5, 0xCF, 0xC7, 0xC7, 0xC7, 0x09, 0x14, 0x15, 0x07, 0xFC, 0xEE, 0xE1, 0xE4,
    0xDC, 0xE1, 0xD9, 0x83, 0x81, 0x1C, 0x05, 0x06, 0x0A, 0x0E, 0x0D, 0x0B, 0xE2, 0xE8, 0xEB, 0xFD,
    0x0F, 0x07, 0x1C, 0x30, 0x30, 0x30, 0xF6, 0xE2, 0xE5, 0xFF, 0xE5, 0xCD, 0xCD, 0xCD, 0xDA, 0xF0,
    0xFA, 0xF6, 0xF6, 0x82, 0x03, 0x0C, 0x11, 0x11, 0x0C, 0x84, 0x16, 0xEC, 0xEC, 0x14, 0x14, 0x05,
    0x10, 0xEF, 0xCF, 0xCF, 0xCF, 0xEF, 0x10, 0xF3, 0x14, 0x33, 0x33, 0x33, 0x22, 0x0D, 0x06, 0x0A,
    0x0A, 0x06, 0x82, 0x03, 0x0A, 0x13, 0x13, 0x0A, 0x84, 0x00, 0x80, 0x01, 0x00, 0x08, 0x00, 0x30,
    0x00, 0x00, 0x18, 0x17, 0x00, 0x01, 0x01, 0x01, 0x02, 0x02, 0x02, 0x02, 0x01, 0x01, 0x01, 0x01,
    0x01, 0x01, 0x01, 0x02, 0x01, 0x01, 0x04, 0x01, 0x04, 0x02, 0x01, 0x02, 0x17, 0x22, 0x22, 0x27,
    0x34, 0x2C, 0xE5, 0x31, 0x31, 0x32, 0x3A, 0x2C, 0x23, 0x22, 0x17, 0x13, 0x13, 0x14, 0x1A, 0xC3,
    0xC3, 0x17, 0x31, 0x31, 0x17, 0x81, 0x01, 0x09, 0x09, 0x81, 0x04, 0xF8, 0xF9, 0xFB, 0xFB, 0xFC,
    0x82, 0x09, 0xFC, 0x02, 0x02, 0x00, 0xF3, 0x0D, 0xCD, 0x0D, 0xF3, 0x33, 0x80, 0x01, 0x00, 0x08,
    0x00, 0x3D, 0x00, 0x00, 0x00, 0x1E, 0x01, 0xF6, 0xEC, 0xEC, 0xEC, 0xF6, 0x01, 0x0C, 0x15, 0x14,
    0xC7, 0xC7, 0xC7, 0xD4, 0xED, 0x01, 0x1D, 0x3B, 0x3B, 0x3B, 0x3B, 0x1D, 0x01, 0xED, 0xD4, 0xC7,
    0xC7, 0xC7, 0x14, 0x15, 0x0C, 0x83, 0x81, 0x00, 0x01, 0x84, 0x15, 0xFA, 0xF6, 0xF6, 0x00, 0xF4,
    0xDC, 0xCD, 0xCD, 0xCD, 0xED, 0x0D, 0xF3, 0x13, 0x33, 0x33, 0x33, 0x24, 0x0C, 0xFE, 0x0A, 0x0A,
    0x05, 0x84, 0x80, 0x01, 0x00, 0x08, 0x00, 0x05, 0x00, 0x00, 0x00, 0x80, 0x00, 0x01, 0x83, 0x85,
    0x80, 0x01, 0x00, 0x08, 0x00, 0x05, 0x00, 0x00, 0x00, 0x80, 0x00, 0x01, 0x83, 0x85, 0x80, 0x01,
    0x00, 0x08, 0x00, 0x05, 0x00, 0x00, 0x00, 0x80, 0x00, 0x01, 0x83, 0x85, 0x80, 0x01, 0x00, 0x08,
    0x00, 0x05, 0x00, 0x00, 0x00, 0x80, 0x00, 0x01, 0x83, 0x85, 0x80, 0x01, 0x00, 0x08, 0x00, 0x30,
    0x00, 0x00, 0x18, 0x17, 0x00, 0x01, 0x01, 0x01, 0x02, 0x01, 0x01, 0x01, 0x01, 0x01, 0x01, 0x01,
    0x02, 0x02, 0x02, 0x02, 0x01, 0x01, 0x04, 0x01, 0x04, 0x02, 0x01, 0x02, 0x17, 0xDF, 0xE6, 0xEC,
    0xEE, 0xEE, 0xE8, 0xDF, 0xDC, 0xD4, 0xC5, 0xCE, 0xCF, 0xCE, 0x1B, 0xD4, 0xCC, 0xD8, 0xDE, 0xCE,
    0xCE, 0x23, 0x3D, 0x3D, 0x23, 0x81, 0x02, 0x02, 0x02, 0xFC, 0x82, 0x04, 0xFC, 0xFB, 0xFB, 0xF9,
    0xF8, 0x81, 0x08, 0x09, 0x09, 0x00, 0xF3, 0x0D, 0xCD, 0x0D, 0xF3, 0x33, 0x80, 0x01, 0x00, 0x08,
    0x00, 0x05, 0x00, 0x00, 0x00, 0x80, 0x00, 0x1B, 0x83, 0x85, 0x80, 0x01, 0x00, 0x08, 0x00, 0x34,
    0x00, 0x00, 0x1A, 0x19, 0x00, 0x01, 0x01, 0x01, 0x02, 0x01, 0x01, 0x01, 0x01, 0x01, 0x01, 0x01,
    0x02, 0x02, 0x02, 0x02, 0x01, 0x01, 0x04, 0x01, 0x04, 0x02, 0x01, 0x02, 0x02, 0x02, 0x19, 0xDF,
    0xE6, 0xEC, 0xEE, 0xEE, 0xE8, 0xDF, 0xDC, 0xD4, 0xC5, 0xCE, 0xCF, 0xCE, 0x1B, 0xD4, 0xCC, 0xD8,
    0xDE, 0xCE, 0xCE, 0x23, 0x3D, 0x3D, 0x23, 0xE5, 0x04, 0x81, 0x02, 0x02, 0x02, 0xFC, 0x82, 0x04,
    0xFC, 0xFB, 0xFB, 0xF9, 0xF8, 0x81, 0x0A, 0x09, 0x09, 0x00, 0xF3, 0x0D, 0xCD, 0x0D, 0xF3, 0x33,
    0x0E, 0xEA, 0x80, 0x01, 0x00, 0x08, 0x00, 0x53, 0x00, 0x00, 0x00, 0x27, 0xFC, 0xF4, 0xEC, 0xEC,
    0xEC, 0xEB, 0xE6, 0xE1, 0xDA, 0xC9, 0xC6, 0xCF, 0xD5, 0xDC, 0xD3, 0x2E, 0x1E, 0x13, 0x14, 0x14,
    0x14, 0x07, 0xFB, 0xDE, 0xC1, 0xC1, 0xC1, 0xC1, 0xE0, 0xFE, 0x1B, 0x3B, 0x3B, 0x3B, 0x3B, 0x1A,
    0xEF, 0xEF, 0x12, 0x12, 0x83, 0x81, 0x0B, 0xFD, 0xFA, 0xF4, 0xF3, 0xF6, 0xF6, 0xF6, 0xEC, 0xE5,
    0xE5, 0xDD, 0xE9, 0x81, 0x17, 0x0E, 0x15, 0x15, 0x19, 0x0A, 0x00, 0x33, 0x33, 0x13, 0xF0, 0x08,
    0xE6, 0xC8, 0xC8, 0xC8, 0xE6, 0x0A, 0xF1, 0x14, 0x33, 0xEE, 0x0D, 0x14, 0xF4, 0x83, 0x80, 0x01,
    0x00, 0x08, 0x00, 0x3E, 0x00, 0x00, 0x00, 0x21, 0xFF, 0xF5, 0xEC, 0xEC, 0xEC, 0xF5, 0xFF, 0x0A,
    0x13, 0x13, 0x13, 0x18, 0x18, 0x02, 0xC3, 0xC3, 0xC3, 0xE1, 0xFF, 0x1E, 0x3B, 0x3B, 0x3B, 0x3B,
    0x1E, 0xFF, 0xE8, 0xCF, 0xC7, 0xC7, 0xC7, 0x15, 0x16, 0x0A, 0x83, 0x89, 0x16, 0xEC, 0xEC, 0x14,
    0x14, 0x03, 0x10, 0xEF, 0xCF, 0xCF, 0xCF, 0xEF, 0x10, 0xF3, 0x14, 0x33, 0x33, 0x33, 0x22, 0x0D,
    0x06, 0x0A, 0x0A, 0x06, 0x84, 0x00, 0x80, 0x01, 0x00, 0x08, 0x00, 0x05, 0x00, 0x00, 0x00, 0x80,
    0x00, 0xFF, 0x83, 0x85, 0x80, 0x01, 0x00, 0x08, 0x00, 0x05, 0x00, 0x00, 0x00, 0x80, 0x00, 0xFF,
    0x83, 0x85, 0x80, 0x01, 0x00, 0x08, 0x00, 0x05, 0x00, 0x00, 0x00, 0x80, 0x00, 0xFF, 0x83, 0x85,
    0x80, 0x01, 0x00, 0x08, 0x00, 0x05, 0x00, 0x00, 0x00, 0x80, 0x00, 0xFF, 0x83, 0x85, 0x80, 0x01,
    0x00, 0x08, 0x00, 0x05, 0x00, 0x00, 0x00, 0x80, 0x00, 0xFF, 0x83, 0x85, 0x80, 0x01, 0x00, 0x08,
    0x00, 0x05, 0x00, 0x00, 0x00, 0x80, 0x00, 0xFF, 0x83, 0x85, 0x80, 0x01, 0x00, 0x08, 0x00, 0x05,
    0x00, 0x00, 0x00, 0x80, 0x00, 0xED, 0x83, 0x85, 0x80, 0x01, 0x00, 0x08, 0x00, 0x5B, 0x00, 0x00,
    0x00, 0x30, 0xFD, 0xF4, 0xF4, 0xF4, 0xFE, 0x08, 0x08, 0x0A, 0x1B, 0x27, 0x27, 0x27, 0x22, 0x15,
    0x15, 0xFF, 0xF5, 0xEC, 0xEC, 0xEC, 0xF5, 0xFF, 0x0A, 0x13, 0x13, 0x13, 0x18, 0x18, 0x02, 0xC3,
    0xC3, 0xC3, 0xE1, 0xFF, 0x1E, 0x3B, 0x3B, 0x3B, 0x3B, 0x1E, 0xFF, 0xE8, 0xCF, 0xC7, 0xC7, 0xC7,
    0x15, 0x16, 0x0A, 0x83, 0x81, 0x0B, 0x06, 0x0B, 0x05, 0xF9, 0x04, 0xFF, 0x0F, 0x19, 0x1C, 0x22,
    0x22, 0x22, 0x8A, 0x16, 0xEC, 0xEC, 0x14, 0x14, 0x03, 0x10, 0xEF, 0xCF, 0xCF, 0xCF, 0xEF, 0x10,
    0xF3, 0x14, 0x33, 0x33, 0x33, 0x22, 0x0D, 0x06, 0x0A, 0x0A, 0x06, 0x84, 0x80, 0x01, 0x00, 0x08,
    0x00, 0x0E, 0x00, 0x00, 0x06, 0x05, 0x00, 0x02, 0x02, 0x02, 0x03, 0x02, 0x05, 0xE0, 0x07, 0x05,
    0x2D, 0x00, 0x05, 0x02, 0xD9, 0x00, 0xD7, 0x81, 0x00, 0xD0, 0x80, 0x01, 0x00, 0x08, 0x00, 0x64,
    0x00, 0x00, 0x00, 0x30, 0xFE, 0xEF, 0xE5, 0xE5, 0x2F, 0x2F, 0x2F, 0x18, 0xFC, 0xE7, 0xCB, 0xCB,
    0xCB, 0xCB, 0xCA, 0xC3, 0xD0, 0xD9, 0xDC, 0xE7, 0xEB, 0xEB, 0xEB, 0xEA, 0xE3, 0xDC, 0xDB, 0xD6,
    0xCA, 0xD1, 0xD1, 0x19, 0x19, 0x19, 0x0D, 0x04, 0xE7, 0xCC, 0xCC, 0xCC, 0xCC, 0xE7, 0x04, 0x20,
    0x3B, 0x3B, 0x3B, 0x3B, 0x20, 0x83, 0x81, 0x15, 0x04, 0x0A, 0x0A, 0x09, 0x17, 0x30, 0x30, 0x30,
    0x1B, 0x0B, 0x09, 0x09, 0x07, 0x07, 0x08, 0x06, 0x06, 0x06, 0x04, 0x00, 0xFE, 0xFF, 0x82, 0x02,
    0xF8, 0xF7, 0xF7, 0x81, 0x10, 0x0B, 0x04, 0x00, 0x33, 0x33, 0x10, 0xF1, 0x0F, 0xF0, 0xCD, 0xCD,
    0xCD, 0xF0, 0x0F, 0xF1, 0x10, 0x33, 0x83, 0x00, 0x80, 0x01, 0x00, 0x08, 0x00, 0x05, 0x00, 0x00,
    0x00, 0x80, 0x00, 0x04, 0x83, 0x85, 0x80, 0x01, 0x00, 0x08, 0x00, 0x05, 0x00, 0x00, 0x00, 0x80,
    0x00, 0x04, 0x83, 0x85, 0x80, 0x01, 0x00, 0x08, 0x00, 0x05, 0x00, 0x00, 0x00, 0x80, 0x00, 0x04,
    0x83, 0x85, 0x80, 0x01, 0x00, 0x08, 0x00, 0x30, 0x00, 0x00, 0x00, 0x17, 0xE5, 0xE5, 0x31, 0x31,
    0x31, 0x31, 0x32, 0x3A, 0x31, 0x26, 0x26, 0x1F, 0x19, 0x19, 0x19, 0xCC, 0xCC, 0xCC, 0xE4, 0xFE,
    0x19, 0x31, 0x31, 0x31, 0x83, 0x82, 0x05, 0xEE, 0xEE, 0xEF, 0xF1, 0xF1, 0xF9, 0x82, 0x01, 0x04,
    0x0B, 0x81, 0x06, 0xFE, 0xE4, 0xCD, 0xCD, 0xCD, 0xE4, 0xFE, 0x84, 0x00, 0x80, 0x01, 0x00, 0x08,
    0x00, 0x39, 0x00, 0x00, 0x00, 0x1B, 0xE5, 0xE5, 0x31, 0x31, 0x31, 0x31, 0x32, 0x3A, 0x31, 0x26,
    0x26, 0x1F, 0x19, 0x19, 0x19, 0xCC, 0xCC, 0xCC, 0xE4, 0xFE, 0x19, 0x31, 0x31, 0x31, 0xFC, 0xFC,
    0x1B, 0x1B, 0x83, 0x82, 0x05, 0xEE, 0xEE, 0xEF, 0xF1, 0xF1, 0xF9, 0x82, 0x01, 0x04, 0x0B, 0x81,
    0x0B, 0xFE, 0xE4, 0xCD, 0xCD, 0xCD, 0xE4, 0xFE, 0x00, 0xEA, 0x0E, 0x0E, 0xEA, 0x83, 0x80, 0x01,
    0x00, 0x08, 0x00, 0x0C, 0x00, 0x00, 0x05, 0x04, 0x01, 0x02, 0x02, 0x02, 0x02, 0x04, 0xD1, 0xF4,
    0x1E, 0xD5, 0x1B, 0x00, 0xD0, 0x81, 0x01, 0x0A, 0xE4, 0x00, 0x80, 0x01, 0x00, 0x08, 0x00, 0x07,
    0x00, 0x00, 0x03, 0x02, 0x01, 0x02, 0x02, 0x02, 0xD1, 0xF4, 0x1E, 0x00, 0xD0, 0x81, 0x80, 0x01,
    0x00, 0x08, 0x00, 0x05, 0x00, 0x00, 0x00, 0x80, 0x00, 0xF7, 0x83, 0x85, 0x80, 0x01, 0x00, 0x08,
    0x00, 0x05, 0x00, 0x00, 0x00, 0x80, 0x00, 0xF7, 0x83, 0x85, 0x80, 0x01, 0x00, 0x08, 0x00, 0x05,
    0x00, 0x00, 0x00, 0x80, 0x00, 0xF7, 0x83, 0x85, 0x80, 0x01, 0x00, 0x08, 0x00, 0x05, 0x00, 0x00,
    0x00, 0x80, 0x00, 0xF7, 0x83, 0x85, 0x80, 0x01, 0x00, 0x08, 0x00, 0x05, 0x00, 0x00, 0x00, 0x80,
    0x00, 0xF7, 0x83, 0x85, 0x80, 0x01, 0x00, 0x08, 0x00, 0x05, 0x00, 0x00, 0x00, 0x80, 0x00, 0xE5,
    0x83, 0x85, 0x80, 0x01, 0x00, 0x08, 0x00, 0x22, 0x00, 0x00, 0x10, 0x0F, 0x00, 0x03, 0x01, 0x01,
    0x01, 0x01, 0x01, 0x01, 0x01, 0x02, 0x02, 0x02, 0x02, 0x02, 0x02, 0x02, 0x0F, 0xF5, 0xEC, 0xF1,
    0xF3, 0xF3, 0x1E, 0x1E, 0x20, 0x20, 0x1A, 0x0E, 0xD1, 0xF4, 0x1E, 0xD5, 0x1B, 0x80, 0x0A, 0x09,
    0x00, 0xF8, 0x04, 0x00, 0x0E, 0x19, 0x1C, 0x22, 0x00, 0xD0, 0x81, 0x01, 0x0A, 0xE4, 0x80, 0x01,
    0x00, 0x08, 0x00, 0x07, 0x00, 0x00, 0x00, 0x80, 0x02, 0xF7, 0x00, 0xF7, 0x83, 0x87, 0x80, 0x01,
    0x00, 0x08, 0x00, 0x10, 0x00, 0x00, 0x07, 0x06, 0x01, 0x02, 0x02, 0x02, 0x02, 0x02, 0x02, 0x06,
    0xF5, 0xD1, 0xF4, 0x1E, 0xF7, 0xD5, 0x1B, 0x06, 0x30, 0xD0, 0x00, 0x27, 0x00, 0x0A, 0xE4, 0x00,
    0x80, 0x01, 0x00, 0x08, 0x00, 0x0C, 0x00, 0x00, 0x05, 0x04, 0x01, 0x02, 0x02, 0x02, 0x02, 0x04,
    0xF5, 0xD1, 0xF4, 0x1E, 0xF7, 0x04, 0x30, 0xD0, 0x00, 0x27, 0x00, 0x00, 0x80, 0x01, 0x00, 0x08,
    0x00, 0x05, 0x00, 0x00, 0x00, 0x80, 0x00, 0xF7, 0x83, 0x85, 0x80, 0x01, 0x00, 0x08, 0x00, 0x19,
    0x00, 0x00, 0x00, 0x0B, 0xE3, 0xE3, 0x30, 0x30, 0xCC, 0x19, 0x66, 0x6F, 0x16, 0xC6, 0x30, 0x30,
    0x83, 0x82, 0x00, 0x05, 0x81, 0x01, 0xE3, 0x1E, 0x81, 0x00, 0xFB, 0x84, 0x80, 0x01, 0x00, 0x08,
    0x00, 0x05, 0x00, 0x00, 0x00, 0x80, 0x00, 0xC0, 0x83, 0x85, 0x80, 0x01, 0x00, 0x08, 0x00, 0x0A,
    0x00, 0x00, 0x04, 0x03, 0x00, 0x02, 0x02, 0x02, 0x03, 0x0A, 0xE4, 0x30, 0x00, 0x80, 0x02, 0x27,
    0x00, 0x30, 0x80, 0x01, 0x00, 0x08, 0x00, 0x05, 0x00, 0x00, 0x00, 0x80, 0x00, 0x04, 0x83, 0x85,
    0x80, 0x01, 0x00, 0x08, 0x00, 0x05, 0x00, 0x00, 0x00, 0x80, 0x00, 0x30, 0x83, 0x85, 0x80, 0x01,
    0x00, 0x08, 0x00, 0x05, 0x00, 0x00, 0x00, 0x80, 0x00, 0xBD, 0x83, 0x85, 0x80, 0x01, 0x00, 0x08,
    0x00, 0x1B, 0x00, 0x00, 0x00, 0x0B, 0xFE, 0xFE, 0x04, 0x04, 0x0E, 0xE8, 0xE8, 0xE8, 0x34, 0x34,
    0x04, 0x04, 0x83, 0x03, 0xE7, 0x17, 0x19, 0xE9, 0x81, 0x00, 0x27, 0x81, 0x01, 0x30, 0x30, 0x84,
    0x80, 0x01, 0x00, 0x08, 0x00, 0x40, 0x00, 0x00, 0x00, 0x20, 0xD9, 0xD9, 0x05, 0x31, 0x31, 0x31,
    0xE5, 0xE5, 0x2C, 0x2C, 0x34, 0x2C, 0x28, 0x2D, 0x2F, 0x2E, 0x25, 0x2D, 0x24, 0x20, 0x20, 0x1C,
    0x19, 0x19, 0x19, 0xCC, 0xCC, 0xCC, 0xF8, 0x25, 0x25, 0x25, 0xD9, 0x83, 0x04, 0xFE, 0xCD, 0xCD,
    0xCD, 0xFE, 0x83, 0x02, 0xEC, 0xEC, 0xF5, 0x82, 0x03, 0xF4, 0xEC, 0xEC, 0xF5, 0x82, 0x01, 0x04,
    0x0B, 0x81, 0x04, 0xFE, 0xCD, 0xCD, 0xCD, 0xFE, 0x85, 0x00, 0x80, 0x01, 0x00, 0x08, 0x00, 0x2A,
    0x00, 0x00, 0x00, 0x14, 0xE5, 0xE5, 0x2C, 0x2C, 0x34, 0x2C, 0x26, 0x26, 0x1F, 0x19, 0x19, 0x19,
    0xCC, 0xCC, 0xCC, 0xE4, 0xFE, 0x19, 0x31, 0x31, 0x31, 0x83, 0x82, 0x02, 0xEC, 0xEC, 0xF5, 0x82,
    0x01, 0x04, 0x0B, 0x81, 0x06, 0xFE, 0xE4, 0xCD, 0xCD, 0xCD, 0xE4, 0xFE, 0x84, 0x00, 0x80, 0x01,
    0x00, 0x08, 0x00, 0x05, 0x00, 0x00, 0x00, 0x80, 0x00, 0xFF, 0x83, 0x85, 0x80, 0x01, 0x00, 0x08,
    0x00, 0x05, 0x00, 0x00, 0x00, 0x80, 0x00, 0xFF, 0x83, 0x85, 0x80, 0x01, 0x00, 0x08, 0x00, 0x05,
    0x00, 0x00, 0x00, 0x80, 0x00, 0xC3, 0x83, 0x85, 0x80, 0x01, 0x00, 0x08, 0x00, 0x05, 0x00, 0x00,
    0x00, 0x80, 0x00, 0xFF, 0x83, 0x85, 0x80, 0x01, 0x00, 0x08, 0x00, 0x27, 0x00, 0x00, 0x13, 0x12,
    0x01, 0x02, 0x02, 0x02, 0x01, 0x02, 0x02, 0x01, 0x01, 0x01, 0x01, 0x01, 0x01, 0x02, 0x01, 0x03,
    0x01, 0x02, 0x03, 0x12, 0x19, 0xF2, 0xF0, 0xCC, 0xE5, 0x2C, 0x34, 0x2C, 0x26, 0x26, 0x1F, 0x19,
    0x19, 0xCC, 0xCC, 0xFE, 0x19, 0x31, 0xFE, 0x03, 0x27, 0x00, 0x30, 0x11, 0x81, 0x01, 0xEC, 0xF5,
    0x82, 0x07, 0x04, 0x0B, 0x00, 0xFE, 0xCD, 0xCD, 0xFE, 0x00, 0x80, 0x01, 0x00, 0x08, 0x00, 0x15,
    0x00, 0x00, 0x0C, 0x0B, 0x01, 0x03, 0x01, 0x02, 0x03, 0x01, 0x02, 0x02, 0x01, 0x02, 0x04, 0x01,
    0x0B, 0xF6, 0xEC, 0xF6, 0x0A, 0x14, 0x0A, 0xE2, 0xC4, 0xC4, 0xE2, 0x3B, 0x3B, 0x85, 0x05, 0x33,
    0xF3, 0x0D, 0xCD, 0x0D, 0xF3, 0x00, 0x80, 0x01, 0x00, 0x08, 0x00, 0x05, 0x00, 0x00, 0x00, 0x80,
    0x00, 0xEE, 0x83, 0x85, 0x80, 0x01, 0x00, 0x08, 0x00, 0x44, 0x00, 0x00, 0x00, 0x80, 0x24, 0xF6,
    0xEC, 0xEC, 0xEC, 0xF6, 0x00, 0x0A, 0x14, 0x14, 0x14, 0x0A, 0x00, 0xE4, 0xC8, 0xC8, 0xC8, 0xC8,
    0xE4, 0x00, 0x1B, 0x38, 0x38, 0x38, 0x38, 0x1B, 0xEF, 0x04, 0x07, 0xEF, 0xF1, 0xF7, 0x11, 0xFC,
    0xF9, 0x11, 0x0F, 0x09, 0x83, 0x8B, 0x12, 0x30, 0x30, 0x11, 0xF3, 0x0D, 0xEE, 0xD0, 0xD0, 0xD0,
    0xEF, 0x0D, 0xF3, 0x11, 0x30, 0x00, 0x17, 0x17, 0xFA, 0xFA, 0x81, 0x03, 0xE9, 0xE9, 0x06, 0x06,
    0x84, 0x00, 0x80, 0x01, 0x00, 0x08, 0x00, 0x75, 0x00, 0x00, 0x00, 0x3D, 0x02, 0xF7, 0xEB, 0xEB,
    0xEB, 0xF7, 0x02, 0xFC, 0xFE, 0xFB, 0x02, 0xFF, 0x00, 0xFB, 0x08, 0x13, 0x13, 0x13, 0x11, 0x11,
    0xC4, 0xC3, 0xC3, 0xC3, 0xDF, 0xFB, 0x18, 0x35, 0x35, 0x35, 0x35, 0x18, 0xFB, 0xE4, 0xCE, 0xC7,
    0xC7, 0xC7, 0x14, 0x14, 0x06, 0xFB, 0x01, 0xFF, 0x02, 0xFB, 0xFE, 0xFD, 0x02, 0xE4, 0xC8, 0xC8,
    0xC8, 0xC8, 0xE4, 0x02, 0x1F, 0x3A, 0x3A, 0x3A, 0x3A, 0x1F, 0x83, 0x87, 0x03, 0x0C, 0x0F, 0x0F,
    0x0C, 0x84, 0x16, 0xEC, 0xEC, 0x14, 0x14, 0x03, 0x10, 0xEF, 0xCF, 0xCF, 0xCF, 0xEF, 0x10, 0xF3,
    0x14, 0x33, 0x33, 0x33, 0x22, 0x0D, 0x06, 0x0A, 0x0A, 0x06, 0x82, 0x12, 0xF4, 0xF1, 0xF1, 0xF4,
    0x00, 0x33, 0x33, 0x14, 0xF3, 0x0D, 0xEC, 0xCD, 0xCD, 0xCD, 0xEC, 0x0D, 0xF3, 0x14, 0x33, 0x83,
    0x80, 0x01, 0x00, 0x08, 0x00, 0x2F, 0x00, 0x00, 0x18, 0x17, 0x00, 0x02, 0x02, 0x01, 0x01, 0x01,
    0x01, 0x01, 0x01, 0x02, 0x01, 0x01, 0x01, 0x01, 0x01, 0x01, 0x02, 0x01, 0x05, 0x01, 0x04, 0x02,
    0x01, 0x02, 0x17, 0xE5, 0x2C, 0x34, 0x27, 0x22, 0x22, 0x1A, 0x14, 0x13, 0x13, 0x17, 0x22, 0x23,
    0x2C, 0x3A, 0x32, 0x31, 0x31, 0xC3, 0xC3, 0x17, 0x31, 0x31, 0x17, 0x81, 0x01, 0xF7, 0xF8, 0x82,
    0x02, 0xFE, 0xFD, 0x04, 0x82, 0x0A, 0x05, 0x05, 0x05, 0x09, 0x0B, 0xF3, 0x0D, 0xCD, 0x0D, 0xF3,
    0x33, 0x00, 0x80, 0x01, 0x00, 0x08, 0x00, 0x52, 0x00, 0x00, 0x00, 0x28, 0xE5, 0xE5, 0x31, 0x31,
    0x31, 0x31, 0x32, 0x3A, 0x2C, 0x23, 0x22, 0x1A, 0x14, 0x13, 0x13, 0x13, 0x14, 0x1A, 0x22, 0x23,
    0x2C, 0x3A, 0x32, 0x31, 0x31, 0x31, 0x31, 0xFA, 0xDE, 0xC3, 0xC3, 0xC3, 0xC3, 0xDE, 0xFA, 0x17,
    0x31, 0x31, 0x31, 0x31, 0x17, 0x83, 0x82, 0x05, 0xF8, 0xF8, 0xF9, 0xFB, 0xFB, 0xFC, 0x82, 0x04,
    0xFE, 0xFD, 0x00, 0x02, 0x02, 0x82, 0x14, 0x05, 0x05, 0x05, 0x07, 0x09, 0x0B, 0x00, 0x33, 0x33,
    0x14, 0xF3, 0x0D, 0xEC, 0xCD, 0xCD, 0xCD, 0xEC, 0x0D, 0xF3, 0x14, 0x33, 0x83, 0x00, 0x80, 0x01,
    0x00, 0x08, 0x00, 0x30, 0x00, 0x00, 0x18, 0x17, 0x01, 0x01, 0x02, 0x01, 0x01, 0x01, 0x01, 0x01,
    0x01, 0x02, 0x01, 0x01, 0x01, 0x01, 0x01, 0x01, 0x02, 0x02, 0x02, 0x02, 0x01, 0x04, 0x02, 0x01,
    0x17, 0xCE, 0xCE, 0xCC, 0xC5, 0xD3, 0xDC, 0xDD, 0xE8, 0xEC, 0xEC, 0xEB, 0xE5, 0xDD, 0xDC, 0xD7,
    0xCB, 0xD2, 0x1B, 0xE9, 0xCE, 0xCE, 0x21, 0x3C, 0x3C, 0x04, 0x0B, 0x09, 0x05, 0x05, 0x05, 0x82,
    0x02, 0x04, 0xFD, 0xFE, 0x82, 0x01, 0xF8, 0xF7, 0x81, 0x05, 0x33, 0xF3, 0x0D, 0xCD, 0x0D, 0xF3,
    0x80, 0x01, 0x00, 0x08, 0x00, 0x1F, 0x00, 0x00, 0x00, 0x0E, 0xE5, 0xE5, 0x2C, 0x2C, 0x34, 0x2C,
    0x25, 0x23, 0x09, 0x09, 0xFE, 0x19, 0x31, 0x31, 0x31, 0x83, 0x82, 0x0A, 0xF1, 0xF1, 0xFA, 0x03,
    0x03, 0x03, 0xCD, 0xCD, 0xCD, 0xE2, 0xFD, 0x84, 0x80, 0x01, 0x00, 0x08, 0x00, 0x05, 0x00, 0x00,
    0x00, 0x80, 0x00, 0xD0, 0x83, 0x85, 0x80, 0x01, 0x00, 0x08, 0x00, 0x59, 0x00, 0x00, 0x00, 0x80,
    0x2A, 0xF5, 0xEB, 0xEB, 0x35, 0x35, 0x35, 0x2E, 0x17, 0x00, 0xE6, 0xC6, 0xC6, 0xC6, 0xDA, 0xF4,
    0xF4, 0xEF, 0xEB, 0xEB, 0xEB, 0xF4, 0x00, 0x0B, 0x14, 0x14, 0xC9, 0xC9, 0xC9, 0xD0, 0xE8, 0x00,
    0x19, 0x38, 0x38, 0x38, 0x24, 0x0B, 0x0B, 0x10, 0x13, 0x13, 0x13, 0x0B, 0x83, 0x81, 0x12, 0x04,
    0x0A, 0x0A, 0x06, 0x0C, 0x21, 0x31, 0x31, 0x31, 0x19, 0x06, 0xF9, 0xEC, 0xE6, 0xE6, 0xE7, 0xED,
    0xF2, 0xFB, 0x82, 0x12, 0xFC, 0xF6, 0xF6, 0xFA, 0xF4, 0xDF, 0xCF, 0xCF, 0xCF, 0xE7, 0xFA, 0x07,
    0x16, 0x1A, 0x19, 0x19, 0x13, 0x0D, 0x05, 0x84, 0x80, 0x01, 0x00, 0x08, 0x00, 0x05, 0x00, 0x00,
    0x00, 0x80, 0x00, 0xC5, 0x83, 0x85, 0x80, 0x01, 0x00, 0x08, 0x00, 0x4C, 0x00, 0x00, 0x00, 0x25,
    0xE5, 0xE5, 0xEF, 0xFF, 0x0C, 0x1B, 0x1B, 0x1B, 0x18, 0x15, 0x15, 0x13, 0x13, 0x13, 0x05, 0xF1,
    0x18, 0x18, 0xED, 0xC4, 0xC4, 0xC4, 0xC4, 0xED, 0x18, 0x18, 0xED, 0xCD, 0xCD, 0xCD, 0xCD, 0xE6,
    0xFF, 0x18, 0x32, 0x32, 0x32, 0xE5, 0x83, 0x01, 0xEC, 0xFA, 0x82, 0x08, 0x02, 0x03, 0x04, 0x02,
    0x04, 0xFC, 0x02, 0x00, 0xFC, 0x82, 0x12, 0x30, 0x30, 0x30, 0x09, 0x10, 0xEA, 0xEA, 0xEA, 0x16,
    0x16, 0x16, 0xF2, 0xFA, 0xE4, 0xCD, 0xCD, 0xCD, 0xE4, 0xFB, 0x85, 0x00, 0x80, 0x01, 0x00, 0x08,
    0x00, 0x0E, 0x00, 0x00, 0x06, 0x05, 0x00, 0x02, 0x02, 0x02, 0x03, 0x02, 0x05, 0x02, 0xDB, 0x28,
    0x00, 0xFA, 0x00, 0x80, 0x04, 0x27, 0x00, 0x30, 0x00, 0xD0, 0x80, 0x01, 0x00, 0x08, 0x00, 0x05,
    0x00, 0x00, 0x00, 0x80, 0x00, 0x24, 0x83, 0x85, 0x80, 0x01, 0x00, 0x08, 0x00, 0x05, 0x00, 0x00,
    0x00, 0x80, 0x00, 0xC2, 0x83, 0x85, 0x80, 0x01, 0x00, 0x08, 0x00, 0x1B, 0x00, 0x00, 0x0D, 0x0C,
    0x00, 0x01, 0x01, 0x01, 0x02, 0x01, 0x04, 0x02, 0x02, 0x02, 0x02, 0x01, 0x01, 0x0C, 0xDA, 0xE2,
    0xE8, 0xE8, 0x35, 0x35, 0xE6, 0xCE, 0x1B, 0xD4, 0xCC, 0xD4, 0xDA, 0x81, 0x05, 0xFC, 0xF5, 0x00,
    0x02, 0x33, 0x02, 0x81, 0x02, 0x14, 0x0B, 0x00, 0x80, 0x01, 0x00, 0x08, 0x00, 0x05, 0x00, 0x00,
    0x00, 0x80, 0x00, 0x01, 0x83, 0x85, 0x80, 0x01, 0x00, 0x08, 0x00, 0x05, 0x00, 0x00, 0x00, 0x80,
    0x00, 0x01, 0x83, 0x85, 0x80, 0x01, 0x00, 0x08, 0x00, 0x05, 0x00, 0x00, 0x00, 0x80, 0x00, 0x01,
    0x83, 0x85, 0x80, 0x01, 0x00, 0x08, 0x00, 0x05, 0x00, 0x00, 0x00, 0x80, 0x00, 0x01, 0x83, 0x85,
    0x80, 0x01, 0x00, 0x08, 0x00, 0x05, 0x00, 0x00, 0x00, 0x80, 0x00, 0x01, 0x83, 0x85, 0x80, 0x01,
    0x00, 0x08, 0x00, 0x05, 0x00, 0x00, 0x00, 0x80, 0x00, 0x01, 0x83, 0x85, 0x80, 0x01, 0x00, 0x08,
    0x00, 0x05, 0x00, 0x00, 0x00, 0x80, 0x00, 0xEF, 0x83, 0x85, 0x80, 0x01, 0x00, 0x08, 0x00, 0x47,
    0x00, 0x00, 0x00, 0x23, 0xF3, 0xEA, 0xEA, 0xEA, 0xE5, 0xE6, 0xE6, 0x1B, 0x1B, 0x1E, 0x1E, 0x1E,
    0x18, 0x0C, 0x0C, 0xDA, 0xE2, 0xE8, 0xE8, 0xE8, 0x35, 0x35, 0x35, 0x1C, 0x01, 0xE6, 0xCE, 0xCE,
    0xCE, 0x1B, 0x1B, 0xD4, 0xD4, 0xCC, 0xD4, 0xDA, 0x83, 0x81, 0x0B, 0x06, 0x09, 0x00, 0xF8, 0x04,
    0x00, 0x0C, 0x19, 0x1C, 0x22, 0x22, 0x22, 0x82, 0x01, 0xFC, 0xF5, 0x81, 0x06, 0x02, 0x1C, 0x33,
    0x33, 0x33, 0x1C, 0x02, 0x83, 0x02, 0x14, 0x14, 0x0B, 0x84, 0x80, 0x01, 0x00, 0x08, 0x00, 0x05,
    0x00, 0x00, 0x00, 0x80, 0x00, 0x01, 0x83, 0x85, 0x80, 0x01, 0x00, 0x08, 0x00, 0x0F, 0x00, 0x00,
    0x00, 0x07, 0xD5, 0xED, 0x3A, 0xFE, 0x06, 0xCC, 0x14, 0x2D, 0x83, 0x82, 0x01, 0x5A, 0x5A, 0x86,
    0x80, 0x01, 0x00, 0x08, 0x00, 0x1F, 0x00, 0x00, 0x00, 0x0F, 0xD8, 0xED, 0x39, 0x09, 0x11, 0xE2,
    0x22, 0xF3, 0xFB, 0xCB, 0x13, 0x27, 0xD2, 0x04, 0xFC, 0x2D, 0x83, 0x82, 0x01, 0x5A, 0x5A, 0x81,
    0x01, 0x5A, 0x5A, 0x83, 0x01, 0xA6, 0xA6, 0x84, 0x80, 0x01, 0x00, 0x08, 0x00, 0x05, 0x00, 0x00,
    0x00, 0x80, 0x00, 0x02, 0x83, 0x85, 0x80, 0x01, 0x00, 0x08, 0x00, 0x05, 0x00, 0x00, 0x00, 0x80,
    0x00, 0x02, 0x83, 0x85, 0x80, 0x01, 0x00, 0x08, 0x00, 0x05, 0x00, 0x00, 0x00, 0x80, 0x00, 0x02,
    0x83, 0x85, 0x80, 0x01, 0x00, 0x08, 0x00, 0x05, 0x00, 0x00, 0x00, 0x80, 0x00, 0x02, 0x83, 0x85,
    0x80, 0x01, 0x00, 0x08, 0x00, 0x23, 0x00, 0x00, 0x00, 0x0F, 0xEC, 0xD3, 0xD4, 0xEB, 0x3F, 0xFE,
    0x06, 0xC6, 0x14, 0x2D, 0x2E, 0x14, 0xC2, 0x02, 0xFA, 0x3A, 0x83, 0x80, 0x01, 0x20, 0xF7, 0x81,
    0x01, 0x2D, 0x2D, 0x81, 0x01, 0xF7, 0x20, 0x81, 0x01, 0xD3, 0xD3, 0x84, 0x80, 0x01, 0x00, 0x08,
    0x00, 0x15, 0x00, 0x00, 0x00, 0x09, 0xE2, 0xDC, 0xD9, 0xED, 0x39, 0xFE, 0x07, 0xCB, 0x13, 0x2F,
    0x83, 0x80, 0x01, 0x01, 0xFF, 0x81, 0x01, 0x5A, 0x5A, 0x86, 0x80, 0x01, 0x00, 0x08, 0x00, 0x05,
    0x00, 0x00, 0x00, 0x80, 0x00, 0x02, 0x83, 0x85, 0x80, 0x01, 0x00, 0x08, 0x00, 0x05, 0x00, 0x00,
    0x00, 0x80, 0x00, 0x02, 0x83, 0x85, 0x80, 0x01, 0x00, 0x08, 0x00, 0x05, 0x00, 0x00, 0x00, 0x80,
    0x00, 0x02, 0x83, 0x85, 0x80, 0x01, 0x00, 0x08, 0x00, 0x05, 0x00, 0x00, 0x00, 0x80, 0x00, 0x02,
    0x83, 0x85, 0x80, 0x01, 0x00, 0x08, 0x00, 0x0E, 0x00, 0x00, 0x06, 0x05, 0x01, 0x01, 0x02, 0x02,
    0x01, 0x02, 0x05, 0xF1, 0xB4, 0xF0, 0x10, 0x4C, 0x10, 0x05, 0x30, 0xD0, 0x00, 0xD0, 0x30, 0x00,
    0x80, 0x01, 0x00, 0x08, 0x00, 0x46, 0x00, 0x00, 0x00, 0x22, 0xDE, 0xE5, 0xEB, 0xED, 0xED, 0xED,
    0xEB, 0xE5, 0xDE, 0xDD, 0xD8, 0xCB, 0xD3, 0xD3, 0x1A, 0x1A, 0xD3, 0xD3, 0xCB, 0xD8, 0xDD, 0x05,
    0xEA, 0xCE, 0xCE, 0xCE, 0xCE, 0xEA, 0x05, 0x21, 0x3D, 0x3D, 0x3D, 0x3D, 0x21, 0x83, 0x81, 0x04,
    0x02, 0x02, 0x00, 0xFD, 0xFE, 0x82, 0x02, 0xF8, 0xF7, 0xF7, 0x83, 0x11, 0x09, 0x09, 0x09, 0x00,
    0x33, 0x33, 0x14, 0xF3, 0x0D, 0xEC, 0xCD, 0xCD, 0xCD, 0xEC, 0x0D, 0xF3, 0x14, 0x33, 0x83, 0x00,
    0x80, 0x01, 0x00, 0x08, 0x00, 0x05, 0x00, 0x00, 0x00, 0x80, 0x00, 0x05, 0x83, 0x85, 0x80, 0x01,
    0x00, 0x08, 0x00, 0x05, 0x00, 0x00, 0x00, 0x80, 0x00, 0x05, 0x83, 0x85, 0x80, 0x01, 0x00, 0x08,
    0x00, 0x05, 0x00, 0x00, 0x00, 0x80, 0x00, 0x05, 0x83, 0x85, 0x80, 0x01, 0x00, 0x08, 0x00, 0x05,
    0x00, 0x00, 0x00, 0x80, 0x00, 0x05, 0x83, 0x85, 0x80, 0x01, 0x00, 0x08, 0x00, 0x05, 0x00, 0x00,
    0x00, 0x80, 0x00, 0x05, 0x83, 0x85, 0x80, 0x01, 0x00, 0x08, 0x00, 0x05, 0x00, 0x00, 0x00, 0x80,
    0x00, 0xF3, 0x83, 0x85, 0x80, 0x01, 0x00, 0x08, 0x00, 0x62, 0x00, 0x00, 0x00, 0x30, 0x02, 0xF9,
    0xF9, 0xF9, 0xFA, 0xEB, 0xEB, 0xD3, 0xD3, 0xCB, 0xD8, 0xDD, 0xDE, 0xE5, 0xEB, 0xED, 0xED, 0xED,
    0xEB, 0xE5, 0xDE, 0xDD, 0xD8, 0xCB, 0xD3, 0xD3, 0x1A, 0x1A, 0x26, 0x2D, 0x2D, 0x2D, 0x27, 0x1A,
    0x1A, 0x05, 0xEA, 0xCE, 0xCE, 0xCE, 0xCE, 0xEA, 0x05, 0x21, 0x3D, 0x3D, 0x3D, 0x3D, 0x21, 0x83,
    0x81, 0x03, 0x06, 0x09, 0xFA, 0xF1, 0x81, 0x02, 0x09, 0x09, 0x09, 0x82, 0x04, 0x02, 0x02, 0x00,
    0xFD, 0xFE, 0x82, 0x02, 0xF8, 0xF7, 0xF7, 0x82, 0x14, 0x0C, 0x19, 0x1C, 0x22, 0x22, 0x22, 0x00,
    0x33, 0x33, 0x14, 0xF3, 0x0D, 0xEC, 0xCD, 0xCD, 0xCD, 0xEC, 0x0D, 0xF3, 0x14, 0x33, 0x83, 0x00,
    0x80, 0x01, 0x00, 0x08, 0x00, 0x05, 0x00, 0x00, 0x00, 0x80, 0x00, 0x05, 0x83, 0x85, 0x80, 0x01,
    0x00, 0x08, 0x00, 0x05, 0x00, 0x00, 0x00, 0x80, 0x00, 0x05, 0x83, 0x85, 0x80, 0x01, 0x00, 0x08,
    0x00, 0x18, 0x00, 0x00, 0x0B, 0x0A, 0x00, 0x02, 0x02, 0x02, 0x03, 0x02, 0x02, 0x02, 0x02, 0x02,
    0x02, 0x0A, 0xE0, 0x07, 0x05, 0x2D, 0x00, 0x05, 0xD1, 0xF5, 0x1E, 0xD5, 0x1A, 0x02, 0xD9, 0x00,
    0xD7, 0x81, 0x01, 0xD0, 0xD0, 0x81, 0x01, 0x0A, 0xE4, 0x00, 0x80, 0x01, 0x00, 0x08, 0x00, 0x16,
    0x00, 0x00, 0x0A, 0x09, 0x00, 0x02, 0x02, 0x02, 0x03, 0x02, 0x01, 0x02, 0x02, 0x02, 0x09, 0xE0,
    0x07, 0x05, 0x2D, 0x00, 0x05, 0x0B, 0xE4, 0x31, 0x01, 0x02, 0xD9, 0x00, 0xD7, 0x81, 0x04, 0xD0,
    0x00, 0x27, 0x00, 0x30, 0x80, 0x01, 0x00, 0x08, 0x00, 0x51, 0x00, 0x00, 0x00, 0x27, 0xE3, 0xE7,
    0xEB, 0xEB, 0xEB, 0xEB, 0xEC, 0xD6, 0xD6, 0xF9, 0x16, 0x2B, 0x2B, 0x2B, 0x2B, 0x05, 0xD6, 0xD6,
    0xD6, 0xD6, 0xD6, 0xD6, 0xEB, 0xFD, 0x0F, 0x27, 0x27, 0x27, 0xEA, 0xEB, 0xFF, 0x0B, 0x16, 0x16,
    0x16, 0xDC, 0xDC, 0xD4, 0xDA, 0xE2, 0x83, 0x81, 0x1A, 0x02, 0x04, 0x04, 0x03, 0x03, 0x02, 0xEE,
    0xF3, 0xF6, 0x02, 0x11, 0x0E, 0x29, 0x29, 0x29, 0xFF, 0xFC, 0xFE, 0xFC, 0xEC, 0xD9, 0xD9, 0xD9,
    0xEC, 0xFB, 0xFA, 0xFA, 0x82, 0x01, 0xFD, 0xFA, 0x81, 0x02, 0x0A, 0x0A, 0x04, 0x84, 0x80, 0x01,
    0x00, 0x08, 0x00, 0x1D, 0x00, 0x00, 0x0F, 0x0E, 0x00, 0x02, 0x02, 0x01, 0x01, 0x01, 0x02, 0x01,
    0x01, 0x01, 0x03, 0x01, 0x04, 0x02, 0x01, 0x0E, 0xFF, 0xEE, 0xEE, 0xF8, 0xFF, 0x09, 0x11, 0x11,
    0x09, 0xFF, 0xCE, 0xCE, 0x18, 0x31, 0x31, 0x80, 0x00, 0x01, 0x84, 0x07, 0x01, 0x00, 0x2B, 0xFA,
    0x06, 0xD5, 0x06, 0xFA, 0x80, 0x01, 0x00, 0x08, 0x00, 0x12, 0x00, 0x00, 0x08, 0x07, 0x00, 0x02,
    0x02, 0x02, 0x03, 0x02, 0x02, 0x02, 0x07, 0xF6, 0xCF, 0x1C, 0x05, 0xE8, 0x35, 0xFE, 0x05, 0x80,
    0x03, 0x27, 0xE0, 0x30, 0xE0, 0x81, 0x00, 0xD0, 0x80, 0x01, 0x00, 0x08, 0x00, 0x35, 0x00, 0x00,
    0x00, 0x80, 0x1C, 0xF5, 0xEC, 0xEC, 0xEC, 0xF5, 0x00, 0x0A, 0x14, 0x14, 0x14, 0x0A, 0x00, 0xE3,
    0xC6, 0xC6, 0xC6, 0xC6, 0xE3, 0x00, 0x1B, 0x3B, 0x3B, 0x3B, 0x3B, 0x1B, 0xF8, 0xD3, 0x09, 0x2D,
    0x83, 0x8B, 0x11, 0x32, 0x32, 0x13, 0xF5, 0x0A, 0xED, 0xCE, 0xCE, 0xCE, 0xED, 0x0A, 0xF5, 0x13,
    0x32, 0x14, 0xDE, 0xEC, 0x22, 0x83, 0x80, 0x01, 0x00, 0x08, 0x00, 0x10, 0x00, 0x00, 0x07, 0x06,
    0x01, 0x02, 0x01, 0x01, 0x01, 0x02, 0x02, 0x06, 0xFC, 0xD8, 0xFC, 0xFC, 0xED, 0x27, 0x02, 0x06,
    0x3A, 0xC3, 0xD5, 0x07, 0x00, 0x3A, 0x00, 0x00, 0x80, 0x01, 0x00, 0x08, 0x00, 0x4A, 0x00, 0x00,
    0x00, 0x23, 0xEA, 0xEA, 0xEA, 0xEF, 0xF4, 0xF4, 0xDA, 0xC4, 0xC4, 0xC4, 0xC4, 0xE3, 0xFF, 0x19,
    0x35, 0x35, 0x35, 0xE9, 0xE9, 0xF5, 0xFF, 0x0A, 0x15, 0x15, 0x15, 0x15, 0x0E, 0x0A, 0x0A, 0x23,
    0x38, 0x38, 0x38, 0x15, 0x15, 0x15, 0x83, 0x80, 0x11, 0x16, 0x16, 0x1A, 0x1B, 0x1C, 0x16, 0x03,
    0xF7, 0xFD, 0xE5, 0xCB, 0xCB, 0xCB, 0xE7, 0x04, 0xF6, 0xF6, 0xFC, 0x82, 0x0C, 0xFC, 0xF9, 0xF8,
    0xF1, 0xE5, 0xE4, 0xE4, 0xEA, 0x00, 0x15, 0x0E, 0x3B, 0x3B, 0x84, 0x00, 0x80, 0x01, 0x00, 0x08,
    0x00, 0x57, 0x00, 0x00, 0x00, 0x2B, 0x01, 0xF4, 0xE9, 0xEA, 0x38, 0x38, 0x38, 0x1C, 0x01, 0xE5,
    0xC6, 0xC6, 0xC6, 0xC6, 0xE2, 0xFE, 0xFE, 0xE5, 0xC6, 0xC6, 0xC6, 0xC6, 0xE6, 0x01, 0x1C, 0x38,
    0x38, 0x38, 0xEA, 0xEA, 0xF4, 0x01, 0x0B, 0x16, 0x16, 0x16, 0x0D, 0x07, 0x07, 0x0E, 0x16, 0x16,
    0x16, 0x0B, 0x83, 0x81, 0x1B, 0x06, 0x0A, 0x0A, 0xFD, 0x1A, 0x36, 0x36, 0x36, 0x1D, 0x08, 0x13,
    0xEA, 0xEA, 0xEA, 0x16, 0x16, 0x16, 0xED, 0xF8, 0xE1, 0xCA, 0xCA, 0xCA, 0xE6, 0x04, 0xF6, 0xF6,
    0xFB, 0x83, 0x07, 0xFF, 0xFF, 0x02, 0x05, 0xFB, 0xFF, 0x01, 0x01, 0x85, 0x80, 0x01, 0x00, 0x08,
    0x00, 0x14, 0x00, 0x00, 0x09, 0x08, 0x01, 0x01, 0x02, 0x02, 0x02, 0x02, 0x01, 0x02, 0x01, 0x08,
    0xEA, 0xAB, 0x2B, 0x07, 0x2B, 0xDD, 0x2F, 0xDD, 0xD5, 0x08, 0x12, 0x00, 0x12, 0xDE, 0x00, 0xDE,
    0x12, 0xC5, 0xC5, 0x00, 0x80, 0x01, 0x00, 0x08, 0x00, 0x48, 0x00, 0x00, 0x00, 0x22, 0xFE, 0xF1,
    0xE6, 0xE7, 0x35, 0x35, 0x35, 0x19, 0xFE, 0xC3, 0xC3, 0xC3, 0xC3, 0xFE, 0x14, 0x2B, 0x33, 0xE8,
    0xE8, 0x19, 0x19, 0x35, 0x35, 0x35, 0x35, 0x35, 0x3F, 0x36, 0x27, 0x22, 0x1A, 0x13, 0x13, 0x13,
    0x09, 0x83, 0x81, 0x0F, 0x06, 0x0A, 0x0A, 0xFD, 0x1A, 0x36, 0x36, 0x36, 0xFB, 0x15, 0xDA, 0xDA,
    0xDA, 0xEC, 0xF6, 0xF6, 0x81, 0x0D, 0xC5, 0xC5, 0xFB, 0xFB, 0xFB, 0xFB, 0xFB, 0x04, 0x08, 0x08,
    0x08, 0x06, 0x08, 0x04, 0x84, 0x00, 0x80, 0x01, 0x00, 0x08, 0x00, 0x56, 0x00, 0x00, 0x00, 0x2C,
    0xFF, 0xF8, 0xEE, 0xEA, 0xEA, 0xEA, 0xF4, 0xFF, 0x0C, 0x18, 0x19, 0xCA, 0xCA, 0xCA, 0xD5, 0xEE,
    0xFF, 0x19, 0x38, 0x38, 0x38, 0x38, 0x37, 0x36, 0x41, 0x33, 0x27, 0x21, 0x17, 0x12, 0x12, 0x12,
    0x08, 0xFA, 0xC2, 0xC2, 0xC2, 0xC2, 0xFA, 0x14, 0x30, 0x30, 0x30, 0x30, 0x14, 0x83, 0x88, 0x23,
    0xFA, 0xF6, 0xF6, 0xFD, 0xF1, 0xD9, 0xCA, 0xCA, 0xCA, 0xEE, 0x0D, 0x04, 0x06, 0x08, 0x04, 0x04,
    0x04, 0x08, 0x08, 0x08, 0x03, 0x05, 0x02, 0x00, 0x35, 0x35, 0xFA, 0x15, 0xDA, 0xDA, 0xDA, 0xF9,
    0x15, 0xFA, 0x16, 0x35, 0x83, 0x00, 0x80, 0x01, 0x00, 0x08, 0x00, 0x13, 0x00, 0x00, 0x00, 0x07,
    0xD8, 0xC1, 0xC0, 0xF2, 0xF2, 0x12, 0x12, 0x29, 0x83, 0x80, 0x02, 0xC9, 0xC5, 0xC5, 0x81, 0x00,
    0xC8, 0x84, 0x80, 0x01, 0x00, 0x08, 0x00, 0x3E, 0x00, 0x00, 0x1E, 0x1D, 0x01, 0x02, 0x01, 0x01,
    0x01, 0x01, 0x01, 0x04, 0x02, 0x01, 0x01, 0x01, 0x01, 0x01, 0x04, 0x01, 0x01, 0x01, 0x01, 0x03,
    0x01, 0x01, 0x01, 0x01, 0x03, 0x02, 0x01, 0x04, 0x02, 0x01, 0x1D, 0xF7, 0xEC, 0xEC, 0xF8, 0xF8,
    0xEC, 0xEC, 0x09, 0x14, 0x14, 0x09, 0x09, 0x14, 0x14, 0xE3, 0xC4, 0xC4, 0xC4, 0xC4, 0x1D, 0x3C,
    0x3C, 0x3C, 0x3C, 0xE3, 0xC5, 0xC5, 0x1D, 0x3C, 0x3C, 0x80, 0x1C, 0x03, 0x01, 0xFC, 0x04, 0x01,
    0xFD, 0x00, 0xFD, 0x01, 0x04, 0xFC, 0xFF, 0x03, 0x36, 0x21, 0x0B, 0x15, 0xFF, 0xEB, 0xFF, 0x15,
    0x0B, 0x21, 0x15, 0xEB, 0xF5, 0xCA, 0xF5, 0xEB, 0x80, 0x01, 0x00, 0x08, 0x00, 0x56, 0x00, 0x00,
    0x00, 0x2C, 0x02, 0x0A, 0x12, 0x16, 0x16, 0x16, 0x0C, 0x02, 0xF5, 0xE9, 0xE8, 0x37, 0x37, 0x37,
    0x2B, 0x14, 0x02, 0xE8, 0xC8, 0xC8, 0xC8, 0xC8, 0xC9, 0xC9, 0xBF, 0xCD, 0xD9, 0xDE, 0xE8, 0xEE,
    0xEE, 0xEE, 0xF7, 0x05, 0x3E, 0x3E, 0x3E, 0x3E, 0x05, 0xEC, 0xD0, 0xD0, 0xD0, 0xD0, 0xEC, 0x83,
    0x88, 0x23, 0x06, 0x0A, 0x0A, 0x03, 0x10, 0x27, 0x36, 0x36, 0x36, 0x12, 0xF3, 0xFC, 0xFA, 0xF8,
    0xFC, 0xFC, 0xFC, 0xF8, 0xF8, 0xF8, 0xFD, 0xFB, 0xFD, 0x00, 0xCB, 0xCB, 0x06, 0xEB, 0x26, 0x26,
    0x26, 0x07, 0xEB, 0x06, 0xEA, 0xCB, 0x83, 0x00, 0x80, 0x01, 0x00, 0x08, 0x00, 0x2D, 0x00, 0x00,
    0x00, 0x80, 0x18, 0xF5, 0xEC, 0xEC, 0xEC, 0xF5, 0x00, 0x0A, 0x14, 0x14, 0x14, 0x0A, 0x00, 0xE2,
    0xC2, 0xC2, 0xC2, 0xC2, 0xE2, 0x00, 0x1E, 0x3D, 0x3D, 0x3D, 0x3D, 0x1E, 0x83, 0x8B, 0x0D, 0x35,
    0x35, 0x16, 0xF5, 0x0A, 0xEB, 0xCB, 0xCB, 0xCB, 0xEB, 0x0A, 0xF5, 0x16, 0x35, 0x83, 0x80, 0x01,
    0x00, 0x08, 0x00, 0x07, 0x00, 0x00, 0x00, 0x03, 0xDC, 0xF1, 0x24, 0x0E, 0x83, 0x87, 0x80, 0x01,
    0x00, 0x08, 0x00, 0x0F, 0x00, 0x00, 0x00, 0x06, 0xE4, 0xE4, 0xF8, 0xF8, 0xF0, 0x0F, 0x0F, 0x83,
    0x80, 0x02, 0xDD, 0xE8, 0x04, 0x86, 0x80, 0x01, 0x00, 0x08, 0x00, 0x48, 0x00, 0x00, 0x00, 0x22,
    0xF4, 0xF4, 0xF4, 0xF4, 0xF8, 0xF9, 0xEB, 0xDE, 0xDE, 0xDE, 0xDE, 0xEF, 0x00, 0x1E, 0x1E, 0x1E,
    0xF4, 0xF4, 0xFB, 0x00, 0x05, 0x0B, 0x0B, 0x0B, 0x0B, 0x0B, 0x05, 0x05, 0x15, 0x20, 0x20, 0x20,
    0x0C, 0x09, 0x09, 0x83, 0x80, 0x10, 0x0D, 0x0C, 0x0C, 0x0D, 0x0D, 0x0A, 0x03, 0xFD, 0xFD, 0xF2,
    0xE2, 0xE2, 0xE2, 0xFC, 0xFB, 0xFB, 0xFF, 0x82, 0x0C, 0x02, 0xFF, 0xFF, 0xFF, 0xFB, 0xF9, 0xF9,
    0xFD, 0x0A, 0x0E, 0x08, 0x1D, 0x1D, 0x84, 0x00, 0x80, 0x01, 0x00, 0x08, 0x00, 0x39, 0x00, 0x00,
    0x1C, 0x1B, 0x00, 0x01, 0x01, 0x02, 0x01, 0x01, 0x01, 0x04, 0x01, 0x02, 0x02, 0x03, 0x01, 0x03,
    0x02, 0x01, 0x02, 0x01, 0x01, 0x01, 0x02, 0x01, 0x01, 0x01, 0x01, 0x01, 0x01, 0x01, 0x1B, 0xFF,
    0xF8, 0xF4, 0x1E, 0x1E, 0x1E, 0x0F, 0xDE, 0xDE, 0xEE, 0x07, 0xDE, 0xDE, 0xFF, 0x1F, 0x1F, 0xF3,
    0xF2, 0xF8, 0xFF, 0x0C, 0x0C, 0x0C, 0x07, 0x03, 0x03, 0x06, 0x0B, 0x81, 0x0F, 0x03, 0x05, 0x04,
    0x11, 0x1E, 0x06, 0x0A, 0xF4, 0x0C, 0xF7, 0xFB, 0xE2, 0xEF, 0xFC, 0xFB, 0xFE, 0x81, 0x01, 0x01,
    0xFF, 0x81, 0x03, 0x02, 0xFE, 0x00, 0x01, 0x00, 0x80, 0x01, 0x00, 0x08, 0x00, 0x14, 0x00, 0x00,
    0x09, 0x08, 0x01, 0x01, 0x02, 0x02, 0x02, 0x02, 0x01, 0x02, 0x01, 0x08, 0xF7, 0xD7, 0x20, 0x0B,
    0x20, 0xF2, 0x18, 0xF2, 0xEE, 0x08, 0x15, 0x00, 0x15, 0xFE, 0x00, 0xFE, 0x15, 0xE7, 0xE7, 0x00,
    0x80, 0x01, 0x00, 0x08, 0x00, 0x06, 0x00, 0x00, 0x02, 0x01, 0x01, 0x02, 0x01, 0xDE, 0x21, 0x01,
    0x40, 0x00, 0x80, 0x01, 0x00, 0x08, 0x00, 0x0E, 0x00, 0x00, 0x00, 0x06, 0xE2, 0xFF, 0xDE, 0xDE,
    0x21, 0x21, 0x03, 0x83, 0x82, 0x01, 0x40, 0x40, 0x85, 0x00, 0x80, 0x01, 0x00, 0x08, 0x00, 0x05,
    0x00, 0x00, 0x00, 0x85, 0x80, 0x00, 0xC0, 0x83, 0x80, 0x01, 0x00, 0x08, 0x00, 0x05, 0x00, 0x00,
    0x00, 0x85, 0x80, 0x00, 0xC0, 0x83, 0x80, 0x01, 0x00, 0x08, 0x00, 0x0E, 0x00, 0x00, 0x06, 0x05,
    0x00, 0x01, 0x02, 0x01, 0x03, 0x02, 0x05, 0xEB, 0xD8, 0x29, 0x29, 0xDF, 0x21, 0x05, 0x1F, 0xCE,
    0x00, 0xCE, 0x40, 0x00, 0x80, 0x01, 0x00, 0x08, 0x00, 0x0E, 0x00, 0x00, 0x06, 0x05, 0x00, 0x01,
    0x02, 0x01, 0x03, 0x02, 0x05, 0x16, 0x29, 0xD8, 0xD8, 0x21, 0xDF, 0x05, 0xE1, 0x32, 0x00, 0x32,
    0xC0, 0x00, 0x80, 0x01, 0x00, 0x08, 0x00, 0x4A, 0x00, 0x00, 0x00, 0x23, 0xEB, 0xEA, 0xE2, 0xE4,
    0xF1, 0xDD, 0xCA, 0xCA, 0xCA, 0xCA, 0xE4, 0x00, 0x1B, 0x30, 0x30, 0x30, 0xE3, 0xE3, 0xF2, 0xFD,
    0x04, 0x1B, 0x1B, 0x1B, 0x1B, 0x18, 0x0E, 0x03, 0x0B, 0x15, 0x15, 0x16, 0xDF, 0xDF, 0x22, 0x22,
    0x83, 0x11, 0x1F, 0x01, 0x0B, 0x15, 0x1A, 0x14, 0x00, 0xF1, 0xF6, 0xE4, 0xCA, 0xCA, 0xCA, 0xE7,
    0x04, 0xF7, 0xF7, 0xFC, 0x82, 0x0D, 0xF9, 0xF0, 0xF1, 0xEB, 0xE9, 0xE7, 0xE3, 0xE5, 0xF5, 0x04,
    0x1F, 0x00, 0x40, 0x40, 0x84, 0x00, 0x80, 0x01, 0x00, 0x08, 0x00, 0x4A, 0x00, 0x00, 0x00, 0x23,
    0x15, 0x16, 0x1D, 0x1D, 0x10, 0x23, 0x36, 0x36, 0x36, 0x36, 0x1C, 0x01, 0xE6, 0xD0, 0xD0, 0xD0,
    0x1D, 0x1C, 0x0D, 0x03, 0xFC, 0xE6, 0xE6, 0xE6, 0xE6, 0xE8, 0xF2, 0xFE, 0xF5, 0xEB, 0xEA, 0xE9,
    0x20, 0x20, 0xDE, 0xDE, 0x83, 0x11, 0xE1, 0xFF, 0xF5, 0xEB, 0xE6, 0xED, 0x01, 0x0F, 0x0A, 0x1C,
    0x36, 0x36, 0x36, 0x19, 0xFC, 0x09, 0x09, 0x04, 0x82, 0x0D, 0x06, 0x10, 0x0F, 0x14, 0x17, 0x18,
    0x1D, 0x1C, 0x0B, 0xFC, 0xE1, 0x00, 0xC0, 0xC0, 0x84, 0x00, 0x80, 0x01, 0x00, 0x08, 0x00, 0x04,
    0x00, 0x00, 0x00, 0x84, 0x00, 0xE0, 0x83, 0x00, 0x80, 0x01, 0x00, 0x08, 0x00, 0x22, 0x00, 0x00,
    0x00, 0x0E, 0xD8, 0xE5, 0xEE, 0xEA, 0x15, 0x11, 0x1A, 0x28, 0x19, 0x26, 0x03, 0xFF, 0xFC, 0xD9,
    0xE7, 0x83, 0x02, 0xD8, 0x00, 0xF7, 0x81, 0x09, 0xF8, 0x01, 0xD8, 0xD8, 0xD5, 0xBC, 0xC7, 0xBB,
    0xD5, 0xD9, 0x83, 0x00, 0x80, 0x01, 0x00, 0x08, 0x00, 0x1D, 0x00, 0x00, 0x00, 0x0F, 0xD5, 0xD5,
    0x15, 0x15, 0xEB, 0xEB, 0x2B, 0x2B, 0xE8, 0xE8, 0x18, 0x18, 0xE8, 0xE8, 0x18, 0x18, 0x83, 0x87,
    0x07, 0xEA, 0x21, 0x21, 0xEA, 0xDF, 0x16, 0x16, 0xDF, 0x83, 0x80, 0x01, 0x00, 0x08, 0x00, 0x07,
    0x00, 0x00, 0x00, 0x80, 0x02, 0xBC, 0x00, 0x43, 0x83, 0x87, 0x80, 0x01, 0x00, 0x08, 0x00, 0x06,
    0x00, 0x00, 0x00, 0x02, 0xBC, 0x00, 0x43, 0x84, 0x87, 0x00, 0x80, 0x01, 0x00, 0x08, 0x00, 0x0E,
    0x00, 0x00, 0x06, 0x05, 0x00, 0x01, 0x02, 0x01, 0x03, 0x02, 0x05, 0x16, 0x29, 0xD8, 0xD8, 0x21,
    0xDF, 0x05, 0xE1, 0x32, 0x00, 0x32, 0xC0, 0x00, 0x80, 0x01, 0x00, 0x08, 0x00, 0x4A, 0x00, 0x00,
    0x00, 0x23, 0x15, 0x16, 0x1D, 0x1D, 0x10, 0x23, 0x36, 0x36, 0x36, 0x36, 0x1C, 0x01, 0xE6, 0xD0,
    0xD0, 0xD0, 0x1D, 0x1C, 0x0D, 0x03, 0xFC, 0xE6, 0xE6, 0xE6, 0xE6, 0xE8, 0xF2, 0xFE, 0xF5, 0xEB,
    0xEA, 0xE9, 0x20, 0x20, 0xDE, 0xDE, 0x83, 0x11, 0xE1, 0xFF, 0xF5, 0xEB, 0xE6, 0xED, 0x01, 0x0F,
    0x0A, 0x1C, 0x36, 0x36, 0x36, 0x19, 0xFC, 0x09, 0x09, 0x04, 0x82, 0x0D, 0x06, 0x10, 0x0F, 0x14,
    0x17, 0x18, 0x1D, 0x1C, 0x0B, 0xFC, 0xE1, 0x00, 0xC0, 0xC0, 0x84, 0x00, 0x80, 0x01, 0x00, 0x08,
    0x00, 0x06, 0x00, 0x00, 0x02, 0x01, 0x01, 0x02, 0x01, 0xE1, 0x1F, 0x01, 0x1E, 0xE2, 0x80, 0x01,
    0x00, 0x08, 0x00, 0x04, 0x00, 0x00, 0x00, 0x00, 0x07, 0x83, 0x84, 0x00, 0x80, 0x01, 0x00, 0x08,
    0x00, 0x06, 0x00, 0x00, 0x02, 0x01, 0x01, 0x02, 0x01, 0xFD, 0x04, 0x01, 0x18, 0xE8, 0x80, 0x01,
    0x00, 0x08, 0x00, 0x06, 0x00, 0x00, 0x02, 0x01, 0x01, 0x02, 0x01, 0xFD, 0x04, 0x01, 0x18, 0xE8,
    0x80, 0x01, 0x00, 0x08, 0x00, 0x06, 0x00, 0x00, 0x02, 0x01, 0x01, 0x02, 0x01, 0xFD, 0x04, 0x01,
    0x18, 0xE8, 0x80, 0x01, 0x00, 0x08, 0x00, 0x06, 0x00, 0x00, 0x02, 0x01, 0x01, 0x02, 0x01, 0xFE,
    0x04, 0x01, 0x0D, 0xDD, 0x80, 0x01, 0x00, 0x08, 0x00, 0x21, 0x00, 0x00, 0x00, 0x0E, 0xDC, 0xE3,
    0xEA, 0xEA, 0xEA, 0xE3, 0xDC, 0x0F, 0x20, 0x2F, 0x2F, 0x2F, 0x2F, 0x20, 0x0F, 0x83, 0x80, 0x04,
    0x02, 0x02, 0x00, 0xFE, 0xFD, 0x81, 0x05, 0xFD, 0x00, 0x07, 0xF9, 0x00, 0x03, 0x84, 0x80, 0x01,
    0x00, 0x08, 0x00, 0x21, 0x00, 0x00, 0x00, 0x0E, 0x24, 0x1C, 0x16, 0x16, 0x16, 0x1C, 0x24, 0xF1,
    0xDF, 0xD1, 0xD1, 0xD1, 0xD1, 0xDF, 0xF1, 0x83, 0x80, 0x04, 0xFD, 0xFE, 0x00, 0x02, 0x02, 0x81,
    0x05, 0x03, 0x00, 0xF9, 0x07, 0x00, 0xFD, 0x84, 0x80, 0x01, 0x00, 0x08, 0x00, 0x65, 0x00, 0x00,
    0x00, 0x31, 0x08, 0xEF, 0xEF, 0xEF, 0xED, 0xEA, 0xE5, 0xE3, 0xE3, 0xE3, 0xE0, 0xFE, 0xFE, 0xE0,
    0xE3, 0xE3, 0xE3, 0xE5, 0xE9, 0xED, 0xEF, 0xEF, 0xEF, 0x08, 0x05, 0x05, 0x36, 0x32, 0x32, 0x32,
    0x2F, 0x2B, 0x28, 0x25, 0x25, 0x25, 0x03, 0x03, 0x25, 0x25, 0x25, 0x28, 0x2B, 0x2F, 0x32, 0x32,
    0x32, 0x36, 0x05, 0x05, 0x83, 0x81, 0x13, 0x19, 0x19, 0x0F, 0x02, 0xF4, 0xE9, 0xE7, 0xEA, 0xEA,
    0xEA, 0x16, 0x16, 0x16, 0x19, 0x17, 0x0C, 0xFE, 0xF1, 0xE7, 0xE7, 0x82, 0x17, 0xD3, 0xD3, 0xD3,
    0xD0, 0xD1, 0xE0, 0xF7, 0x0E, 0x1D, 0x1E, 0x00, 0x04, 0xFC, 0xFF, 0xE2, 0xE3, 0xF2, 0x09, 0x20,
    0x30, 0x30, 0x2D, 0x2D, 0x2D, 0x84, 0x80, 0x01, 0x00, 0x08, 0x00, 0x65, 0x00, 0x00, 0x00, 0x31,
    0xF8, 0x11, 0x11, 0x11, 0x13, 0x17, 0x1B, 0x1D, 0x1D, 0x1D, 0x20, 0x01, 0x01, 0x20, 0x1D, 0x1D,
    0x1D, 0x1B, 0x17, 0x13, 0x11, 0x11, 0x11, 0xF8, 0xFB, 0xFB, 0xCB, 0xCE, 0xCE, 0xCE, 0xD1, 0xD5,
    0xD9, 0xDC, 0xDC, 0xDC, 0xFC, 0xFC, 0xDC, 0xDC, 0xDC, 0xD9, 0xD5, 0xD1, 0xCE, 0xCE, 0xCE, 0xCB,
    0xFB, 0xFB, 0x83, 0x81, 0x13, 0xE7, 0xE7, 0xF1, 0xFE, 0x0C, 0x17, 0x19, 0x16, 0x16, 0x16, 0xEA,
    0xEA, 0xEA, 0xE7, 0xE9, 0xF4, 0x02, 0x0F, 0x19, 0x19, 0x82, 0x17, 0x2D, 0x2D, 0x2D, 0x30, 0x30,
    0x20, 0x09, 0xF2, 0xE3, 0xE2, 0xFF, 0xFC, 0x04, 0x01, 0x1E, 0x1D, 0x0E, 0xF7, 0xE0, 0xD1, 0xD0,
    0xD3, 0xD3, 0xD3, 0x84, 0x80, 0x01, 0x00, 0x08, 0x00, 0x0A, 0x00, 0x00, 0x04, 0x03, 0x01, 0x02,
    0x02, 0x02, 0x03, 0xE6, 0x08, 0x29, 0x08, 0x80, 0x02, 0xD3, 0x2D, 0x00, 0x80, 0x01, 0x00, 0x08,
    0x00, 0x0A, 0x00, 0x00, 0x04, 0x03, 0x01, 0x02, 0x02, 0x02, 0x03, 0x1A, 0xF8, 0xD8, 0xF8, 0x80,
    0x02, 0x2D, 0xD3, 0x00, 0x80, 0x01, 0x00, 0x08, 0x00, 0x04, 0x00, 0x00, 0x00, 0x00, 0xFE, 0x83,
    0x84, 0x00, 0x80, 0x01, 0x00, 0x08, 0x00, 0x05, 0x00, 0x00, 0x00, 0x01, 0xEC, 0x12, 0x83, 0x85,
    0x80, 0x01, 0x00, 0x08, 0x00, 0x19, 0x00, 0x00, 0x00, 0x0D, 0x32, 0x15, 0x36, 0x36, 0xF3, 0xF3,
    0x11, 0x0C, 0xEF, 0x10, 0x10, 0xCD, 0xCD, 0xEB, 0x83, 0x82, 0x01, 0xC0, 0xC0, 0x84, 0x01, 0xC0,
    0xC0, 0x85, 0x80, 0x01, 0x00, 0x08, 0x00, 0x08, 0x00, 0x00, 0x00, 0x01, 0xEC, 0x12, 0x83, 0x01,
    0xC0, 0xC0, 0x83, 0x00, 0x80, 0x01, 0x00, 0x08, 0x00, 0x0E, 0x00, 0x00, 0x00, 0x06, 0x1F, 0x02,
    0x23, 0x23, 0xE0, 0xE0, 0xFE, 0x83, 0x82, 0x01, 0xC0, 0xC0, 0x85, 0x00, 0x80, 0x01, 0x00, 0x08,
    0x00, 0x06, 0x00, 0x00, 0x00, 0x00, 0xFF, 0x83, 0x00, 0xC0, 0x83, 0x00, 0x80, 0x01, 0x00, 0x08,
    0x00, 0x23, 0x00, 0x00, 0x00, 0x0F, 0xDA, 0xF5, 0xF5, 0xDA, 0x12, 0x32, 0x32, 0x12, 0xDA, 0xF5,
    0xF5, 0xDA, 0x12, 0x32, 0x32, 0x12, 0x83, 0x80, 0x01, 0xFC, 0x04, 0x81, 0x01, 0x03, 0xFD, 0x81,
    0x01, 0xFC, 0x04, 0x81, 0x01, 0x03, 0xFD, 0x84, 0x80, 0x01, 0x00, 0x08, 0x00, 0x23, 0x00, 0x00,
    0x00, 0x0F, 0x26, 0x0B, 0x0B, 0x26, 0xEE, 0xCE, 0xCE, 0xEE, 0x26, 0x0B, 0x0B, 0x26, 0xEE, 0xCE,
    0xCE, 0xEE, 0x83, 0x80, 0x01, 0x04, 0xFC, 0x81, 0x01, 0xFD, 0x03, 0x81, 0x01, 0x04, 0xFC, 0x81,
    0x01, 0xFD, 0x03, 0x84, 0x80, 0x01, 0x00, 0x08, 0x00, 0x13, 0x00, 0x00, 0x00, 0x07, 0xDA, 0xF5,
    0xF5, 0xDA, 0x12, 0x32, 0x32, 0x12, 0x83, 0x80, 0x01, 0xFC, 0x04, 0x81, 0x01, 0x03, 0xFD, 0x84,
    0x80, 0x01, 0x00, 0x08, 0x00, 0x13, 0x00, 0x00, 0x00, 0x07, 0x26, 0x0B, 0x0B, 0x26, 0xEE, 0xCE,
    0xCE, 0xEE, 0x83, 0x80, 0x01, 0x04, 0xFC, 0x81, 0x01, 0xFD, 0x03, 0x84, 0x80, 0x01, 0x00, 0x08,
    0x00, 0x05, 0x00, 0x00, 0x00, 0x01, 0xED, 0x14, 0x83, 0x85, 0x80, 0x01, 0x00, 0x08, 0x00, 0x10,
    0x00, 0x00, 0x00, 0x05, 0xF1, 0xDA, 0xDA, 0x24, 0x24, 0x0D, 0x83, 0x01, 0xC0, 0xE1, 0x81, 0x01,
    0xE1, 0xC0, 0x83, 0x00, 0x80, 0x01, 0x00, 0x08, 0x00, 0x12, 0x00, 0x00, 0x08, 0x07, 0x01, 0x02,
    0x02, 0x02, 0x02, 0x02, 0x02, 0x02, 0x07, 0xFD, 0xDB, 0x01, 0x04, 0x27, 0x00, 0xFD, 0x04, 0x07,
    0x32, 0xD9, 0x00, 0xCE, 0x27, 0x00, 0x03, 0xDB, 0x80, 0x01, 0x00, 0x08, 0x00, 0x1C, 0x00, 0x00,
    0x00, 0x0F, 0xBE, 0xBE, 0x03, 0x03, 0xDE, 0xDE, 0x21, 0x21, 0xDE, 0xDE, 0x21, 0x21, 0xD5, 0xD4,
    0x19, 0x19, 0x83, 0x84, 0x03, 0x40, 0x40, 0x00, 0xC0, 0x81, 0x00, 0xC0, 0x87, 0x00, 0x80, 0x01,
    0x00, 0x08, 0x00, 0x9E, 0x00, 0x00, 0x00, 0x3F, 0x01, 0xFB, 0xF0, 0xEA, 0xEA, 0xEA, 0xF0, 0xFB,
    0x01, 0x08, 0x12, 0x18, 0x18, 0x18, 0x14, 0x07, 0xF7, 0xE3, 0xE3, 0xDB, 0xE9, 0xEA, 0xEE, 0xF1,
    0xF1, 0xF1, 0xF4, 0xF3, 0xDF, 0xDF, 0x09, 0x1C, 0x33, 0x33, 0x33, 0x33, 0x20, 0x0D, 0xDF, 0xDF,
    0xDF, 0xDF, 0xDF, 0xDF, 0xF1, 0x06, 0x17, 0x2A, 0x30, 0x30, 0x30, 0xEF, 0xF0, 0xFC, 0x06, 0x11,
    0x1E, 0x1E, 0x1E, 0x1E, 0x0D, 0xFC, 0xEA, 0xEA, 0x0C, 0xEA, 0xEA, 0xF6, 0x01, 0x0D, 0x19, 0x19,
    0x19, 0x19, 0x0D, 0x01, 0xFD, 0xFD, 0x83, 0x34, 0xF2, 0xF2, 0xF5, 0xFC, 0x00, 0x05, 0x0A, 0x0E,
    0x0E, 0x0E, 0x0A, 0x05, 0x00, 0xFC, 0x01, 0x01, 0x01, 0x09, 0x0F, 0x0F, 0x01, 0x01, 0x01, 0x04,
    0x05, 0x09, 0x0B, 0x0A, 0x09, 0xE7, 0xEB, 0xED, 0xFC, 0x0C, 0x06, 0x19, 0x29, 0x29, 0x29, 0xF9,
    0xE8, 0xE9, 0xFF, 0xE7, 0xD4, 0xD4, 0xD4, 0xE0, 0xF1, 0xF9, 0xF7, 0xF7, 0xFB, 0x82, 0x14, 0xFD,
    0xFC, 0x0F, 0x27, 0x27, 0x27, 0x0C, 0xED, 0x10, 0xFC, 0xE8, 0xE8, 0xE8, 0xFC, 0x10, 0xEF, 0x02,
    0x16, 0x16, 0x16, 0xF2, 0x83, 0x00, 0x80, 0x01, 0x00, 0x08, 0x00, 0x62, 0x00, 0x00, 0x00, 0x2F,
    0xA7, 0xE6, 0xEB, 0xED, 0xED, 0xED, 0x05, 0x1C, 0xFB, 0xFB, 0x17, 0x3A, 0x3A, 0x3A, 0x2E, 0x1E,
    0x03, 0xBE, 0xCF, 0xE3, 0xE3, 0xE3, 0xDC, 0xDF, 0xFA, 0x15, 0x33, 0x33, 0x33, 0x33, 0x12, 0xF3,
    0xD6, 0xA8, 0x9B, 0x9E, 0x9E, 0xAA, 0xBB, 0xFB, 0xE7, 0xF2, 0xF2, 0x30, 0x30, 0x30, 0x25, 0x0E,
    0x83, 0x80, 0x04, 0xDE, 0xDF, 0xE6, 0xE8, 0xF4, 0x82, 0x06, 0xC5, 0xC5, 0xC5, 0xE4, 0xEC, 0xFD,
    0x0D, 0x82, 0x1C, 0xFE, 0xFD, 0x01, 0xFB, 0x00, 0xDA, 0xDC, 0xF8, 0x10, 0xF9, 0x17, 0x33, 0x33,
    0x33, 0x1D, 0x0A, 0x0B, 0x0B, 0x06, 0x00, 0x18, 0x36, 0x36, 0x0E, 0x0E, 0xFA, 0x06, 0x10, 0x15,
    0x83, 0x00, 0x80, 0x01, 0x00, 0x08, 0x00, 0x1A, 0x00, 0x00, 0x00, 0x0C, 0xD7, 0xD7, 0xD8, 0xD8,
    0xF4, 0xF5, 0xF6, 0xF6, 0xF6, 0xF6, 0xF6, 0x16, 0x16, 0x83, 0x80, 0x07, 0xD2, 0xD2, 0xFD, 0xFD,
    0xFD, 0xF9, 0xF8, 0xFB, 0x87, 0x00, 0x80, 0x01, 0x00, 0x08, 0x00, 0x91, 0x00, 0x00, 0x00, 0x3F,
    0xF4, 0xF2, 0xEF, 0xEC, 0xE8, 0x35, 0x35, 0x35, 0x2D, 0x14, 0xFA, 0xC2, 0xC2, 0xC2, 0xD6, 0xF0,
    0xF0, 0xEE, 0xE8, 0xE8, 0xE8, 0xF8, 0x08, 0x08, 0xEC, 0xEC, 0xEC, 0xF8, 0x05, 0x11, 0x1A, 0x1A,
    0xCE, 0xCE, 0xCE, 0xD6, 0xED, 0x05, 0x1F, 0x3C, 0x3C, 0x3C, 0x21, 0x07, 0x0C, 0x0F, 0x16, 0x16,
    0x16, 0x07, 0xF7, 0xF7, 0x08, 0x13, 0x13, 0x13, 0x01, 0xD9, 0xD2, 0xCD, 0xCD, 0xCD, 0xDC, 0xF8,
    0x06, 0x26, 0x2E, 0x32, 0x32, 0x32, 0x22, 0x06, 0x83, 0x81, 0x18, 0x07, 0x0D, 0x0A, 0x0A, 0x02,
    0x11, 0x26, 0x31, 0x31, 0x31, 0x09, 0xFD, 0xED, 0xE9, 0xE9, 0xE8, 0xE1, 0xE4, 0xE7, 0xEE, 0xE2,
    0xEA, 0xE4, 0xF5, 0xFF, 0x82, 0x28, 0xFF, 0xFA, 0xFA, 0x02, 0xF8, 0xE1, 0xCF, 0xCF, 0xCF, 0xE9,
    0xFA, 0x06, 0x13, 0x17, 0x17, 0x19, 0x18, 0x18, 0x15, 0x12, 0x1F, 0x17, 0x1A, 0x10, 0x0C, 0x04,
    0x00, 0x1F, 0x19, 0x0E, 0x06, 0xFF, 0xF0, 0xEB, 0xE2, 0xE7, 0xF3, 0xFA, 0x01, 0x11, 0x16, 0x83,
    0x80, 0x01, 0x00, 0x08, 0x00, 0x5C, 0x00, 0x00, 0x00, 0x82, 0x04, 0x01, 0x01, 0x01, 0x01, 0x01,
    0x84, 0x02, 0xFF, 0xFF, 0xFF, 0x83, 0x05, 0xFF, 0xFF, 0xFF, 0xFF, 0xFF, 0xFF, 0x82, 0x25, 0x01,
    0x01, 0x01, 0x01, 0x01, 0x01, 0x00, 0x03, 0xFB, 0xEE, 0xEE, 0xEE, 0xFB, 0x03, 0x0C, 0x19, 0x18,
    0xD0, 0xD0, 0xD0, 0xDB, 0xF2, 0x03, 0x1C, 0x37, 0x37, 0x37, 0x37, 0x1C, 0x03, 0xF2, 0xDB, 0xD0,
    0xD0, 0xD0, 0x18, 0x19, 0x0C, 0x83, 0xA5, 0x1B, 0x01, 0x01, 0x00, 0x01, 0x01, 0x01, 0xFC, 0xF6,
    0xF6, 0x00, 0xF2, 0xDD, 0xD2, 0xD2, 0xD2, 0xEA, 0x09, 0xF7, 0x16, 0x2F, 0x2F, 0x2F, 0x24, 0x0E,
    0x00, 0x0A, 0x0A, 0x05, 0x84, 0x00, 0x80, 0x01, 0x00, 0x08, 0x00, 0x32, 0x00, 0x00, 0x00, 0x8F,
    0x03, 0xF5, 0xFD, 0x13, 0x10, 0x8D, 0x12, 0xF6, 0xF6, 0xF3, 0x00, 0x0A, 0x0A, 0x0A, 0x01, 0xF6,
    0x0F, 0x0F, 0x0F, 0xF6, 0xF1, 0xF1, 0xF1, 0xF1, 0xF6, 0x0F, 0x83, 0x90, 0x01, 0xF4, 0xF5, 0x92,
    0x0E, 0xFD, 0xF8, 0xF3, 0xF2, 0xF2, 0xF2, 0x00, 0xFD, 0xFD, 0xFD, 0xF5, 0xFB, 0xF5, 0xF5, 0xF5,
    0x83, 0x00, 0x80, 0x01, 0x00, 0x08, 0x00, 0x2F, 0x00, 0x00, 0x00, 0x17, 0xEF, 0xEF, 0xF7, 0xF7,
    0x08, 0x08, 0x10, 0x10, 0xF2, 0xF2, 0x2C, 0xFC, 0x04, 0xD4, 0x0D, 0x0D, 0xEB, 0xEB, 0xE3, 0x0F,
    0xF0, 0x1C, 0x13, 0x13, 0x83, 0x80, 0x01, 0xE9, 0xE9, 0x81, 0x01, 0xE9, 0xE9, 0x83, 0x01, 0x35,
    0x35, 0x83, 0x01, 0xE6, 0xE6, 0x81, 0x01, 0xE6, 0xE6, 0x84, 0x80, 0x01, 0x00, 0x08, 0x00, 0x25,
    0x00, 0x00, 0x00, 0x80, 0x14, 0xFB, 0xF3, 0xF3, 0xF3, 0xFB, 0x00, 0x07, 0x0D, 0x0D, 0x0D, 0x07,
    0x00, 0xDD, 0xDD, 0xDD, 0xDD, 0x00, 0x23, 0x23, 0x23, 0x23, 0x83, 0x8B, 0x09, 0x1E, 0x1E, 0xFB,
    0x05, 0xE2, 0xE2, 0xE2, 0x05, 0xFC, 0x1E, 0x83, 0x80, 0x01, 0x00, 0x08, 0x00, 0x07, 0x00, 0x00,
    0x00, 0x03, 0xDF, 0xDF, 0x22, 0x22, 0x83, 0x87, 0x80, 0x01, 0x00, 0x08, 0x00, 0x0B, 0x00, 0x00,
    0x00, 0x07, 0xDF, 0xDF, 0x22, 0x22, 0xDF, 0xDF, 0x22, 0x22, 0x83, 0x8B, 0x80, 0x01, 0x00, 0x08,
    0x00, 0x1B, 0x00, 0x00, 0x00, 0x0B, 0xE4, 0xE9, 0xF5, 0xF5, 0xE9, 0xE4, 0x1D, 0x18, 0x0C, 0x0C,
    0x18, 0x1D, 0x83, 0x80, 0x03, 0xEC, 0xE9, 0x14, 0x11, 0x81, 0x03, 0x10, 0x13, 0xE9, 0xEC, 0x84,
    0x80, 0x01, 0x00, 0x08, 0x00, 0x53, 0x00, 0x00, 0x00, 0x28, 0xF9, 0xED, 0xDA, 0xDA, 0xDA, 0xE2,
    0xED, 0xF3, 0x01, 0x10, 0x10, 0x10, 0x11, 0x14, 0x17, 0xFC, 0xFC, 0xF3, 0xDF, 0xCC, 0xC4, 0xC4,
    0xC4, 0xC4, 0xDB, 0xF3, 0x11, 0x2A, 0x2A, 0x2A, 0x2A, 0x14, 0xF9, 0xE5, 0xCE, 0xC4, 0xC4, 0xC4,
    0x11, 0x10, 0x03, 0x83, 0x81, 0x03, 0x08, 0x00, 0xFB, 0xFC, 0x82, 0x1E, 0xFA, 0xF4, 0xF5, 0xF7,
    0xFA, 0xFB, 0xF2, 0x1D, 0x18, 0x10, 0x03, 0xF1, 0xE4, 0xF7, 0xE0, 0xCD, 0xCD, 0xCD, 0xE7, 0x09,
    0xF7, 0x18, 0x33, 0x33, 0x33, 0x25, 0x0E, 0x02, 0x0A, 0x0A, 0x06, 0x84, 0x80, 0x01, 0x00, 0x08,
    0x00, 0x34, 0x00, 0x00, 0x00, 0x17, 0xF4, 0xF4, 0xE8, 0xE4, 0x1D, 0x18, 0x0C, 0x0C, 0x18, 0xE8,
    0xE4, 0xE8, 0xF4, 0xF4, 0xE8, 0x18, 0x0C, 0x0C, 0x18, 0x1D, 0xE7, 0xE7, 0x19, 0x19, 0x83, 0x02,
    0xE9, 0x14, 0x11, 0x81, 0x12, 0x10, 0x13, 0xE9, 0xEC, 0xEC, 0x00, 0xEF, 0xEC, 0x17, 0x14, 0x14,
    0x17, 0xED, 0xF0, 0x00, 0x07, 0xFA, 0xFA, 0x07, 0x83, 0x00, 0x80, 0x01, 0x00, 0x08, 0x00, 0x4A,
    0x00, 0x00, 0x00, 0x26, 0x01, 0xF7, 0xEB, 0xEB, 0xEB, 0xF7, 0x01, 0x0B, 0x16, 0x14, 0xC7, 0xC7,
    0xC7, 0xD3, 0xEE, 0x01, 0x1C, 0x3B, 0x3B, 0x3B, 0x3B, 0x1C, 0x01, 0xEE, 0xD3, 0xC7, 0xC7, 0xC7,
    0x14, 0x15, 0x0B, 0xE9, 0xE9, 0x19, 0x19, 0xE9, 0xE9, 0x19, 0x19, 0x83, 0x01, 0x01, 0x01, 0x81,
    0x1A, 0xFF, 0xFF, 0xFF, 0xFF, 0xFB, 0xF6, 0xF6, 0x00, 0xF3, 0xDC, 0xCD, 0xCD, 0xCD, 0xEC, 0x0C,
    0xF4, 0x14, 0x33, 0x33, 0x33, 0x25, 0x0D, 0xFF, 0x0A, 0x0A, 0x05, 0x01, 0x8B, 0x00, 0x80, 0x01,
    0x00, 0x08, 0x00, 0x66, 0x00, 0x00, 0x00, 0x31, 0xFD, 0xFC, 0xEF, 0xE3, 0xE3, 0xE3, 0xEF, 0xFC,
    0xFD, 0xFE, 0x0F, 0x1E, 0x1E, 0x1E, 0x0F, 0xFE, 0x0D, 0xEA, 0xFA, 0x1B, 0xF0, 0xE2, 0x04, 0x14,
    0xFD, 0xE4, 0xD4, 0xD4, 0xD4, 0xD4, 0xD4, 0xD4, 0xE4, 0xFD, 0x16, 0x2B, 0x2E, 0x2E, 0x2E, 0x2E,
    0x2B, 0x16, 0xFA, 0xEA, 0x0D, 0x1B, 0x04, 0xE2, 0xF0, 0x14, 0x83, 0x81, 0x04, 0xFA, 0xF9, 0x00,
    0x07, 0x06, 0x82, 0x27, 0x06, 0x07, 0x00, 0xF9, 0xFA, 0x00, 0xE5, 0xF8, 0x1C, 0x07, 0xE5, 0x07,
    0x1C, 0xF8, 0x33, 0x33, 0x22, 0x08, 0xFA, 0x06, 0xF9, 0xDE, 0xCD, 0xCD, 0xCD, 0xDE, 0xF9, 0x06,
    0xFA, 0x08, 0x22, 0x33, 0xE5, 0x0A, 0x1B, 0xF9, 0xE5, 0xF9, 0x1B, 0x0A, 0x83, 0x00, 0x80, 0x01,
    0x00, 0x08, 0x00, 0x6A, 0x00, 0x00, 0x00, 0x33, 0xFF, 0xF2, 0xE8, 0xEA, 0x37, 0x37, 0x37, 0x17,
    0xFF, 0xE4, 0xC6, 0xC6, 0xC6, 0xC6, 0xDC, 0xF5, 0xF4, 0xEE, 0xEB, 0xEB, 0xEB, 0xF4, 0x01, 0x0D,
    0x17, 0x17, 0xC9, 0xC9, 0xC9, 0xE6, 0x01, 0x1A, 0x3A, 0x3A, 0x3A, 0x3A, 0x24, 0x0C, 0x0B, 0x11,
    0x15, 0x15, 0x15, 0x0C, 0xE8, 0xE8, 0x18, 0x18, 0xE8, 0xE8, 0x18, 0x18, 0x83, 0x2B, 0x01, 0x01,
    0x06, 0x0A, 0x0A, 0xFD, 0x17, 0x35, 0x35, 0x35, 0x1C, 0x05, 0x0A, 0xF8, 0xE6, 0xE1, 0xE3, 0xE5,
    0xED, 0xF4, 0xFC, 0xFF, 0xFF, 0xFF, 0xFA, 0xF6, 0xF6, 0x03, 0xEB, 0xCB, 0xCB, 0xCB, 0xE5, 0xFB,
    0xF6, 0x07, 0x1B, 0x1F, 0x1D, 0x1B, 0x14, 0x0D, 0x05, 0x01, 0x83, 0x00, 0xFC, 0x81, 0x00, 0xFC,
    0x83, 0x00, 0x80, 0x01, 0x00, 0x08, 0x00, 0x4B, 0x00, 0x00, 0x00, 0x26, 0xFD, 0xF3, 0xEA, 0xEA,
    0xEA, 0xF3, 0xFD, 0x06, 0x0F, 0x0F, 0xC3, 0xC3, 0xC3, 0xCF, 0xE9, 0xFD, 0x1A, 0x39, 0x39, 0x39,
    0x39, 0x1A, 0xFD, 0xE7, 0xCE, 0xC3, 0xC3, 0xC3, 0x10, 0x11, 0x07, 0xF9, 0xF9, 0xFF, 0xFF, 0xF9,
    0xF9, 0xFF, 0xFF, 0x83, 0x87, 0x1E, 0xFB, 0xF8, 0xF8, 0x04, 0xF4, 0xD9, 0xCB, 0xCB, 0xCB, 0xEC,
    0x0D, 0xF3, 0x14, 0x35, 0x35, 0x35, 0x26, 0x0E, 0x02, 0x0E, 0x0E, 0x07, 0x00, 0xEA, 0x0E, 0x0E,
    0xEA, 0xF2, 0x16, 0x16, 0xF2, 0x83, 0x80, 0x01, 0x00, 0x08, 0x00, 0x55, 0x00, 0x00, 0x00, 0x28,
    0xEB, 0xEB, 0xEB, 0xDD, 0xDD, 0xDD, 0xDE, 0xDE, 0xDF, 0xDF, 0xDF, 0xE8, 0xF7, 0xFF, 0x14, 0x1C,
    0x18, 0xD0, 0xD0, 0xD0, 0xDF, 0xF5, 0x00, 0x14, 0x33, 0x33, 0x33, 0x33, 0x32, 0x30, 0x2F, 0x2F,
    0x2F, 0x3E, 0x3E, 0x12, 0x12, 0xF2, 0xF2, 0x0F, 0x0F, 0x83, 0x80, 0x0A, 0x37, 0x2D, 0x1B, 0x14,
    0x0F, 0x06, 0x00, 0xFE, 0xFF, 0x04, 0x03, 0x82, 0x19, 0xF5, 0xF6, 0xF6, 0x03, 0xEB, 0xD2, 0xCB,
    0xCB, 0xCB, 0xDC, 0xF8, 0xF5, 0xFA, 0x01, 0x09, 0x0F, 0x13, 0x1F, 0x3A, 0x3B, 0x3B, 0x00, 0xE5,
    0x14, 0x14, 0xE5, 0x83, 0x80, 0x01, 0x00, 0x08, 0x00, 0x28, 0x00, 0x00, 0x00, 0x11, 0xD9, 0xD9,
    0xEC, 0x3B, 0xFE, 0x06, 0xC9, 0x13, 0x28, 0x28, 0xE9, 0xE9, 0x18, 0x18, 0xE9, 0xE9, 0x18, 0x18,
    0x83, 0x80, 0x00, 0xE4, 0x81, 0x01, 0x2D, 0x2D, 0x81, 0x09, 0xE4, 0x00, 0xE6, 0x0A, 0x0A, 0xE6,
    0xEC, 0x11, 0x11, 0xEC, 0x83, 0x00, 0x80, 0x01, 0x00, 0x08, 0x00, 0x04, 0x00, 0x00, 0x00, 0x84,
    0x00, 0xE0, 0x83, 0x00, 0x80, 0x01, 0x00, 0x08, 0x00, 0x07, 0x00, 0x00, 0x00, 0x03, 0xE3, 0xE4,
    0x1D, 0x1D, 0x83, 0x87, 0x80, 0x01, 0x00, 0x08, 0x00, 0x0A, 0x00, 0x00, 0x04, 0x03, 0x01, 0x02,
    0x02, 0x02, 0x03, 0xE6, 0x19, 0xF2, 0x0E, 0x03, 0x0F, 0xF1, 0x18, 0xE8, 0x80, 0x01, 0x00, 0x08,
    0x00, 0x06, 0x00, 0x00, 0x02, 0x01, 0x01, 0x02, 0x01, 0xF2, 0x0E, 0x01, 0x18, 0xE8, 0x80, 0x01,
    0x00, 0x08, 0x00, 0x14, 0x00, 0x00, 0x00, 0x07, 0x06, 0xE5, 0xF9, 0x1B, 0xF8, 0xE6, 0x08, 0x1A,
    0x83, 0x07, 0xE5, 0x07, 0x1B, 0xF9, 0xE6, 0xF8, 0x1A, 0x08, 0x83, 0x00, 0x80, 0x01, 0x00, 0x08,
    0x00, 0x0E, 0x00, 0x00, 0x06, 0x05, 0x01, 0x02, 0x02, 0x02, 0x02, 0x02, 0x05, 0xEA, 0x17, 0xEA,
    0x17, 0xF2, 0x0E, 0x05, 0x15, 0xEC, 0x14, 0xEB, 0x18, 0xE8, 0x80, 0x01, 0x00, 0x08, 0x00, 0x12,
    0x00, 0x00, 0x08, 0x07, 0x00, 0x01, 0x01, 0x01, 0x02, 0x02, 0x02, 0x02, 0x07, 0xE2, 0xEE, 0x1B,
    0x0F, 0xF2, 0x0E, 0xF2, 0x0E, 0x07, 0xF1, 0x0F, 0x0F, 0xF1, 0x18, 0xE8, 0x18, 0xE8, 0x80, 0x01,
    0x00, 0x08, 0x00, 0x14, 0x00, 0x00, 0x00, 0x07, 0xF0, 0xF0, 0xDA, 0xDA, 0xF0, 0xF0, 0x0D, 0x0D,
    0x83, 0x07, 0xEE, 0x20, 0xFC, 0x04, 0xE0, 0x12, 0x24, 0xDC, 0x83, 0x00, 0x80, 0x01, 0x00, 0x08,
    0x00, 0x14, 0x00, 0x00, 0x00, 0x07, 0x0F, 0x0F, 0x27, 0x27, 0x0F, 0x0F, 0xF3, 0xF3, 0x83, 0x07,
    0x12, 0xE0, 0x04, 0xFC, 0x20, 0xEE, 0xDC, 0x24, 0x83, 0x00, 0x80, 0x01, 0x00, 0x08, 0x00, 0x1C,
    0x00, 0x00, 0x00, 0x0B, 0xF1, 0xF1, 0xD9, 0xD9, 0xF1, 0xF1, 0x0D, 0x0D, 0xF1, 0xF1, 0x0D, 0x0D,
    0x83, 0x0B, 0xFB, 0x2C, 0x03, 0x0A, 0xE0, 0x11, 0x2B, 0xE2, 0xF8, 0x28, 0x28, 0xF8, 0x83, 0x00,
    0x80, 0x01, 0x00, 0x08, 0x00, 0x1C, 0x00, 0x00, 0x00, 0x0B, 0x0F, 0xF4, 0xF4, 0x0F, 0x0F, 0x26,
    0x26, 0x0F, 0xF4, 0xF4, 0x0F, 0x0F, 0x83, 0x0B, 0xFB, 0xE2, 0x2B, 0x11, 0xE0, 0x0A, 0x03, 0x2C,
    0xF8, 0x28, 0x28, 0xF8, 0x83, 0x00, 0x80, 0x01, 0x00, 0x08, 0x00, 0x0E, 0x00, 0x00, 0x06, 0x05,
    0x01, 0x02, 0x02, 0x02, 0x02, 0x02, 0x05, 0xF2, 0x0E, 0xE6, 0x19, 0xF2, 0x0E, 0x05, 0x1E, 0xEE,
    0x0E, 0xFE, 0x28, 0xF8, 0x80, 0x01, 0x00, 0x08, 0x00, 0x05, 0x00, 0x00, 0x00, 0x85, 0x01, 0x04,
    0xFC, 0x83, 0x80, 0x01, 0x00, 0x08, 0x00, 0x30, 0x00, 0x00, 0x00, 0x15, 0xF2, 0xF2, 0xF9, 0x05,
    0x06, 0x01, 0xF6, 0xEC, 0xE7, 0xDC, 0xDC, 0x0E, 0x0E, 0x07, 0xFB, 0xFA, 0x00, 0x09, 0x15, 0x1A,
    0x24, 0x24, 0x83, 0x15, 0xEA, 0x02, 0x13, 0x13, 0x13, 0x16, 0x1C, 0x1F, 0x1F, 0x1F, 0x16, 0x16,
    0xFE, 0xED, 0xED, 0xED, 0xEA, 0xE4, 0xE1, 0xE1, 0xE1, 0xEA, 0x83, 0x00, 0x80, 0x01, 0x00, 0x08,
    0x00, 0x0A, 0x00, 0x00, 0x04, 0x03, 0x01, 0x01, 0x02, 0x02, 0x03, 0xDB, 0xFA, 0xF2, 0x0F, 0x03,
    0x07, 0xE8, 0x18, 0xF2, 0x80, 0x01, 0x00, 0x08, 0x00, 0x14, 0x00, 0x00, 0x00, 0x07, 0xF0, 0xE8,
    0x1F, 0x10, 0xE5, 0x05, 0xFD, 0x1C, 0x83, 0x00, 0xEF, 0x81, 0x04, 0xEF, 0xEF, 0xD3, 0xD3, 0xEF,
    0x83, 0x00, 0x80, 0x01, 0x00, 0x08, 0x00, 0x64, 0x00, 0x00, 0x00, 0x2F, 0xF3, 0xF4, 0xEF, 0xE7,
    0xE7, 0xE7, 0xEF, 0xF5, 0xF4, 0xFE, 0x03, 0xFC, 0x05, 0xFE, 0x02, 0x0C, 0x0B, 0x11, 0x19, 0x19,
    0x19, 0x11, 0x0B, 0x0C, 0x02, 0xFE, 0x05, 0xFC, 0x02, 0xFE, 0x01, 0xF2, 0xEE, 0xF2, 0x01, 0x12,
    0x12, 0x12, 0x12, 0xFF, 0xEE, 0xEE, 0xEE, 0xEE, 0xFF, 0x0E, 0x12, 0x0E, 0x83, 0x2F, 0xE1, 0xE1,
    0xE7, 0xF5, 0x00, 0x0B, 0x19, 0x1F, 0x1F, 0x1F, 0x10, 0x16, 0x16, 0x10, 0x1F, 0x1F, 0x1F, 0x19,
    0x0B, 0x00, 0xF5, 0xE7, 0xE1, 0xE1, 0xE1, 0xF0, 0xEA, 0xEA, 0xF0, 0xE1, 0x0B, 0x0B, 0x00, 0xF5,
    0xF5, 0xF5, 0x02, 0xFE, 0x0B, 0x0B, 0x0B, 0xFE, 0x02, 0xF5, 0xF5, 0xF5, 0x00, 0x0B, 0x83, 0x00,
    0x80, 0x01, 0x00, 0x08, 0x00, 0x0D, 0x00, 0x00, 0x06, 0x05, 0x01, 0x02, 0x02, 0x02, 0x02, 0x02,
    0x05, 0xFF, 0xE0, 0xE0, 0xFF, 0x20, 0x20, 0x00, 0x32, 0x81, 0x00, 0xCE, 0x81, 0x00, 0x80, 0x01,
    0x00, 0x08, 0x00, 0x5A, 0x00, 0x00, 0x00, 0x2B, 0xE9, 0xE9, 0xE9, 0xE9, 0xE0, 0xE3, 0xEC, 0xEC,
    0xEC, 0xEE, 0xF6, 0x00, 0x09, 0x12, 0x14, 0x14, 0x14, 0x1D, 0x1F, 0x17, 0x17, 0x16, 0x16, 0xF2,
    0xF2, 0xE8, 0xD3, 0xC3, 0xC3, 0xC3, 0xC3, 0xD6, 0xF2, 0x00, 0x0F, 0x2B, 0x3D, 0x3D, 0x3D, 0x3D,
    0x2D, 0x18, 0x0F, 0x0F, 0x83, 0x80, 0x08, 0x2B, 0x2B, 0x34, 0x33, 0x28, 0x19, 0x11, 0x0E, 0x06,
    0x82, 0x08, 0x06, 0x0E, 0x11, 0x19, 0x28, 0x33, 0x34, 0x2B, 0x2B, 0x81, 0x12, 0x33, 0x2D, 0x1F,
    0x08, 0xF7, 0x1C, 0x02, 0xDD, 0xCB, 0xCB, 0xCB, 0xDD, 0x02, 0x1C, 0xF7, 0x08, 0x1F, 0x2D, 0x33,
    0x84, 0x00, 0x80, 0x01, 0x00, 0x08, 0x00, 0x18, 0x00, 0x00, 0x00, 0x09, 0xF1, 0xF1, 0xD2, 0x30,
    0x11, 0x11, 0x39, 0xC5, 0x03, 0xFB, 0x83, 0x80, 0x00, 0x38, 0x81, 0x05, 0x38, 0x00, 0x38, 0x38,
    0xB1, 0xB1, 0x83, 0x00, 0x80, 0x01, 0x00, 0x08, 0x00, 0x0E, 0x00, 0x00, 0x06, 0x05, 0x01, 0x02,
    0x02, 0x02, 0x02, 0x02, 0x05, 0xD1, 0x30, 0xE1, 0xFD, 0x03, 0x1E, 0x05, 0xCE, 0x00, 0xCE, 0x00,
    0xCE, 0x00, 0x80, 0x01, 0x00, 0x08, 0x00, 0x1B, 0x00, 0x00, 0x00, 0x0B, 0xF4, 0xF4, 0xD3, 0xF2,
    0xF2, 0x16, 0x16, 0x57, 0x37, 0x59, 0x08, 0x08, 0x83, 0x80, 0x02, 0x32, 0x00, 0xCE, 0x81, 0x04,
    0xC0, 0xC0, 0x00, 0x40, 0x40, 0x84, 0x80, 0x01, 0x00, 0x08, 0x00, 0x11, 0x00, 0x00, 0x00, 0x07,
    0xC1, 0xF3, 0x36, 0xFD, 0x04, 0xCA, 0x0F, 0x3E, 0x83, 0x80, 0x03, 0x2B, 0x2B, 0x3A, 0x3A, 0x86,
    0x80, 0x01, 0x00, 0x08, 0x00, 0x35, 0x00, 0x00, 0x00, 0x1A, 0xE6, 0xE6, 0x33, 0x33, 0x33, 0x1B,
    0x00, 0xE5, 0xCD, 0xCD, 0xCD, 0x1A, 0x1A, 0xD2, 0xD2, 0xCA, 0xD2, 0xDD, 0xE9, 0xF9, 0x13, 0x15,
    0x33, 0x33, 0x33, 0x33, 0x33, 0x83, 0x82, 0x06, 0x02, 0x1C, 0x33, 0x33, 0x33, 0x1C, 0x02, 0x83,
    0x0B, 0x14, 0x14, 0x0B, 0x03, 0x03, 0x03, 0x04, 0x09, 0x08, 0x08, 0x09, 0x0B, 0x84, 0x80, 0x01,
    0x00, 0x08, 0x00, 0x51, 0x00, 0x00, 0x00, 0x26, 0xF9, 0xF1, 0xE9, 0xE9, 0xE9, 0xE8, 0xE3, 0xDE,
    0xD7, 0xC7, 0xC5, 0xCD, 0xD1, 0xDE, 0xEF, 0x00, 0x09, 0x09, 0x0A, 0x0D, 0x0F, 0x11, 0x11, 0x11,
    0x05, 0xF9, 0xDD, 0xBE, 0xBE, 0xBE, 0xBE, 0xDE, 0xFC, 0x1A, 0x39, 0x39, 0x39, 0x39, 0x18, 0x83,
    0x81, 0x24, 0xFE, 0xFF, 0xF9, 0xF6, 0xF6, 0xF6, 0xF6, 0xEC, 0xE5, 0xE5, 0xDF, 0xD5, 0xCC, 0xC1,
    0xBB, 0xFE, 0x09, 0x0F, 0x10, 0x12, 0x19, 0x0A, 0x00, 0x33, 0x33, 0x14, 0xF1, 0x0A, 0xE6, 0xC8,
    0xC8, 0xC8, 0xE6, 0x0A, 0xF1, 0x14, 0x33, 0x83, 0x80, 0x01, 0x00, 0x08, 0x00, 0x7D, 0x00, 0x00,
    0x00, 0x3F, 0xD9, 0xF1, 0x27, 0x0F, 0xFB, 0xF9, 0xF1, 0xEB, 0xEB, 0xEB, 0xF1, 0xF9, 0xFB, 0xFE,
    0x05, 0x0B, 0x0B, 0x0B, 0x05, 0xFE, 0xFB, 0xE6, 0xD2, 0xD2, 0xD2, 0xD2, 0xE6, 0xFB, 0x10, 0x23,
    0x23, 0x23, 0x23, 0x10, 0x05, 0x03, 0xFB, 0xF6, 0xF6, 0xF6, 0xFB, 0x03, 0x05, 0x08, 0x0F, 0x15,
    0x15, 0x15, 0x0F, 0x08, 0x05, 0xF0, 0xDC, 0xDC, 0xDC, 0xDC, 0xF0, 0x05, 0x1B, 0x2E, 0x2E, 0x2E,
    0x2E, 0x1B, 0x83, 0x85, 0x04, 0xFE, 0xFD, 0xFF, 0x03, 0x02, 0x82, 0x13, 0x02, 0x03, 0xFF, 0xFD,
    0xFE, 0x00, 0x20, 0x20, 0x0D, 0xFA, 0x05, 0xF3, 0xE0, 0xE0, 0xE0, 0xF3, 0x05, 0xFA, 0x0D, 0x20,
    0x81, 0x04, 0xFE, 0xFD, 0x00, 0x03, 0x02, 0x82, 0x13, 0x02, 0x03, 0x00, 0xFD, 0xFE, 0x00, 0x20,
    0x20, 0x0D, 0xFA, 0x05, 0xF3, 0xE0, 0xE0, 0xE0, 0xF3, 0x05, 0xFA, 0x0D, 0x20, 0x83, 0x80, 0x01,
    0x00, 0x08, 0x00, 0xB9, 0x00, 0x00, 0x00, 0x3F, 0xD9, 0xF1, 0x27, 0x0F, 0xFB, 0xF9, 0xF1, 0xEB,
    0xEB, 0xEB, 0xF1, 0xF9, 0xFB, 0xFE, 0x05, 0x0B, 0x0B, 0x0B, 0x05, 0xFE, 0xFB, 0xE6, 0xD2, 0xD2,
    0xD2, 0xD2, 0xE6, 0xFB, 0x10, 0x23, 0x23, 0x23, 0x23, 0x10, 0x05, 0x03, 0xFB, 0xF6, 0xF6, 0xF6,
    0xFB, 0x03, 0x05, 0x08, 0x0F, 0x15, 0x15, 0x15, 0x0F, 0x08, 0x05, 0xF0, 0xDC, 0xDC, 0xDC, 0xDC,
    0xF0, 0x05, 0x1B, 0x2E, 0x2E, 0x2E, 0x2E, 0x1B, 0x1D, 0x05, 0x03, 0xFC, 0xF6, 0xF6, 0xF6, 0xFC,
    0x03, 0x05, 0x08, 0x0F, 0x15, 0x15, 0x15, 0x0F, 0x08, 0x05, 0xF0, 0xDC, 0xDC, 0xDC, 0xDC, 0xF0,
    0x05, 0x1A, 0x2E, 0x2E, 0x2E, 0x2E, 0x1A, 0x83, 0x85, 0x04, 0xFE, 0xFD, 0xFF, 0x03, 0x02, 0x82,
    0x13, 0x02, 0x03, 0xFF, 0xFD, 0xFE, 0x00, 0x20, 0x20, 0x0D, 0xFA, 0x05, 0xF3, 0xE0, 0xE0, 0xE0,
    0xF3, 0x05, 0xFA, 0x0D, 0x20, 0x81, 0x04, 0xFE, 0xFD, 0x00, 0x03, 0x02, 0x82, 0x13, 0x02, 0x03,
    0x00, 0xFD, 0xFE, 0x00, 0x20, 0x20, 0x0D, 0xFA, 0x05, 0xF3, 0xE0, 0xE0, 0xE0, 0xF3, 0x05, 0xFA,
    0x0D, 0x20, 0x81, 0x04, 0xFE, 0xFD, 0x00, 0x03, 0x02, 0x82, 0x13, 0x02, 0x03, 0x00, 0xFD, 0xFE,
    0x00, 0x20, 0x20, 0x0D, 0xFA, 0x05, 0xF3, 0xE0, 0xE0, 0xE0, 0xF3, 0x05, 0xFA, 0x0D, 0x20, 0x83,
    0x80, 0x01, 0x00, 0x08, 0x00, 0x16, 0x00, 0x00, 0x00, 0x0B, 0xE9, 0xF1, 0xE9, 0x16, 0x0E, 0x16,
    0xFB, 0x03, 0xD1, 0x03, 0xFB, 0x30, 0x83, 0x85, 0x04, 0x3F, 0x3F, 0x00, 0xC0, 0xC0, 0x84, 0x00,
    0x80, 0x01, 0x00, 0x08, 0x00, 0x0A, 0x00, 0x00, 0x04, 0x03, 0x01, 0x02, 0x02, 0x02, 0x03, 0xDE,
    0x21, 0xDF, 0x22, 0x03, 0x0A, 0xE4, 0x0A, 0xE4, 0x80, 0x01, 0x00, 0x08, 0x00, 0x06, 0x00, 0x00,
    0x02, 0x01, 0x01, 0x02, 0x01, 0xDD, 0x23, 0x01, 0x0A, 0xE4, 0x80, 0x01, 0x00, 0x08, 0x00, 0x0C,
    0x00, 0x00, 0x00, 0x03, 0xE6, 0xD7, 0x2A, 0x19, 0x83, 0x00, 0xFD, 0x81, 0x00, 0xFD, 0x83, 0x00,
    0x80, 0x01, 0x00, 0x08, 0x00, 0x0C, 0x00, 0x00, 0x00, 0x03, 0xE7, 0xD6, 0x29, 0x1A, 0x83, 0x00,
    0xFD, 0x81, 0x00, 0xFD, 0x83, 0x00, 0x80, 0x01, 0x00, 0x08, 0x00, 0x14, 0x00, 0x00, 0x00, 0x07,
    0xD9, 0xC8, 0x17, 0x08, 0x01, 0xF0, 0x3F, 0x30, 0x83, 0x00, 0xFD, 0x81, 0x01, 0xFD, 0xFD, 0x81,
    0x00, 0xFD, 0x83, 0x00, 0x80, 0x01, 0x00, 0x08, 0x00, 0x07, 0x00, 0x00, 0x03, 0x02, 0x01, 0x01,
    0x01, 0x02, 0xE0, 0x18, 0x06, 0x81, 0x00, 0xFC, 0x80, 0x01, 0x00, 0x08, 0x00, 0x14, 0x00, 0x00,
    0x00, 0x07, 0xE2, 0xE3, 0x1D, 0x1E, 0xE7, 0x04, 0xFC, 0x19, 0x83, 0x00, 0xFD, 0x81, 0x04, 0xFD,
    0xFD, 0xD8, 0xD8, 0xFD, 0x83, 0x00, 0x80, 0x01, 0x00, 0x08, 0x00, 0x13, 0x00, 0x00, 0x00, 0x07,
    0x1E, 0x1D, 0xE3, 0xE2, 0x19, 0xFC, 0x04, 0xE7, 0x83, 0x80, 0x01, 0xFD, 0xFD, 0x81, 0x01, 0x24,
    0x24, 0x84, 0x80, 0x01, 0x00, 0x08, 0x00, 0x16, 0x00, 0x00, 0x0A, 0x09, 0x01, 0x01, 0x01, 0x03,
    0x01, 0x02, 0x01, 0x03, 0x01, 0x01, 0x09, 0xF7, 0xEA, 0xE8, 0x23, 0x12, 0xEF, 0xDD, 0x18, 0x16,
    0x09, 0x09, 0xFD, 0xFE, 0x00, 0x11, 0x22, 0x22, 0x11, 0x00, 0xFE, 0xFD, 0x80, 0x01, 0x00, 0x08,
    0x00, 0x1E, 0x00, 0x00, 0x0E, 0x0D, 0x00, 0x02, 0x01, 0x03, 0x01, 0x02, 0x01, 0x01, 0x02, 0x01,
    0x01, 0x03, 0x01, 0x01, 0x80, 0x0C, 0xEF, 0xEF, 0x00, 0x07, 0x11, 0x11, 0x07, 0xF7, 0xF7, 0xF7,
    0x09, 0x09, 0x09, 0x0D, 0xFD, 0x01, 0x06, 0x0F, 0x0F, 0x06, 0x01, 0xFD, 0x0F, 0x05, 0x06, 0xFD,
    0x06, 0x05, 0x80, 0x01, 0x00, 0x08, 0x00, 0x22, 0x00, 0x00, 0x10, 0x0F, 0x00, 0x01, 0x02, 0x01,
    0x01, 0x02, 0x02, 0x01, 0x03, 0x01, 0x02, 0x01, 0x01, 0x02, 0x02, 0x01, 0x0F, 0x03, 0x03, 0xFD,
    0xFF, 0x06, 0x14, 0xE4, 0xE4, 0xFD, 0xFD, 0x03, 0x00, 0xFA, 0xEC, 0x1C, 0x1C, 0x0F, 0xF8, 0xF8,
    0xE6, 0xDE, 0xDE, 0xEE, 0xFA, 0xF4, 0x08, 0x08, 0x1A, 0x22, 0x22, 0x13, 0x07, 0x0C, 0x80, 0x01,
    0x00, 0x08, 0x00, 0x06, 0x00, 0x00, 0x02, 0x01, 0x01, 0x02, 0x80, 0x00, 0x24, 0x01, 0x0E, 0xE8,
    0x80, 0x01, 0x00, 0x08, 0x00, 0x11, 0x00, 0x00, 0x00, 0x06, 0x16, 0x01, 0x23, 0x23, 0xDD, 0xDD,
    0xF5, 0x83, 0x80, 0x04, 0x16, 0x16, 0xFC, 0xFC, 0x16, 0x84, 0x80, 0x01, 0x00, 0x08, 0x00, 0x11,
    0x00, 0x00, 0x00, 0x06, 0x25, 0x3A, 0x18, 0x18, 0x5E, 0x5E, 0x46, 0x83, 0x80, 0x04, 0xEA, 0xEA,
    0x04, 0x04, 0xEA, 0x84, 0x80, 0x01, 0x00, 0x08, 0x00, 0x16, 0x00, 0x00, 0x0A, 0x09, 0x01, 0x01,
    0x03, 0x01, 0x02, 0x02, 0x01, 0x01, 0x02, 0x02, 0x09, 0xE7, 0xDA, 0xD4, 0xDA, 0xE3, 0x1D, 0x05,
    0xFF, 0x10, 0xFB, 0x09, 0x18, 0x18, 0x0E, 0x0E, 0x00, 0x03, 0x04, 0x04, 0xFE, 0xF6, 0x80, 0x01,
    0x00, 0x08, 0x00, 0x1E, 0x00, 0x00, 0x00, 0x0C, 0xE7, 0xDE, 0xDE, 0xDE, 0xE3, 0xE6, 0xE6, 0x00,
    0x0C, 0x12, 0x12, 0x12, 0x0C, 0x85, 0x81, 0x0B, 0x06, 0x09, 0x00, 0xF8, 0x04, 0x00, 0x0C, 0x19,
    0x1C, 0x22, 0x22, 0x22, 0x84, 0x00, 0x80, 0x01, 0x00, 0x08, 0x00, 0x07, 0x00, 0x00, 0x03, 0x02,
    0x01, 0x01, 0x01, 0x02, 0xF4, 0x2C, 0x1A, 0x81, 0x00, 0xFC, 0x80, 0x01, 0x00, 0x08, 0x00, 0x04,
    0x00, 0x00, 0x00, 0x00, 0xEE, 0x83, 0x84, 0x00, 0x80, 0x01, 0x00, 0x08, 0x00, 0x0A, 0x00, 0x00,
    0x04, 0x03, 0x01, 0x02, 0x02, 0x02, 0x03, 0xD7, 0x14, 0xEC, 0x29, 0x03, 0x0A, 0xE4, 0x0A, 0xE4,
    0x80, 0x01, 0x00, 0x08, 0x00, 0x06, 0x00, 0x00, 0x02, 0x01, 0x01, 0x02, 0x01, 0xF8, 0x2C, 0x01,
    0x0E, 0xE8, 0x80, 0x01, 0x00, 0x08, 0x00, 0x05, 0x00, 0x00, 0x00, 0x01, 0xE8, 0x18, 0x83, 0x85,
    0x80, 0x01, 0x00, 0x08, 0x00, 0x16, 0x00, 0x00, 0x0A, 0x09, 0x01, 0x01, 0x01, 0x03, 0x01, 0x02,
    0x01, 0x03, 0x01, 0x01, 0x09, 0xF7, 0xEA, 0xE8, 0x23, 0x12, 0xEF, 0xDD, 0x18, 0x16, 0x09, 0x09,
    0xFD, 0xFE, 0x00, 0x11, 0x22, 0x22, 0x11, 0x00, 0xFE, 0xFD, 0x80, 0x01, 0x00, 0x08, 0x00, 0x06,
    0x00, 0x00, 0x02, 0x01, 0x01, 0x02, 0x01, 0xDE, 0x22, 0x01, 0x09, 0xDF,
};
inline constexpr std::size_t kMozillaTextSize = sizeof(kMozillaText);
}
